{"Class Images": {"_type": "image-file", "sha256": "4696b385407ad6b0987fd583123687b0212d8d8eba296b2ed88cbba28c3103d6", "size": 32748, "path": "media/images/Class Images_0_4696b385407ad6b0987f.png", "format": "png", "width": 1500, "height": 600}, "_timestamp": 1716197798.824372, "_runtime": 35.293315172195435, "_step": 5, "train_loss": 0.1494142749321733, "val_loss": 0.10389122177264908, "train_acc": 0.7112222222222222, "val_acc": 0.7065, "_wandb": {"runtime": 34}}