{"Class Images": {"_type": "image-file", "sha256": "4696b385407ad6b0987fd583123687b0212d8d8eba296b2ed88cbba28c3103d6", "size": 32748, "path": "media/images/Class Images_0_4696b385407ad6b0987f.png", "format": "png", "width": 1500, "height": 600}, "_timestamp": 1716163557.6132135, "_runtime": 103.95797061920166, "_step": 10, "train_loss": 0.15439528547855214, "val_loss": 0.15517067818634417, "train_acc": 0.8149444444444445, "val_acc": 0.8103333333333333, "_wandb": {"runtime": 103}}