{"Class Images": {"_type": "image-file", "sha256": "4696b385407ad6b0987fd583123687b0212d8d8eba296b2ed88cbba28c3103d6", "size": 32748, "path": "media/images/Class Images_0_4696b385407ad6b0987f.png", "format": "png", "width": 1500, "height": 600}, "_timestamp": 1716128294.128895, "_runtime": 63.70342993736267, "_step": 5, "train_loss": 0.3477760962779485, "val_loss": 0.32822364533380133, "train_acc": 0.5869444444444445, "val_acc": 0.6375, "_wandb": {"runtime": 62}}