{"Class Images": {"_type": "image-file", "sha256": "4696b385407ad6b0987fd583123687b0212d8d8eba296b2ed88cbba28c3103d6", "size": 32748, "path": "media/images/Class Images_0_4696b385407ad6b0987f.png", "format": "png", "width": 1500, "height": 600}, "_timestamp": 1716186120.0384452, "_runtime": 61.97418713569641, "_step": 5, "train_loss": 2.8424109222335505, "val_loss": 2.471294047870238, "train_acc": 0.6366666666666667, "val_acc": 0.6325, "_wandb": {"runtime": 61}}