{"Class Images": {"_type": "image-file", "sha256": "4696b385407ad6b0987fd583123687b0212d8d8eba296b2ed88cbba28c3103d6", "size": 32748, "path": "media/images/Class Images_0_4696b385407ad6b0987f.png", "format": "png", "width": 1500, "height": 600}, "_timestamp": 1716142291.725983, "_runtime": 65.66658592224121, "_step": 5, "train_loss": -0.2084333768654901, "val_loss": -0.23193343794228735, "train_acc": 0.8148888888888889, "val_acc": 0.8091666666666667, "_wandb": {"runtime": 64}}