{"Class Images": {"_type": "image-file", "sha256": "4696b385407ad6b0987fd583123687b0212d8d8eba296b2ed88cbba28c3103d6", "size": 32748, "path": "media/images/Class Images_0_4696b385407ad6b0987f.png", "format": "png", "width": 1500, "height": 600}, "_timestamp": 1716172974.3371072, "_runtime": 113.69829416275024, "_step": 10, "train_loss": 0.4255122331381513, "val_loss": 0.6170610454169112, "train_acc": 0.6940925925925926, "val_acc": 0.5755, "_wandb": {"runtime": 112}}