{"Class Images": {"_type": "image-file", "sha256": "4696b385407ad6b0987fd583123687b0212d8d8eba296b2ed88cbba28c3103d6", "size": 32748, "path": "media/images/Class Images_0_4696b385407ad6b0987f.png", "format": "png", "width": 1500, "height": 600}, "_timestamp": 1716136742.1795125, "_runtime": 84.88763952255249, "_step": 10, "train_loss": -0.3744644900302577, "val_loss": -0.3704794920795537, "train_acc": 0.7316666666666667, "val_acc": 0.725, "_wandb": {"runtime": 84}}