{"Class Images": {"_type": "image-file", "sha256": "4696b385407ad6b0987fd583123687b0212d8d8eba296b2ed88cbba28c3103d6", "size": 32748, "path": "media/images/Class Images_0_4696b385407ad6b0987f.png", "format": "png", "width": 1500, "height": 600}, "_timestamp": 1716154099.6063557, "_runtime": 101.366703748703, "_step": 10, "train_loss": -0.021109377502606008, "val_loss": -0.023007470356288796, "train_acc": 0.6554629629629629, "val_acc": 0.6493333333333333, "_wandb": {"runtime": 100}}