{"Class Images": {"_type": "image-file", "sha256": "4696b385407ad6b0987fd583123687b0212d8d8eba296b2ed88cbba28c3103d6", "size": 32748, "path": "media/images/Class Images_0_4696b385407ad6b0987f.png", "format": "png", "width": 1500, "height": 600}, "_timestamp": 1716225541.0018682, "_runtime": 63.47759819030762, "_step": 10, "train_loss": 0.9632235182719046, "val_loss": 0.9083028197968763, "train_acc": 0.643074074074074, "val_acc": 0.6333333333333333, "_wandb": {"runtime": 62}}