{"Class Images": {"_type": "image-file", "sha256": "4696b385407ad6b0987fd583123687b0212d8d8eba296b2ed88cbba28c3103d6", "size": 32748, "path": "media/images/Class Images_0_4696b385407ad6b0987f.png", "format": "png", "width": 1500, "height": 600}, "_timestamp": 1716083740.314085, "_runtime": 112.96773409843445, "_step": 10, "train_loss": 0.3157715432947569, "val_loss": 0.3149561460680216, "train_acc": 0.17262962962962963, "val_acc": 0.1735, "_wandb": {"runtime": 112}}