{"Class Images": {"_type": "image-file", "sha256": "4696b385407ad6b0987fd583123687b0212d8d8eba296b2ed88cbba28c3103d6", "size": 32748, "path": "media/images/Class Images_0_4696b385407ad6b0987f.png", "format": "png", "width": 1500, "height": 600}, "_timestamp": 1716171272.059871, "_runtime": 106.66212797164917, "_step": 10, "train_loss": -0.13385054888391673, "val_loss": -0.22956844735401777, "train_acc": 0.29483333333333334, "val_acc": 0.352, "_wandb": {"runtime": 105}}