{"Class Images": {"_type": "image-file", "sha256": "4696b385407ad6b0987fd583123687b0212d8d8eba296b2ed88cbba28c3103d6", "size": 32748, "path": "media/images/Class Images_0_4696b385407ad6b0987f.png", "format": "png", "width": 1500, "height": 600}, "_timestamp": 1716107882.5498047, "_runtime": 122.32866072654724, "_step": 10, "train_loss": 7.739807859804302, "val_loss": 7.634045305821573, "train_acc": 0.6279259259259259, "val_acc": 0.6198333333333333, "_wandb": {"runtime": 121}}