{"Class Images": {"_type": "image-file", "sha256": "4696b385407ad6b0987fd583123687b0212d8d8eba296b2ed88cbba28c3103d6", "size": 32748, "path": "media/images/Class Images_0_4696b385407ad6b0987f.png", "format": "png", "width": 1500, "height": 600}, "_timestamp": 1716158601.295267, "_runtime": 114.58791303634644, "_step": 10, "train_loss": 0.26460603873538685, "val_loss": 0.26575261674240186, "train_acc": 0.11024074074074074, "val_acc": 0.10733333333333334, "_wandb": {"runtime": 113}}