{"Class Images": {"_type": "image-file", "sha256": "4696b385407ad6b0987fd583123687b0212d8d8eba296b2ed88cbba28c3103d6", "size": 32748, "path": "media/images/Class Images_0_4696b385407ad6b0987f.png", "format": "png", "width": 1500, "height": 600}, "_timestamp": 1716091232.8863995, "_runtime": 52.934696435928345, "_step": 5, "train_loss": 10.56125623441402, "val_loss": 10.560672418044533, "train_acc": 0.1177037037037037, "val_acc": 0.11916666666666667, "_wandb": {"runtime": 52}}