{"Class Images": {"_type": "image-file", "sha256": "4696b385407ad6b0987fd583123687b0212d8d8eba296b2ed88cbba28c3103d6", "size": 32748, "path": "media/images/Class Images_0_4696b385407ad6b0987f.png", "format": "png", "width": 1500, "height": 600}, "_timestamp": 1716134078.7741313, "_runtime": 52.37342119216919, "_step": 5, "train_loss": 0.7170913222250664, "val_loss": 0.7121475986136315, "train_acc": 0.37687037037037036, "val_acc": 0.37333333333333335, "_wandb": {"runtime": 51}}