{"Class Images": {"_type": "image-file", "sha256": "4696b385407ad6b0987fd583123687b0212d8d8eba296b2ed88cbba28c3103d6", "size": 32748, "path": "media/images/Class Images_0_4696b385407ad6b0987f.png", "format": "png", "width": 1500, "height": 600}, "_timestamp": 1716148287.4821594, "_runtime": 114.2052013874054, "_step": 10, "train_loss": 0.21706120846542107, "val_loss": 0.20042738759265893, "train_acc": 0.09964814814814815, "val_acc": 0.10316666666666667, "_wandb": {"runtime": 113}}