{"Class Images": {"_type": "image-file", "sha256": "4696b385407ad6b0987fd583123687b0212d8d8eba296b2ed88cbba28c3103d6", "size": 32748, "path": "media/images/Class Images_0_4696b385407ad6b0987f.png", "format": "png", "width": 1500, "height": 600}, "_timestamp": 1716128422.4277117, "_runtime": 101.40427875518799, "_step": 10, "train_loss": 119.94298805113151, "val_loss": 119.27550866690474, "train_acc": 0.3053148148148148, "val_acc": 0.32216666666666666, "_wandb": {"runtime": 100}}