{"Class Images": {"_type": "image-file", "sha256": "4696b385407ad6b0987fd583123687b0212d8d8eba296b2ed88cbba28c3103d6", "size": 32748, "path": "media/images/Class Images_0_4696b385407ad6b0987f.png", "format": "png", "width": 1500, "height": 600}, "_timestamp": 1716090291.1081457, "_runtime": 88.48196172714233, "_step": 10, "train_loss": 0.963896612760221, "val_loss": 0.9606623967882475, "train_acc": 0.109, "val_acc": 0.10366666666666667, "_wandb": {"runtime": 87}}