{"Class Images": {"_type": "image-file", "sha256": "4696b385407ad6b0987fd583123687b0212d8d8eba296b2ed88cbba28c3103d6", "size": 32748, "path": "media/images/Class Images_0_4696b385407ad6b0987f.png", "format": "png", "width": 1500, "height": 600}, "_timestamp": 1716216435.775097, "_runtime": 208.19686484336853, "_step": 10, "train_loss": -0.46750169073288284, "val_loss": -0.467710059940445, "train_acc": 0.7200740740740741, "val_acc": 0.7148333333333333, "_wandb": {"runtime": 207}}