{"Class Images": {"_type": "image-file", "sha256": "4696b385407ad6b0987fd583123687b0212d8d8eba296b2ed88cbba28c3103d6", "size": 32748, "path": "media/images/Class Images_0_4696b385407ad6b0987f.png", "format": "png", "width": 1500, "height": 600}, "_timestamp": 1716173313.4651878, "_runtime": 92.1568648815155, "_step": 10, "train_loss": 2.58002891907672, "val_loss": 2.4119313801235216, "train_acc": 0.6298888888888889, "val_acc": 0.6223333333333333, "_wandb": {"runtime": 91}}