{"Class Images": {"_type": "image-file", "sha256": "4696b385407ad6b0987fd583123687b0212d8d8eba296b2ed88cbba28c3103d6", "size": 32748, "path": "media/images/Class Images_0_4696b385407ad6b0987f.png", "format": "png", "width": 1500, "height": 600}, "_timestamp": 1716135566.9827046, "_runtime": 154.47300958633423, "_step": 10, "train_loss": 0.10640883669658621, "val_loss": 0.1076424401157167, "train_acc": 0.7918333333333333, "val_acc": 0.7821666666666667, "_wandb": {"runtime": 153}}