{"Class Images": {"_type": "image-file", "sha256": "4696b385407ad6b0987fd583123687b0212d8d8eba296b2ed88cbba28c3103d6", "size": 32748, "path": "media/images/Class Images_0_4696b385407ad6b0987f.png", "format": "png", "width": 1500, "height": 600}, "_timestamp": 1716187160.4513986, "_runtime": 177.69177150726318, "_step": 10, "train_loss": -0.32142211125629505, "val_loss": -0.3209924238807825, "train_acc": 0.7792962962962963, "val_acc": 0.7735, "_wandb": {"runtime": 176}}