{"Class Images": {"_type": "image-file", "sha256": "4696b385407ad6b0987fd583123687b0212d8d8eba296b2ed88cbba28c3103d6", "size": 32748, "path": "media/images/Class Images_0_4696b385407ad6b0987f.png", "format": "png", "width": 1500, "height": 600}, "_timestamp": 1716198475.92936, "_runtime": 45.098002910614014, "_step": 5, "train_loss": 2.0975047853665094, "val_loss": 2.0059776434895342, "train_acc": 0.6818518518518518, "val_acc": 0.676, "_wandb": {"runtime": 44}}