{"Class Images": {"_type": "image-file", "sha256": "4696b385407ad6b0987fd583123687b0212d8d8eba296b2ed88cbba28c3103d6", "size": 32748, "path": "media/images/Class Images_0_4696b385407ad6b0987f.png", "format": "png", "width": 1500, "height": 600}, "_timestamp": 1716150439.0245357, "_runtime": 57.63243865966797, "_step": 5, "train_loss": 9.805355283452291, "val_loss": 9.699805013891597, "train_acc": 0.3953888888888889, "val_acc": 0.48883333333333334, "_wandb": {"runtime": 56}}