{"Class Images": {"_type": "image-file", "sha256": "4696b385407ad6b0987fd583123687b0212d8d8eba296b2ed88cbba28c3103d6", "size": 32748, "path": "media/images/Class Images_0_4696b385407ad6b0987f.png", "format": "png", "width": 1500, "height": 600}, "_timestamp": 1716125082.2319987, "_runtime": 60.391626596450806, "_step": 5, "train_loss": -0.1535694365780088, "val_loss": -0.14365108305409693, "train_acc": 0.4527777777777778, "val_acc": 0.4543333333333333, "_wandb": {"runtime": 59}}