{"Class Images": {"_type": "image-file", "sha256": "4696b385407ad6b0987fd583123687b0212d8d8eba296b2ed88cbba28c3103d6", "size": 32748, "path": "media/images/Class Images_0_4696b385407ad6b0987f.png", "format": "png", "width": 1500, "height": 600}, "_timestamp": 1716155559.9094534, "_runtime": 71.40124034881592, "_step": 10, "train_loss": 0.14399077942206384, "val_loss": 0.12751419171755993, "train_acc": 0.11614814814814815, "val_acc": 0.1205, "_wandb": {"runtime": 70}}