{"Class Images": {"_type": "image-file", "sha256": "4696b385407ad6b0987fd583123687b0212d8d8eba296b2ed88cbba28c3103d6", "size": 32748, "path": "media/images/Class Images_0_4696b385407ad6b0987f.png", "format": "png", "width": 1500, "height": 600}, "_timestamp": 1716114843.764845, "_runtime": 48.282285928726196, "_step": 5, "train_loss": 0.2661415868573806, "val_loss": 0.5168444076966835, "train_acc": 0.6534074074074074, "val_acc": 0.6276666666666667, "_wandb": {"runtime": 47}}