{"Class Images": {"_type": "image-file", "sha256": "4696b385407ad6b0987fd583123687b0212d8d8eba296b2ed88cbba28c3103d6", "size": 32748, "path": "media/images/Class Images_0_4696b385407ad6b0987f.png", "format": "png", "width": 1500, "height": 600}, "_timestamp": 1716088112.80306, "_runtime": 85.208811044693, "_step": 10, "train_loss": 53.53837510008138, "val_loss": 53.53181717775629, "train_acc": 0.09616666666666666, "val_acc": 0.098, "_wandb": {"runtime": 84}}