{"Class Images": {"_type": "image-file", "sha256": "4696b385407ad6b0987fd583123687b0212d8d8eba296b2ed88cbba28c3103d6", "size": 32748, "path": "media/images/Class Images_0_4696b385407ad6b0987f.png", "format": "png", "width": 1500, "height": 600}, "_timestamp": 1716109428.11264, "_runtime": 78.36217284202576, "_step": 10, "train_loss": 0.4218926846365299, "val_loss": 0.3667056498283327, "train_acc": 0.10696296296296297, "val_acc": 0.10933333333333334, "_wandb": {"runtime": 77}}