{"Class Images": {"_type": "image-file", "sha256": "4696b385407ad6b0987fd583123687b0212d8d8eba296b2ed88cbba28c3103d6", "size": 32748, "path": "media/images/Class Images_0_4696b385407ad6b0987f.png", "format": "png", "width": 1500, "height": 600}, "_timestamp": 1716126903.5719037, "_runtime": 63.02162265777588, "_step": 5, "train_loss": 5.7634920563820495, "val_loss": 5.448243330934578, "train_acc": 0.5343888888888889, "val_acc": 0.5281666666666667, "_wandb": {"runtime": 62}}