{"Class Images": {"_type": "image-file", "sha256": "4696b385407ad6b0987fd583123687b0212d8d8eba296b2ed88cbba28c3103d6", "size": 32748, "path": "media/images/Class Images_0_4696b385407ad6b0987f.png", "format": "png", "width": 1500, "height": 600}, "_timestamp": 1716185532.1378284, "_runtime": 79.60391426086426, "_step": 10, "train_loss": 0.22073298502775343, "val_loss": 0.20932952882473807, "train_acc": 0.21325925925925926, "val_acc": 0.172, "_wandb": {"runtime": 78}}