{"Class Images": {"_type": "image-file", "sha256": "4696b385407ad6b0987fd583123687b0212d8d8eba296b2ed88cbba28c3103d6", "size": 32748, "path": "media/images/Class Images_0_4696b385407ad6b0987f.png", "format": "png", "width": 1500, "height": 600}, "_timestamp": 1716179943.0286324, "_runtime": 154.21159839630127, "_step": 10, "train_loss": -0.06325490835831729, "val_loss": -0.07919163665134403, "train_acc": 0.10092592592592593, "val_acc": 0.09166666666666666, "_wandb": {"runtime": 153}}