{"Class Images": {"_type": "image-file", "sha256": "4696b385407ad6b0987fd583123687b0212d8d8eba296b2ed88cbba28c3103d6", "size": 32748, "path": "media/images/Class Images_0_4696b385407ad6b0987f.png", "format": "png", "width": 1500, "height": 600}, "_timestamp": 1716219507.215282, "_runtime": 192.44194507598877, "_step": 10, "train_loss": 0.6011962721410626, "val_loss": 0.48430605006547756, "train_acc": 0.48424074074074075, "val_acc": 0.4965, "_wandb": {"runtime": 191}}