{"Class Images": {"_type": "image-file", "sha256": "4696b385407ad6b0987fd583123687b0212d8d8eba296b2ed88cbba28c3103d6", "size": 32748, "path": "media/images/Class Images_0_4696b385407ad6b0987f.png", "format": "png", "width": 1500, "height": 600}, "_timestamp": 1716128099.1957548, "_runtime": 135.41664171218872, "_step": 10, "train_loss": -0.5513017292341296, "val_loss": -0.5529951986111666, "train_acc": 0.7953148148148148, "val_acc": 0.79, "_wandb": {"runtime": 134}}