{"Class Images": {"_type": "image-file", "sha256": "4696b385407ad6b0987fd583123687b0212d8d8eba296b2ed88cbba28c3103d6", "size": 32748, "path": "media/images/Class Images_0_4696b385407ad6b0987f.png", "format": "png", "width": 1500, "height": 600}, "_timestamp": 1716150755.4390173, "_runtime": 101.3456392288208, "_step": 10, "train_loss": 10.350742862942166, "val_loss": 10.341332889367635, "train_acc": 0.35855555555555557, "val_acc": 0.3545, "_wandb": {"runtime": 100}}