{"Class Images": {"_type": "image-file", "sha256": "4696b385407ad6b0987fd583123687b0212d8d8eba296b2ed88cbba28c3103d6", "size": 32748, "path": "media/images/Class Images_0_4696b385407ad6b0987f.png", "format": "png", "width": 1500, "height": 600}, "_timestamp": 1716184080.2528899, "_runtime": 146.48832392692566, "_step": 10, "train_loss": 0.1053338071428998, "val_loss": 0.10887859474008124, "train_acc": 0.7475185185185185, "val_acc": 0.7335, "_wandb": {"runtime": 145}}