{"Class Images": {"_type": "image-file", "sha256": "4696b385407ad6b0987fd583123687b0212d8d8eba296b2ed88cbba28c3103d6", "size": 32748, "path": "media/images/Class Images_0_4696b385407ad6b0987f.png", "format": "png", "width": 1500, "height": 600}, "_timestamp": 1716211377.0956533, "_runtime": 49.39183020591736, "_step": 5, "train_loss": 5.246335783036265, "val_loss": 4.849485870460113, "train_acc": 0.6774259259259259, "val_acc": 0.7075, "_wandb": {"runtime": 48}}