{"Class Images": {"_type": "image-file", "sha256": "4696b385407ad6b0987fd583123687b0212d8d8eba296b2ed88cbba28c3103d6", "size": 32748, "path": "media/images/Class Images_0_4696b385407ad6b0987f.png", "format": "png", "width": 1500, "height": 600}, "_timestamp": 1716163234.9067488, "_runtime": 102.42136883735657, "_step": 10, "train_loss": 2.5622554374397746, "val_loss": 2.400063330832812, "train_acc": 0.6485185185185185, "val_acc": 0.6473333333333333, "_wandb": {"runtime": 101}}