{"Class Images": {"_type": "image-file", "sha256": "4696b385407ad6b0987fd583123687b0212d8d8eba296b2ed88cbba28c3103d6", "size": 32748, "path": "media/images/Class Images_0_4696b385407ad6b0987f.png", "format": "png", "width": 1500, "height": 600}, "_timestamp": 1716229735.1335409, "_runtime": 109.33704090118408, "_step": 10, "train_loss": 2.9056134743167634, "val_loss": 2.7550591311963997, "train_acc": 0.7155370370370371, "val_acc": 0.7083333333333334, "_wandb": {"runtime": 108}}