{"Class Images": {"_type": "image-file", "sha256": "4696b385407ad6b0987fd583123687b0212d8d8eba296b2ed88cbba28c3103d6", "size": 32748, "path": "media/images/Class Images_0_4696b385407ad6b0987f.png", "format": "png", "width": 1500, "height": 600}, "_timestamp": 1716096127.1133611, "_runtime": 97.12303304672241, "_step": 10, "train_loss": 8.921128801954707, "val_loss": 8.850905728345165, "train_acc": 0.6116111111111111, "val_acc": 0.6201666666666666, "_wandb": {"runtime": 96}}