{"Class Images": {"_type": "image-file", "sha256": "4696b385407ad6b0987fd583123687b0212d8d8eba296b2ed88cbba28c3103d6", "size": 32748, "path": "media/images/Class Images_0_4696b385407ad6b0987f.png", "format": "png", "width": 1500, "height": 600}, "_timestamp": 1716175154.9404838, "_runtime": 93.14360570907593, "_step": 10, "train_loss": -0.3523246343867592, "val_loss": -0.3504778427809547, "train_acc": 0.6242962962962963, "val_acc": 0.6163333333333333, "_wandb": {"runtime": 92}}