{"Class Images": {"_type": "image-file", "sha256": "4696b385407ad6b0987fd583123687b0212d8d8eba296b2ed88cbba28c3103d6", "size": 32748, "path": "media/images/Class Images_0_4696b385407ad6b0987f.png", "format": "png", "width": 1500, "height": 600}, "_timestamp": 1716121642.9506154, "_runtime": 57.38120746612549, "_step": 5, "train_loss": 0.9312043306417315, "val_loss": 0.9239688629188655, "train_acc": 0.12096296296296297, "val_acc": 0.1435, "_wandb": {"runtime": 56}}