{"Class Images": {"_type": "image-file", "sha256": "4696b385407ad6b0987fd583123687b0212d8d8eba296b2ed88cbba28c3103d6", "size": 32748, "path": "media/images/Class Images_0_4696b385407ad6b0987f.png", "format": "png", "width": 1500, "height": 600}, "_timestamp": 1716088331.799362, "_runtime": 78.25696897506714, "_step": 10, "train_loss": 0.03457242049567386, "val_loss": 0.03229761760454433, "train_acc": 0.1115, "val_acc": 0.112, "_wandb": {"runtime": 77}}