{"Class Images": {"_type": "image-file", "sha256": "4696b385407ad6b0987fd583123687b0212d8d8eba296b2ed88cbba28c3103d6", "size": 32748, "path": "media/images/Class Images_0_4696b385407ad6b0987f.png", "format": "png", "width": 1500, "height": 600}, "_timestamp": 1716184395.7440224, "_runtime": 55.020806312561035, "_step": 5, "train_loss": 0.98480628171404, "val_loss": 0.9839558854092977, "train_acc": 0.07138888888888889, "val_acc": 0.07683333333333334, "_wandb": {"runtime": 54}}