{"Class Images": {"_type": "image-file", "sha256": "4696b385407ad6b0987fd583123687b0212d8d8eba296b2ed88cbba28c3103d6", "size": 32748, "path": "media/images/Class Images_0_4696b385407ad6b0987f.png", "format": "png", "width": 1500, "height": 600}, "_timestamp": 1716146121.017057, "_runtime": 76.27176785469055, "_step": 10, "train_loss": 0.14716511284486508, "val_loss": 0.1438317902050423, "train_acc": 0.11966666666666667, "val_acc": 0.119, "_wandb": {"runtime": 75}}