{"Class Images": {"_type": "image-file", "sha256": "4696b385407ad6b0987fd583123687b0212d8d8eba296b2ed88cbba28c3103d6", "size": 32748, "path": "media/images/Class Images_0_4696b385407ad6b0987f.png", "format": "png", "width": 1500, "height": 600}, "_timestamp": 1716173527.4800706, "_runtime": 96.43400168418884, "_step": 10, "train_loss": 0.1602586151757628, "val_loss": 0.15678826748793162, "train_acc": 0.12342592592592593, "val_acc": 0.12183333333333334, "_wandb": {"runtime": 95}}