{"Class Images": {"_type": "image-file", "sha256": "4696b385407ad6b0987fd583123687b0212d8d8eba296b2ed88cbba28c3103d6", "size": 32748, "path": "media/images/Class Images_0_4696b385407ad6b0987f.png", "format": "png", "width": 1500, "height": 600}, "_timestamp": 1716158930.7788188, "_runtime": 108.62985491752625, "_step": 10, "train_loss": -0.6888358070049111, "val_loss": -0.6780753505988819, "train_acc": 0.744574074074074, "val_acc": 0.7323333333333333, "_wandb": {"runtime": 107}}