{"Class Images": {"_type": "image-file", "sha256": "4696b385407ad6b0987fd583123687b0212d8d8eba296b2ed88cbba28c3103d6", "size": 32748, "path": "media/images/Class Images_0_4696b385407ad6b0987f.png", "format": "png", "width": 1500, "height": 600}, "_timestamp": 1716210191.4718964, "_runtime": 116.69852638244629, "_step": 10, "train_loss": -0.7380799521768463, "val_loss": -0.7181514086795641, "train_acc": 0.8107407407407408, "val_acc": 0.7966666666666666, "_wandb": {"runtime": 115}}