{"Class Images": {"_type": "image-file", "sha256": "4696b385407ad6b0987fd583123687b0212d8d8eba296b2ed88cbba28c3103d6", "size": 32748, "path": "media/images/Class Images_0_4696b385407ad6b0987f.png", "format": "png", "width": 1500, "height": 600}, "_timestamp": 1716149501.3161697, "_runtime": 96.24255180358887, "_step": 10, "train_loss": 2.550231398154311, "val_loss": 2.3732345527813044, "train_acc": 0.6443518518518518, "val_acc": 0.6458333333333334, "_wandb": {"runtime": 95}}