{"Class Images": {"_type": "image-file", "sha256": "4696b385407ad6b0987fd583123687b0212d8d8eba296b2ed88cbba28c3103d6", "size": 32748, "path": "media/images/Class Images_0_4696b385407ad6b0987f.png", "format": "png", "width": 1500, "height": 600}, "_timestamp": 1716215649.2511554, "_runtime": 86.16300845146179, "_step": 10, "train_loss": -0.2479078108706423, "val_loss": -0.25554155301991516, "train_acc": 0.5535, "val_acc": 0.5508333333333333, "_wandb": {"runtime": 85}}