{"Class Images": {"_type": "image-file", "sha256": "4696b385407ad6b0987fd583123687b0212d8d8eba296b2ed88cbba28c3103d6", "size": 32748, "path": "media/images/Class Images_0_4696b385407ad6b0987f.png", "format": "png", "width": 1500, "height": 600}, "_timestamp": 1716150541.0489826, "_runtime": 74.67331671714783, "_step": 5, "train_loss": -0.07073409884149705, "val_loss": -0.08795117416125234, "train_acc": 0.7360185185185185, "val_acc": 0.7415, "_wandb": {"runtime": 73}}