{"Class Images": {"_type": "image-file", "sha256": "4696b385407ad6b0987fd583123687b0212d8d8eba296b2ed88cbba28c3103d6", "size": 32748, "path": "media/images/Class Images_0_4696b385407ad6b0987f.png", "format": "png", "width": 1500, "height": 600}, "_timestamp": 1716125862.2067358, "_runtime": 103.85979795455933, "_step": 10, "train_loss": 2.5169402711185684, "val_loss": 2.360557446966116, "train_acc": 0.7842777777777777, "val_acc": 0.7766666666666666, "_wandb": {"runtime": 103}}