{"Class Images": {"_type": "image-file", "sha256": "4696b385407ad6b0987fd583123687b0212d8d8eba296b2ed88cbba28c3103d6", "size": 32748, "path": "media/images/Class Images_0_4696b385407ad6b0987f.png", "format": "png", "width": 1500, "height": 600}, "_timestamp": 1716210321.6373086, "_runtime": 114.46741557121277, "_step": 10, "train_loss": 0.14107892951638487, "val_loss": 0.1395970861187427, "train_acc": 0.8058333333333333, "val_acc": 0.8031666666666667, "_wandb": {"runtime": 113}}