{"Class Images": {"_type": "image-file", "sha256": "4696b385407ad6b0987fd583123687b0212d8d8eba296b2ed88cbba28c3103d6", "size": 32748, "path": "media/images/Class Images_0_4696b385407ad6b0987f.png", "format": "png", "width": 1500, "height": 600}, "_timestamp": 1716223704.943732, "_runtime": 68.15045690536499, "_step": 10, "train_loss": -0.29798759312809253, "val_loss": -0.300715812465708, "train_acc": 0.7233333333333334, "val_acc": 0.7155, "_wandb": {"runtime": 67}}