{"Class Images": {"_type": "image-file", "sha256": "4696b385407ad6b0987fd583123687b0212d8d8eba296b2ed88cbba28c3103d6", "size": 32748, "path": "media/images/Class Images_0_4696b385407ad6b0987f.png", "format": "png", "width": 1500, "height": 600}, "_timestamp": 1716082143.15634, "_runtime": 130.13135600090027, "_step": 9, "train_loss": 0.09281517047016315, "val_loss": 0.6396587424833042, "train_acc": 0.12100118483412323, "val_acc": 0.14278590425531915, "_wandb": {"runtime": 129}}