{"Class Images": {"_type": "image-file", "sha256": "4696b385407ad6b0987fd583123687b0212d8d8eba296b2ed88cbba28c3103d6", "size": 32748, "path": "media/images/Class Images_0_4696b385407ad6b0987f.png", "format": "png", "width": 1500, "height": 600}, "_timestamp": 1716219879.7034366, "_runtime": 167.9240846633911, "_step": 10, "train_loss": -0.2653032526808912, "val_loss": -0.2647002336705485, "train_acc": 0.8096481481481481, "val_acc": 0.8011666666666667, "_wandb": {"runtime": 165}}