{"Class Images": {"_type": "image-file", "sha256": "4696b385407ad6b0987fd583123687b0212d8d8eba296b2ed88cbba28c3103d6", "size": 32748, "path": "media/images/Class Images_0_4696b385407ad6b0987f.png", "format": "png", "width": 1500, "height": 600}, "_timestamp": 1716160949.2388017, "_runtime": 85.90348768234253, "_step": 10, "train_loss": 2.8608318099021255, "val_loss": 2.825862593128335, "train_acc": 0.636462962962963, "val_acc": 0.626, "_wandb": {"runtime": 85}}