{"Class Images": {"_type": "image-file", "sha256": "4696b385407ad6b0987fd583123687b0212d8d8eba296b2ed88cbba28c3103d6", "size": 32748, "path": "media/images/Class Images_0_4696b385407ad6b0987f.png", "format": "png", "width": 1500, "height": 600}, "_timestamp": 1716110392.1735647, "_runtime": 70.67401957511902, "_step": 10, "train_loss": 2.96700351820369, "val_loss": 2.946025818581075, "train_acc": 0.45311111111111113, "val_acc": 0.44733333333333336, "_wandb": {"runtime": 69}}