{"Class Images": {"_type": "image-file", "sha256": "4696b385407ad6b0987fd583123687b0212d8d8eba296b2ed88cbba28c3103d6", "size": 32748, "path": "media/images/Class Images_0_4696b385407ad6b0987f.png", "format": "png", "width": 1500, "height": 600}, "_timestamp": 1716176603.7727087, "_runtime": 87.42744064331055, "_step": 10, "train_loss": 0.971648326815437, "val_loss": 0.9667767551590633, "train_acc": 0.10801851851851851, "val_acc": 0.10583333333333333, "_wandb": {"runtime": 86}}