{"Class Images": {"_type": "image-file", "sha256": "4696b385407ad6b0987fd583123687b0212d8d8eba296b2ed88cbba28c3103d6", "size": 32748, "path": "media/images/Class Images_0_4696b385407ad6b0987f.png", "format": "png", "width": 1500, "height": 600}, "_timestamp": 1716110471.6151662, "_runtime": 45.3004732131958, "_step": 5, "train_loss": 9.72111960750616, "val_loss": 9.634519423221352, "train_acc": 0.5024444444444445, "val_acc": 0.5185, "_wandb": {"runtime": 44}}