{"Class Images": {"_type": "image-file", "sha256": "4696b385407ad6b0987fd583123687b0212d8d8eba296b2ed88cbba28c3103d6", "size": 32748, "path": "media/images/Class Images_0_4696b385407ad6b0987f.png", "format": "png", "width": 1500, "height": 600}, "_timestamp": 1716165960.4660885, "_runtime": 109.21702861785889, "_step": 10, "train_loss": 0.18370120106874457, "val_loss": 0.17318778844592114, "train_acc": 0.11775925925925926, "val_acc": 0.11716666666666667, "_wandb": {"runtime": 108}}