{"Class Images": {"_type": "image-file", "sha256": "4696b385407ad6b0987fd583123687b0212d8d8eba296b2ed88cbba28c3103d6", "size": 32748, "path": "media/images/Class Images_0_4696b385407ad6b0987f.png", "format": "png", "width": 1500, "height": 600}, "_timestamp": 1716121157.9489908, "_runtime": 73.61833691596985, "_step": 10, "train_loss": 0.40839292583185116, "val_loss": 0.40564482350787967, "train_acc": 0.10566666666666667, "val_acc": 0.1055, "_wandb": {"runtime": 72}}