{"Class Images": {"_type": "image-file", "sha256": "4696b385407ad6b0987fd583123687b0212d8d8eba296b2ed88cbba28c3103d6", "size": 32748, "path": "media/images/Class Images_0_4696b385407ad6b0987f.png", "format": "png", "width": 1500, "height": 600}, "_timestamp": 1716120234.4598482, "_runtime": 52.683868169784546, "_step": 5, "train_loss": 10.612175593872324, "val_loss": 10.610637388512426, "train_acc": 0.09888888888888889, "val_acc": 0.09933333333333333, "_wandb": {"runtime": 51}}