{"Class Images": {"_type": "image-file", "sha256": "4696b385407ad6b0987fd583123687b0212d8d8eba296b2ed88cbba28c3103d6", "size": 32748, "path": "media/images/Class Images_0_4696b385407ad6b0987f.png", "format": "png", "width": 1500, "height": 600}, "_timestamp": 1716100695.1954978, "_runtime": 73.15325784683228, "_step": 10, "train_loss": 3.438070984371454, "val_loss": 3.418106067011659, "train_acc": 0.5407777777777778, "val_acc": 0.5293333333333333, "_wandb": {"runtime": 72}}