{"Class Images": {"_type": "image-file", "sha256": "4696b385407ad6b0987fd583123687b0212d8d8eba296b2ed88cbba28c3103d6", "size": 32748, "path": "media/images/Class Images_0_4696b385407ad6b0987f.png", "format": "png", "width": 1500, "height": 600}, "_timestamp": 1716085192.3820264, "_runtime": 161.00315046310425, "_step": 10, "train_loss": 8.324089834697634, "val_loss": 8.291567978739637, "train_acc": 0.306, "val_acc": 0.3428333333333333, "_wandb": {"runtime": 160}}