{"Class Images": {"_type": "image-file", "sha256": "4696b385407ad6b0987fd583123687b0212d8d8eba296b2ed88cbba28c3103d6", "size": 32748, "path": "media/images/Class Images_0_4696b385407ad6b0987f.png", "format": "png", "width": 1500, "height": 600}, "_timestamp": 1716223181.3780549, "_runtime": 62.340845823287964, "_step": 10, "train_loss": 0.061751253206989966, "val_loss": 0.046836396545279525, "train_acc": 0.5652777777777778, "val_acc": 0.5593333333333333, "_wandb": {"runtime": 61}}