{"Class Images": {"_type": "image-file", "sha256": "4696b385407ad6b0987fd583123687b0212d8d8eba296b2ed88cbba28c3103d6", "size": 32748, "path": "media/images/Class Images_0_4696b385407ad6b0987f.png", "format": "png", "width": 1500, "height": 600}, "_timestamp": 1716089014.378412, "_runtime": 152.2648959159851, "_step": 10, "train_loss": 0.01595580384553236, "val_loss": 0.1609768373367753, "train_acc": 0.2623888888888889, "val_acc": 0.14266666666666666, "_wandb": {"runtime": 151}}