{"Class Images": {"_type": "image-file", "sha256": "4696b385407ad6b0987fd583123687b0212d8d8eba296b2ed88cbba28c3103d6", "size": 32748, "path": "media/images/Class Images_0_4696b385407ad6b0987f.png", "format": "png", "width": 1500, "height": 600}, "_timestamp": 1716184792.8776233, "_runtime": 53.496848344802856, "_step": 5, "train_loss": 0.0906794406159307, "val_loss": 0.08450709470855747, "train_acc": 0.7773148148148148, "val_acc": 0.7766666666666666, "_wandb": {"runtime": 52}}