{"Class Images": {"_type": "image-file", "sha256": "4696b385407ad6b0987fd583123687b0212d8d8eba296b2ed88cbba28c3103d6", "size": 32748, "path": "media/images/Class Images_0_4696b385407ad6b0987f.png", "format": "png", "width": 1500, "height": 600}, "_timestamp": 1716208818.6716132, "_runtime": 80.53952217102051, "_step": 5, "train_loss": 3.366514608090368, "val_loss": 3.0456453608140355, "train_acc": 0.6254074074074074, "val_acc": 0.6183333333333333, "_wandb": {"runtime": 79}}