{"Class Images": {"_type": "image-file", "sha256": "4696b385407ad6b0987fd583123687b0212d8d8eba296b2ed88cbba28c3103d6", "size": 32748, "path": "media/images/Class Images_0_4696b385407ad6b0987f.png", "format": "png", "width": 1500, "height": 600}, "_timestamp": 1716179106.5256855, "_runtime": 40.96713161468506, "_step": 5, "train_loss": 1.913145185523616, "val_loss": 1.7734797146020125, "train_acc": 0.7223888888888889, "val_acc": 0.7203333333333334, "_wandb": {"runtime": 40}}