{"Class Images": {"_type": "image-file", "sha256": "4696b385407ad6b0987fd583123687b0212d8d8eba296b2ed88cbba28c3103d6", "size": 32748, "path": "media/images/Class Images_0_4696b385407ad6b0987f.png", "format": "png", "width": 1500, "height": 600}, "_timestamp": 1716188014.810301, "_runtime": 101.81880617141724, "_step": 10, "train_loss": 5.004996688621937, "val_loss": 4.930191473355593, "train_acc": 0.5563703703703704, "val_acc": 0.5448333333333333, "_wandb": {"runtime": 101}}