{"Class Images": {"_type": "image-file", "sha256": "4696b385407ad6b0987fd583123687b0212d8d8eba296b2ed88cbba28c3103d6", "size": 32748, "path": "media/images/Class Images_0_4696b385407ad6b0987f.png", "format": "png", "width": 1500, "height": 600}, "_timestamp": 1716125323.6279662, "_runtime": 93.67300319671631, "_step": 10, "train_loss": 0.9718279012166736, "val_loss": 0.9653724339360804, "train_acc": 0.10655555555555556, "val_acc": 0.105, "_wandb": {"runtime": 92}}