{"Class Images": {"_type": "image-file", "sha256": "4696b385407ad6b0987fd583123687b0212d8d8eba296b2ed88cbba28c3103d6", "size": 32748, "path": "media/images/Class Images_0_4696b385407ad6b0987f.png", "format": "png", "width": 1500, "height": 600}, "_timestamp": 1716084321.265362, "_runtime": 106.39216709136963, "_step": 5, "train_loss": 0.4904801921861778, "val_loss": 0.47299474848527734, "train_acc": 0.11725925925925926, "val_acc": 0.11466666666666667, "_wandb": {"runtime": 105}}