{"Class Images": {"_type": "image-file", "sha256": "4696b385407ad6b0987fd583123687b0212d8d8eba296b2ed88cbba28c3103d6", "size": 32748, "path": "media/images/Class Images_0_4696b385407ad6b0987f.png", "format": "png", "width": 1500, "height": 600}, "_timestamp": 1716103292.0866914, "_runtime": 46.7134804725647, "_step": 5, "train_loss": 5.246874687067945, "val_loss": 4.877460447840943, "train_acc": 0.7231296296296297, "val_acc": 0.7118333333333333, "_wandb": {"runtime": 45}}