{"Class Images": {"_type": "image-file", "sha256": "4696b385407ad6b0987fd583123687b0212d8d8eba296b2ed88cbba28c3103d6", "size": 32748, "path": "media/images/Class Images_0_4696b385407ad6b0987f.png", "format": "png", "width": 1500, "height": 600}, "_timestamp": 1716221282.2350926, "_runtime": 66.70604157447815, "_step": 5, "train_loss": 0.18164965733070956, "val_loss": 0.17711321853071393, "train_acc": 0.10005555555555555, "val_acc": 0.0995, "_wandb": {"runtime": 65}}