{"Class Images": {"_type": "image-file", "sha256": "4696b385407ad6b0987fd583123687b0212d8d8eba296b2ed88cbba28c3103d6", "size": 32748, "path": "media/images/Class Images_0_4696b385407ad6b0987f.png", "format": "png", "width": 1500, "height": 600}, "_timestamp": 1716098397.3820145, "_runtime": 95.19890642166138, "_step": 10, "train_loss": 10.425769863398516, "val_loss": 10.41305134391286, "train_acc": 0.24309259259259258, "val_acc": 0.24916666666666668, "_wandb": {"runtime": 94}}