{"Class Images": {"_type": "image-file", "sha256": "4696b385407ad6b0987fd583123687b0212d8d8eba296b2ed88cbba28c3103d6", "size": 32748, "path": "media/images/Class Images_0_4696b385407ad6b0987f.png", "format": "png", "width": 1500, "height": 600}, "_timestamp": 1716122706.1665215, "_runtime": 58.999550580978394, "_step": 5, "train_loss": 9.583419796409666, "val_loss": 9.497787762577955, "train_acc": 0.656, "val_acc": 0.6568333333333334, "_wandb": {"runtime": 58}}