{"Class Images": {"_type": "image-file", "sha256": "4696b385407ad6b0987fd583123687b0212d8d8eba296b2ed88cbba28c3103d6", "size": 32748, "path": "media/images/Class Images_0_4696b385407ad6b0987f.png", "format": "png", "width": 1500, "height": 600}, "_timestamp": 1716145416.9184113, "_runtime": 158.12364315986633, "_step": 10, "train_loss": -0.08161102485757478, "val_loss": -0.07963803204654668, "train_acc": 0.8085185185185185, "val_acc": 0.7973333333333333, "_wandb": {"runtime": 157}}