{"Class Images": {"_type": "image-file", "sha256": "4696b385407ad6b0987fd583123687b0212d8d8eba296b2ed88cbba28c3103d6", "size": 32748, "path": "media/images/Class Images_0_4696b385407ad6b0987f.png", "format": "png", "width": 1500, "height": 600}, "_timestamp": 1716124144.8818166, "_runtime": 44.36896562576294, "_step": 5, "train_loss": 10.558169784454929, "val_loss": 10.556270105126973, "train_acc": 0.18218518518518517, "val_acc": 0.19316666666666665, "_wandb": {"runtime": 43}}