{"Class Images": {"_type": "image-file", "sha256": "4696b385407ad6b0987fd583123687b0212d8d8eba296b2ed88cbba28c3103d6", "size": 32748, "path": "media/images/Class Images_0_4696b385407ad6b0987f.png", "format": "png", "width": 1500, "height": 600}, "_timestamp": 1716188631.8736598, "_runtime": 91.8420147895813, "_step": 10, "train_loss": -0.41053946826314974, "val_loss": -0.40460235688511487, "train_acc": 0.653962962962963, "val_acc": 0.6446666666666667, "_wandb": {"runtime": 91}}