{"Class Images": {"_type": "image-file", "sha256": "4696b385407ad6b0987fd583123687b0212d8d8eba296b2ed88cbba28c3103d6", "size": 32748, "path": "media/images/Class Images_0_4696b385407ad6b0987f.png", "format": "png", "width": 1500, "height": 600}, "_timestamp": 1716220252.571429, "_runtime": 167.98968410491943, "_step": 10, "train_loss": 0.11204057031472979, "val_loss": 0.11108578930646146, "train_acc": 0.7899259259259259, "val_acc": 0.78, "_wandb": {"runtime": 167}}