{"Class Images": {"_type": "image-file", "sha256": "4696b385407ad6b0987fd583123687b0212d8d8eba296b2ed88cbba28c3103d6", "size": 32748, "path": "media/images/Class Images_0_4696b385407ad6b0987f.png", "format": "png", "width": 1500, "height": 600}, "_timestamp": 1716175028.1123922, "_runtime": 104.1737892627716, "_step": 10, "train_loss": 0.20125892517136315, "val_loss": 0.19734024332859176, "train_acc": 0.11398148148148148, "val_acc": 0.11233333333333333, "_wandb": {"runtime": 103}}