{"Class Images": {"_type": "image-file", "sha256": "4696b385407ad6b0987fd583123687b0212d8d8eba296b2ed88cbba28c3103d6", "size": 32748, "path": "media/images/Class Images_0_4696b385407ad6b0987f.png", "format": "png", "width": 1500, "height": 600}, "_timestamp": 1716149383.1909285, "_runtime": 46.338993549346924, "_step": 5, "train_loss": 9.603137181402149, "val_loss": 9.526156070596791, "train_acc": 0.540425925925926, "val_acc": 0.5413333333333333, "_wandb": {"runtime": 45}}