{"Class Images": {"_type": "image-file", "sha256": "4696b385407ad6b0987fd583123687b0212d8d8eba296b2ed88cbba28c3103d6", "size": 32748, "path": "media/images/Class Images_0_4696b385407ad6b0987f.png", "format": "png", "width": 1500, "height": 600}, "_timestamp": 1716138235.6540163, "_runtime": 56.40097117424011, "_step": 5, "train_loss": 0.08638000237122573, "val_loss": 0.09400068915301477, "train_acc": 0.1102962962962963, "val_acc": 0.10566666666666667, "_wandb": {"runtime": 55}}