{"Class Images": {"_type": "image-file", "sha256": "4696b385407ad6b0987fd583123687b0212d8d8eba296b2ed88cbba28c3103d6", "size": 32748, "path": "media/images/Class Images_0_4696b385407ad6b0987f.png", "format": "png", "width": 1500, "height": 600}, "_timestamp": 1716118378.1235347, "_runtime": 121.99232769012451, "_step": 10, "train_loss": 7.775375243475395, "val_loss": 7.666626306440341, "train_acc": 0.6202037037037037, "val_acc": 0.6195, "_wandb": {"runtime": 121}}