{"Class Images": {"_type": "image-file", "sha256": "4696b385407ad6b0987fd583123687b0212d8d8eba296b2ed88cbba28c3103d6", "size": 32748, "path": "media/images/Class Images_0_4696b385407ad6b0987f.png", "format": "png", "width": 1500, "height": 600}, "_timestamp": 1716106573.4999735, "_runtime": 59.92854952812195, "_step": 5, "train_loss": 8.814874147184272, "val_loss": 8.796502245948904, "train_acc": 0.10464814814814814, "val_acc": 0.11866666666666667, "_wandb": {"runtime": 59}}