{"Class Images": {"_type": "image-file", "sha256": "4696b385407ad6b0987fd583123687b0212d8d8eba296b2ed88cbba28c3103d6", "size": 32748, "path": "media/images/Class Images_0_4696b385407ad6b0987f.png", "format": "png", "width": 1500, "height": 600}, "_timestamp": 1716139214.5435755, "_runtime": 49.43225860595703, "_step": 5, "train_loss": -0.047552498517497536, "val_loss": -0.08166437652195029, "train_acc": 0.3387222222222222, "val_acc": 0.3426666666666667, "_wandb": {"runtime": 48}}