{"Class Images": {"_type": "image-file", "sha256": "4696b385407ad6b0987fd583123687b0212d8d8eba296b2ed88cbba28c3103d6", "size": 32748, "path": "media/images/Class Images_0_4696b385407ad6b0987f.png", "format": "png", "width": 1500, "height": 600}, "_timestamp": 1716134213.0353982, "_runtime": 110.16521716117859, "_step": 10, "train_loss": 0.13992685166544838, "val_loss": 0.1402932110686536, "train_acc": 0.8071296296296296, "val_acc": 0.801, "_wandb": {"runtime": 109}}