{"Class Images": {"_type": "image-file", "sha256": "4696b385407ad6b0987fd583123687b0212d8d8eba296b2ed88cbba28c3103d6", "size": 32748, "path": "media/images/Class Images_0_4696b385407ad6b0987f.png", "format": "png", "width": 1500, "height": 600}, "_timestamp": 1716160601.9387114, "_runtime": 114.23555135726929, "_step": 10, "train_loss": 0.2220963446645091, "val_loss": 0.20604027257935512, "train_acc": 0.0997962962962963, "val_acc": 0.10183333333333333, "_wandb": {"runtime": 113}}