{"Class Images": {"_type": "image-file", "sha256": "4696b385407ad6b0987fd583123687b0212d8d8eba296b2ed88cbba28c3103d6", "size": 32748, "path": "media/images/Class Images_0_4696b385407ad6b0987f.png", "format": "png", "width": 1500, "height": 600}, "_timestamp": 1716099804.0160477, "_runtime": 79.25433874130249, "_step": 10, "train_loss": 0.11404443696838383, "val_loss": 0.2549075881142985, "train_acc": 0.2492962962962963, "val_acc": 0.105, "_wandb": {"runtime": 78}}