{"Class Images": {"_type": "image-file", "sha256": "4696b385407ad6b0987fd583123687b0212d8d8eba296b2ed88cbba28c3103d6", "size": 32748, "path": "media/images/Class Images_0_4696b385407ad6b0987f.png", "format": "png", "width": 1500, "height": 600}, "_timestamp": 1716105489.763613, "_runtime": 41.05299496650696, "_step": 5, "train_loss": 3.9651157680418314, "val_loss": 3.9251626011652228, "train_acc": 0.20885185185185184, "val_acc": 0.22333333333333333, "_wandb": {"runtime": 40}}