{"Class Images": {"_type": "image-file", "sha256": "4696b385407ad6b0987fd583123687b0212d8d8eba296b2ed88cbba28c3103d6", "size": 32748, "path": "media/images/Class Images_0_4696b385407ad6b0987f.png", "format": "png", "width": 1500, "height": 600}, "_timestamp": 1716164153.0597515, "_runtime": 94.72317957878113, "_step": 10, "train_loss": -0.0707994391712744, "val_loss": -0.06790079237374548, "train_acc": 0.6136666666666667, "val_acc": 0.6035, "_wandb": {"runtime": 93}}