{"Class Images": {"_type": "image-file", "sha256": "4696b385407ad6b0987fd583123687b0212d8d8eba296b2ed88cbba28c3103d6", "size": 32748, "path": "media/images/Class Images_0_4696b385407ad6b0987f.png", "format": "png", "width": 1500, "height": 600}, "_timestamp": 1716101080.8421803, "_runtime": 50.40381932258606, "_step": 5, "train_loss": 9.787808919748084, "val_loss": 9.708884043655411, "train_acc": 0.29838888888888887, "val_acc": 0.3545, "_wandb": {"runtime": 49}}