{"Class Images": {"_type": "image-file", "sha256": "4696b385407ad6b0987fd583123687b0212d8d8eba296b2ed88cbba28c3103d6", "size": 32748, "path": "media/images/Class Images_0_4696b385407ad6b0987f.png", "format": "png", "width": 1500, "height": 600}, "_timestamp": 1716193558.8838992, "_runtime": 158.7066822052002, "_step": 10, "train_loss": 1.6737760725949797, "val_loss": 1.524284378873828, "train_acc": 0.7143703703703703, "val_acc": 0.7025, "_wandb": {"runtime": 157}}