{"Class Images": {"_type": "image-file", "sha256": "4696b385407ad6b0987fd583123687b0212d8d8eba296b2ed88cbba28c3103d6", "size": 32748, "path": "media/images/Class Images_0_4696b385407ad6b0987f.png", "format": "png", "width": 1500, "height": 600}, "_timestamp": 1716216574.261153, "_runtime": 103.61726188659668, "_step": 10, "train_loss": 8.849026561811986, "val_loss": 8.796176215802058, "train_acc": 0.6385185185185185, "val_acc": 0.625, "_wandb": {"runtime": 102}}