{"Class Images": {"_type": "image-file", "sha256": "4696b385407ad6b0987fd583123687b0212d8d8eba296b2ed88cbba28c3103d6", "size": 32748, "path": "media/images/Class Images_0_4696b385407ad6b0987f.png", "format": "png", "width": 1500, "height": 600}, "_timestamp": 1716207348.9650424, "_runtime": 64.50249123573303, "_step": 5, "train_loss": 12.952770112320861, "val_loss": 12.918320016339232, "train_acc": 0.2562962962962963, "val_acc": 0.2735, "_wandb": {"runtime": 63}}