{"Class Images": {"_type": "image-file", "sha256": "4696b385407ad6b0987fd583123687b0212d8d8eba296b2ed88cbba28c3103d6", "size": 32748, "path": "media/images/Class Images_0_4696b385407ad6b0987f.png", "format": "png", "width": 1500, "height": 600}, "_timestamp": 1716206734.9798517, "_runtime": 110.5125617980957, "_step": 10, "train_loss": 0.3743651950473578, "val_loss": 0.5548355850315507, "train_acc": 0.629962962962963, "val_acc": 0.5763333333333334, "_wandb": {"runtime": 109}}