{"Class Images": {"_type": "image-file", "sha256": "4696b385407ad6b0987fd583123687b0212d8d8eba296b2ed88cbba28c3103d6", "size": 32748, "path": "media/images/Class Images_0_4696b385407ad6b0987f.png", "format": "png", "width": 1500, "height": 600}, "_timestamp": 1716194189.6633966, "_runtime": 84.48727464675903, "_step": 5, "train_loss": 8.664764377111071, "val_loss": 8.628016459898037, "train_acc": 0.2795, "val_acc": 0.27216666666666667, "_wandb": {"runtime": 83}}