{"Class Images": {"_type": "image-file", "sha256": "4696b385407ad6b0987fd583123687b0212d8d8eba296b2ed88cbba28c3103d6", "size": 32748, "path": "media/images/Class Images_0_4696b385407ad6b0987f.png", "format": "png", "width": 1500, "height": 600}, "_timestamp": 1716201439.2405205, "_runtime": 99.06670641899109, "_step": 10, "train_loss": 1.861162555991492, "val_loss": 1.7369596428864478, "train_acc": 0.7802222222222223, "val_acc": 0.7718333333333334, "_wandb": {"runtime": 98}}