{"Class Images": {"_type": "image-file", "sha256": "4696b385407ad6b0987fd583123687b0212d8d8eba296b2ed88cbba28c3103d6", "size": 32748, "path": "media/images/Class Images_0_4696b385407ad6b0987f.png", "format": "png", "width": 1500, "height": 600}, "_timestamp": 1716134752.2323153, "_runtime": 123.80027532577515, "_step": 10, "train_loss": -0.3488196543996561, "val_loss": -0.34463154791754586, "train_acc": 0.6389814814814815, "val_acc": 0.6266666666666667, "_wandb": {"runtime": 123}}