{"Class Images": {"_type": "image-file", "sha256": "4696b385407ad6b0987fd583123687b0212d8d8eba296b2ed88cbba28c3103d6", "size": 32748, "path": "media/images/Class Images_0_4696b385407ad6b0987f.png", "format": "png", "width": 1500, "height": 600}, "_timestamp": 1716200119.6221056, "_runtime": 110.02367353439331, "_step": 10, "train_loss": 0.047929993923980035, "val_loss": 0.04308330231719702, "train_acc": 0.6771481481481482, "val_acc": 0.6746666666666666, "_wandb": {"runtime": 109}}