{"Class Images": {"_type": "image-file", "sha256": "4696b385407ad6b0987fd583123687b0212d8d8eba296b2ed88cbba28c3103d6", "size": 32748, "path": "media/images/Class Images_0_4696b385407ad6b0987f.png", "format": "png", "width": 1500, "height": 600}, "_timestamp": 1716159648.8254104, "_runtime": 111.20563435554504, "_step": 10, "train_loss": -0.09117133806740309, "val_loss": -0.09123002993381066, "train_acc": 0.09924074074074074, "val_acc": 0.1045, "_wandb": {"runtime": 110}}