{"Class Images": {"_type": "image-file", "sha256": "4696b385407ad6b0987fd583123687b0212d8d8eba296b2ed88cbba28c3103d6", "size": 32748, "path": "media/images/Class Images_0_4696b385407ad6b0987f.png", "format": "png", "width": 1500, "height": 600}, "_timestamp": 1716230488.1893673, "_runtime": 52.428797245025635, "_step": 5, "train_loss": 11.302169861424158, "val_loss": 10.4854822913737, "train_acc": 0.5037407407407407, "val_acc": 0.5111666666666667, "_wandb": {"runtime": 51}}