{"Class Images": {"_type": "image-file", "sha256": "4696b385407ad6b0987fd583123687b0212d8d8eba296b2ed88cbba28c3103d6", "size": 32748, "path": "media/images/Class Images_0_4696b385407ad6b0987f.png", "format": "png", "width": 1500, "height": 600}, "_timestamp": 1716106658.099317, "_runtime": 64.60594916343689, "_step": 10, "train_loss": 3.5937853543557647, "val_loss": 3.587774271546619, "train_acc": 0.37457407407407406, "val_acc": 0.37416666666666665, "_wandb": {"runtime": 63}}