{"Class Images": {"_type": "image-file", "sha256": "4696b385407ad6b0987fd583123687b0212d8d8eba296b2ed88cbba28c3103d6", "size": 32748, "path": "media/images/Class Images_0_4696b385407ad6b0987f.png", "format": "png", "width": 1500, "height": 600}, "_timestamp": 1716225830.3570604, "_runtime": 57.48702836036682, "_step": 5, "train_loss": 5.945785460966555, "val_loss": 5.618552056091176, "train_acc": 0.5567592592592593, "val_acc": 0.546, "_wandb": {"runtime": 56}}