{"Class Images": {"_type": "image-file", "sha256": "4696b385407ad6b0987fd583123687b0212d8d8eba296b2ed88cbba28c3103d6", "size": 32748, "path": "media/images/Class Images_0_4696b385407ad6b0987f.png", "format": "png", "width": 1500, "height": 600}, "_timestamp": 1716148124.5905244, "_runtime": 141.1035144329071, "_step": 10, "train_loss": -0.1622089853902475, "val_loss": -0.16599161679103977, "train_acc": 0.7188333333333333, "val_acc": 0.7153333333333334, "_wandb": {"runtime": 140}}