{"Class Images": {"_type": "image-file", "sha256": "4696b385407ad6b0987fd583123687b0212d8d8eba296b2ed88cbba28c3103d6", "size": 32748, "path": "media/images/Class Images_0_4696b385407ad6b0987f.png", "format": "png", "width": 1500, "height": 600}, "_timestamp": 1716084183.9057121, "_runtime": 90.53372502326965, "_step": 10, "train_loss": 4.732530774507731, "val_loss": 4.726514448589262, "train_acc": 0.5115, "val_acc": 0.511, "_wandb": {"runtime": 89}}