{"Class Images": {"_type": "image-file", "sha256": "4696b385407ad6b0987fd583123687b0212d8d8eba296b2ed88cbba28c3103d6", "size": 32748, "path": "media/images/Class Images_0_4696b385407ad6b0987f.png", "format": "png", "width": 1500, "height": 600}, "_timestamp": 1716142554.2583125, "_runtime": 104.2444224357605, "_step": 10, "train_loss": 3.3573159776695576, "val_loss": 3.19646151042981, "train_acc": 0.6355740740740741, "val_acc": 0.6276666666666667, "_wandb": {"runtime": 103}}