{"Class Images": {"_type": "image-file", "sha256": "4696b385407ad6b0987fd583123687b0212d8d8eba296b2ed88cbba28c3103d6", "size": 32748, "path": "media/images/Class Images_0_4696b385407ad6b0987f.png", "format": "png", "width": 1500, "height": 600}, "_timestamp": 1716132020.6772246, "_runtime": 137.02704763412476, "_step": 10, "train_loss": 1.1256716737212966, "val_loss": 1.0346592942380608, "train_acc": 0.6436666666666667, "val_acc": 0.6291666666666667, "_wandb": {"runtime": 136}}