{"Class Images": {"_type": "image-file", "sha256": "4696b385407ad6b0987fd583123687b0212d8d8eba296b2ed88cbba28c3103d6", "size": 32748, "path": "media/images/Class Images_0_4696b385407ad6b0987f.png", "format": "png", "width": 1500, "height": 600}, "_timestamp": 1716136297.9470787, "_runtime": 222.14958572387695, "_step": 10, "train_loss": 110.45904693521825, "val_loss": 110.06107128337698, "train_acc": 0.2622962962962963, "val_acc": 0.24466666666666667, "_wandb": {"runtime": 221}}