{"Class Images": {"_type": "image-file", "sha256": "4696b385407ad6b0987fd583123687b0212d8d8eba296b2ed88cbba28c3103d6", "size": 32748, "path": "media/images/Class Images_0_4696b385407ad6b0987f.png", "format": "png", "width": 1500, "height": 600}, "_timestamp": 1716128550.1722069, "_runtime": 100.84429979324341, "_step": 10, "train_loss": 0.17241601561896214, "val_loss": 0.1701672382444817, "train_acc": 0.1162037037037037, "val_acc": 0.11466666666666667, "_wandb": {"runtime": 100}}