{"Class Images": {"_type": "image-file", "sha256": "4696b385407ad6b0987fd583123687b0212d8d8eba296b2ed88cbba28c3103d6", "size": 32748, "path": "media/images/Class Images_0_4696b385407ad6b0987f.png", "format": "png", "width": 1500, "height": 600}, "_timestamp": 1716084401.5132658, "_runtime": 51.29102373123169, "_step": 5, "train_loss": 2.179784603968462, "val_loss": 2.181903607781575, "train_acc": 0.11307407407407408, "val_acc": 0.11133333333333334, "_wandb": {"runtime": 50}}