{"Class Images": {"_type": "image-file", "sha256": "4696b385407ad6b0987fd583123687b0212d8d8eba296b2ed88cbba28c3103d6", "size": 32748, "path": "media/images/Class Images_0_4696b385407ad6b0987f.png", "format": "png", "width": 1500, "height": 600}, "_timestamp": 1716204165.9750435, "_runtime": 199.49030542373657, "_step": 10, "train_loss": -0.42941271589015906, "val_loss": -0.42498733249937953, "train_acc": 0.4814259259259259, "val_acc": 0.4741666666666667, "_wandb": {"runtime": 198}}