{"Class Images": {"_type": "image-file", "sha256": "4696b385407ad6b0987fd583123687b0212d8d8eba296b2ed88cbba28c3103d6", "size": 32748, "path": "media/images/Class Images_0_4696b385407ad6b0987f.png", "format": "png", "width": 1500, "height": 600}, "_timestamp": 1716214473.2932656, "_runtime": 99.74277353286743, "_step": 10, "train_loss": 0.818892877480739, "val_loss": 0.813159225372253, "train_acc": 0.30972222222222223, "val_acc": 0.313, "_wandb": {"runtime": 98}}