{"Class Images": {"_type": "image-file", "sha256": "4696b385407ad6b0987fd583123687b0212d8d8eba296b2ed88cbba28c3103d6", "size": 32748, "path": "media/images/Class Images_0_4696b385407ad6b0987f.png", "format": "png", "width": 1500, "height": 600}, "_timestamp": 1716123067.96878, "_runtime": 41.814614057540894, "_step": 5, "train_loss": 8.153981243867362, "val_loss": 8.063768617934054, "train_acc": 0.4085740740740741, "val_acc": 0.4771666666666667, "_wandb": {"runtime": 41}}