{"Class Images": {"_type": "image-file", "sha256": "4696b385407ad6b0987fd583123687b0212d8d8eba296b2ed88cbba28c3103d6", "size": 32748, "path": "media/images/Class Images_0_4696b385407ad6b0987f.png", "format": "png", "width": 1500, "height": 600}, "_timestamp": 1716178841.2719407, "_runtime": 101.9214026927948, "_step": 10, "train_loss": 0.7787700485782101, "val_loss": 0.7360266029427694, "train_acc": 0.7146296296296296, "val_acc": 0.7081666666666667, "_wandb": {"runtime": 100}}