{"Class Images": {"_type": "image-file", "sha256": "4696b385407ad6b0987fd583123687b0212d8d8eba296b2ed88cbba28c3103d6", "size": 32748, "path": "media/images/Class Images_0_4696b385407ad6b0987f.png", "format": "png", "width": 1500, "height": 600}, "_timestamp": 1716160421.559918, "_runtime": 90.07756900787354, "_step": 10, "train_loss": 1.2497479410342387, "val_loss": 1.1563805912503715, "train_acc": 0.7126666666666667, "val_acc": 0.7063333333333334, "_wandb": {"runtime": 89}}