{"Class Images": {"_type": "image-file", "sha256": "4696b385407ad6b0987fd583123687b0212d8d8eba296b2ed88cbba28c3103d6", "size": 32748, "path": "media/images/Class Images_0_4696b385407ad6b0987f.png", "format": "png", "width": 1500, "height": 600}, "_timestamp": 1716183906.9502733, "_runtime": 60.12519931793213, "_step": 5, "train_loss": 0.09872168125935588, "val_loss": 0.09123836306187234, "train_acc": 0.7770555555555556, "val_acc": 0.7746666666666666, "_wandb": {"runtime": 58}}