{"Class Images": {"_type": "image-file", "sha256": "4696b385407ad6b0987fd583123687b0212d8d8eba296b2ed88cbba28c3103d6", "size": 32748, "path": "media/images/Class Images_0_4696b385407ad6b0987f.png", "format": "png", "width": 1500, "height": 600}, "_timestamp": 1716136631.9379547, "_runtime": 113.28405857086182, "_step": 10, "train_loss": 0.7528196323839078, "val_loss": 0.6564431120796552, "train_acc": 0.7748888888888888, "val_acc": 0.7703333333333333, "_wandb": {"runtime": 112}}