{"Class Images": {"_type": "image-file", "sha256": "4696b385407ad6b0987fd583123687b0212d8d8eba296b2ed88cbba28c3103d6", "size": 32748, "path": "media/images/Class Images_0_4696b385407ad6b0987f.png", "format": "png", "width": 1500, "height": 600}, "_timestamp": 1716191393.9918036, "_runtime": 125.34819960594177, "_step": 10, "train_loss": 0.12748625411110281, "val_loss": 0.12720063096984952, "train_acc": 0.8081481481481482, "val_acc": 0.801, "_wandb": {"runtime": 124}}