{"Class Images": {"_type": "image-file", "sha256": "4696b385407ad6b0987fd583123687b0212d8d8eba296b2ed88cbba28c3103d6", "size": 32748, "path": "media/images/Class Images_0_4696b385407ad6b0987f.png", "format": "png", "width": 1500, "height": 600}, "_timestamp": 1716125643.493469, "_runtime": 158.78180408477783, "_step": 10, "train_loss": 5.900072606950567, "val_loss": 5.7358053948718215, "train_acc": 0.6399259259259259, "val_acc": 0.6316666666666667, "_wandb": {"runtime": 157}}