{"Class Images": {"_type": "image-file", "sha256": "4696b385407ad6b0987fd583123687b0212d8d8eba296b2ed88cbba28c3103d6", "size": 32748, "path": "media/images/Class Images_0_4696b385407ad6b0987f.png", "format": "png", "width": 1500, "height": 600}, "_timestamp": 1716192634.7684078, "_runtime": 66.70704174041748, "_step": 10, "train_loss": 1.288635205523915, "val_loss": 1.267361368436686, "train_acc": 0.516462962962963, "val_acc": 0.5198333333333334, "_wandb": {"runtime": 65}}