{"Class Images": {"_type": "image-file", "sha256": "4696b385407ad6b0987fd583123687b0212d8d8eba296b2ed88cbba28c3103d6", "size": 32748, "path": "media/images/Class Images_0_4696b385407ad6b0987f.png", "format": "png", "width": 1500, "height": 600}, "_timestamp": 1716109692.7307305, "_runtime": 105.06554961204529, "_step": 10, "train_loss": 0.3158719372540219, "val_loss": 0.23709517059625684, "train_acc": 0.7137962962962963, "val_acc": 0.707, "_wandb": {"runtime": 104}}