{"Class Images": {"_type": "image-file", "sha256": "4696b385407ad6b0987fd583123687b0212d8d8eba296b2ed88cbba28c3103d6", "size": 32748, "path": "media/images/Class Images_0_4696b385407ad6b0987f.png", "format": "png", "width": 1500, "height": 600}, "_timestamp": 1716110291.9118834, "_runtime": 67.51320838928223, "_step": 10, "train_loss": 0.6483123103655423, "val_loss": 0.607261717510897, "train_acc": 0.645, "val_acc": 0.6365, "_wandb": {"runtime": 66}}