{"Class Images": {"_type": "image-file", "sha256": "4696b385407ad6b0987fd583123687b0212d8d8eba296b2ed88cbba28c3103d6", "size": 32748, "path": "media/images/Class Images_0_4696b385407ad6b0987f.png", "format": "png", "width": 1500, "height": 600}, "_timestamp": 1716211177.4705384, "_runtime": 236.39044046401978, "_step": 10, "train_loss": -0.02452691918542847, "val_loss": -0.02950819277214144, "train_acc": 0.09748148148148149, "val_acc": 0.10133333333333333, "_wandb": {"runtime": 235}}