{"Class Images": {"_type": "image-file", "sha256": "4696b385407ad6b0987fd583123687b0212d8d8eba296b2ed88cbba28c3103d6", "size": 32748, "path": "media/images/Class Images_0_4696b385407ad6b0987f.png", "format": "png", "width": 1500, "height": 600}, "_timestamp": 1716164884.0682476, "_runtime": 112.55985856056213, "_step": 10, "train_loss": 0.7559622570491911, "val_loss": 0.7443517288128912, "train_acc": 0.10938888888888888, "val_acc": 0.10933333333333334, "_wandb": {"runtime": 111}}