{"Class Images": {"_type": "image-file", "sha256": "4696b385407ad6b0987fd583123687b0212d8d8eba296b2ed88cbba28c3103d6", "size": 32748, "path": "media/images/Class Images_0_4696b385407ad6b0987f.png", "format": "png", "width": 1500, "height": 600}, "_timestamp": 1716208065.643054, "_runtime": 94.48287010192871, "_step": 10, "train_loss": -0.49164867087462644, "val_loss": -0.4846243299547134, "train_acc": 0.6416481481481482, "val_acc": 0.6268333333333334, "_wandb": {"runtime": 93}}