{"Class Images": {"_type": "image-file", "sha256": "4696b385407ad6b0987fd583123687b0212d8d8eba296b2ed88cbba28c3103d6", "size": 32748, "path": "media/images/Class Images_0_4696b385407ad6b0987f.png", "format": "png", "width": 1500, "height": 600}, "_timestamp": 1716229494.3508914, "_runtime": 86.69355130195618, "_step": 10, "train_loss": 8.973102903245731, "val_loss": 8.905840081288808, "train_acc": 0.5813703703703703, "val_acc": 0.5956666666666667, "_wandb": {"runtime": 85}}