{"Class Images": {"_type": "image-file", "sha256": "4696b385407ad6b0987fd583123687b0212d8d8eba296b2ed88cbba28c3103d6", "size": 32748, "path": "media/images/Class Images_0_4696b385407ad6b0987f.png", "format": "png", "width": 1500, "height": 600}, "_timestamp": 1716101882.6312685, "_runtime": 218.20138454437256, "_step": 10, "train_loss": -0.002993345739130114, "val_loss": -0.0189089046270624, "train_acc": 0.09935185185185186, "val_acc": 0.09833333333333333, "_wandb": {"runtime": 217}}