{"Class Images": {"_type": "image-file", "sha256": "4696b385407ad6b0987fd583123687b0212d8d8eba296b2ed88cbba28c3103d6", "size": 32748, "path": "media/images/Class Images_0_4696b385407ad6b0987f.png", "format": "png", "width": 1500, "height": 600}, "_timestamp": 1716106770.7132084, "_runtime": 95.46511149406433, "_step": 10, "train_loss": 0.970109852016936, "val_loss": 0.9695335643290881, "train_acc": 0.10018518518518518, "val_acc": 0.09833333333333333, "_wandb": {"runtime": 94}}