{"Class Images": {"_type": "image-file", "sha256": "4696b385407ad6b0987fd583123687b0212d8d8eba296b2ed88cbba28c3103d6", "size": 32748, "path": "media/images/Class Images_0_4696b385407ad6b0987f.png", "format": "png", "width": 1500, "height": 600}, "_timestamp": 1716179044.4091969, "_runtime": 67.44421291351318, "_step": 5, "train_loss": -0.3503052663975537, "val_loss": -0.3420239969558195, "train_acc": 0.5542222222222222, "val_acc": 0.5458333333333333, "_wandb": {"runtime": 66}}