{"Class Images": {"_type": "image-file", "sha256": "4696b385407ad6b0987fd583123687b0212d8d8eba296b2ed88cbba28c3103d6", "size": 32748, "path": "media/images/Class Images_0_4696b385407ad6b0987f.png", "format": "png", "width": 1500, "height": 600}, "_timestamp": 1716155232.8689797, "_runtime": 97.56503462791443, "_step": 10, "train_loss": 1.6248453348943839, "val_loss": 1.5231453199415002, "train_acc": 0.4597962962962963, "val_acc": 0.4485, "_wandb": {"runtime": 96}}