{"Class Images": {"_type": "image-file", "sha256": "4696b385407ad6b0987fd583123687b0212d8d8eba296b2ed88cbba28c3103d6", "size": 32748, "path": "media/images/Class Images_0_4696b385407ad6b0987f.png", "format": "png", "width": 1500, "height": 600}, "_timestamp": 1716169693.8575087, "_runtime": 117.99797463417053, "_step": 10, "train_loss": -0.40765223666151823, "val_loss": -0.4097525716486417, "train_acc": 0.8194259259259259, "val_acc": 0.8058333333333333, "_wandb": {"runtime": 117}}