{"Class Images": {"_type": "image-file", "sha256": "4696b385407ad6b0987fd583123687b0212d8d8eba296b2ed88cbba28c3103d6", "size": 32748, "path": "media/images/Class Images_0_4696b385407ad6b0987f.png", "format": "png", "width": 1500, "height": 600}, "_timestamp": 1716211746.8654335, "_runtime": 96.24339056015015, "_step": 10, "train_loss": -0.37022417511780026, "val_loss": -0.3658010839098031, "train_acc": 0.700037037037037, "val_acc": 0.6903333333333334, "_wandb": {"runtime": 95}}