{"Class Images": {"_type": "image-file", "sha256": "4696b385407ad6b0987fd583123687b0212d8d8eba296b2ed88cbba28c3103d6", "size": 32748, "path": "media/images/Class Images_0_4696b385407ad6b0987f.png", "format": "png", "width": 1500, "height": 600}, "_timestamp": 1716210820.6719406, "_runtime": 101.88515758514404, "_step": 10, "train_loss": -0.11651637150261283, "val_loss": -0.1185122636987696, "train_acc": 0.731462962962963, "val_acc": 0.7275, "_wandb": {"runtime": 101}}