{"Class Images": {"_type": "image-file", "sha256": "4696b385407ad6b0987fd583123687b0212d8d8eba296b2ed88cbba28c3103d6", "size": 32748, "path": "media/images/Class Images_0_4696b385407ad6b0987f.png", "format": "png", "width": 1500, "height": 600}, "_timestamp": 1716189712.4096937, "_runtime": 97.98461079597473, "_step": 10, "train_loss": 0.06697663210603412, "val_loss": 0.06378286742343545, "train_acc": 0.7667222222222222, "val_acc": 0.7623333333333333, "_wandb": {"runtime": 97}}