{"Class Images": {"_type": "image-file", "sha256": "4696b385407ad6b0987fd583123687b0212d8d8eba296b2ed88cbba28c3103d6", "size": 32748, "path": "media/images/Class Images_0_4696b385407ad6b0987f.png", "format": "png", "width": 1500, "height": 600}, "_timestamp": 1716197605.8616693, "_runtime": 107.13701629638672, "_step": 10, "train_loss": -0.030442297526904402, "val_loss": -0.03137110769298729, "train_acc": 0.8267407407407408, "val_acc": 0.82, "_wandb": {"runtime": 106}}