{"Class Images": {"_type": "image-file", "sha256": "4696b385407ad6b0987fd583123687b0212d8d8eba296b2ed88cbba28c3103d6", "size": 32748, "path": "media/images/Class Images_0_4696b385407ad6b0987f.png", "format": "png", "width": 1500, "height": 600}, "_timestamp": 1716089749.689372, "_runtime": 89.20500206947327, "_step": 10, "train_loss": 7.384288035370617, "val_loss": 7.3303762921453455, "train_acc": 0.6207592592592592, "val_acc": 0.6128333333333333, "_wandb": {"runtime": 88}}