{"Class Images": {"_type": "image-file", "sha256": "4696b385407ad6b0987fd583123687b0212d8d8eba296b2ed88cbba28c3103d6", "size": 32748, "path": "media/images/Class Images_0_4696b385407ad6b0987f.png", "format": "png", "width": 1500, "height": 600}, "_timestamp": 1716206834.386206, "_runtime": 87.70131802558899, "_step": 10, "train_loss": 0.9876741647529999, "val_loss": 0.9863942319369597, "train_acc": 0.08762962962962963, "val_acc": 0.09133333333333334, "_wandb": {"runtime": 86}}