{"Class Images": {"_type": "image-file", "sha256": "4696b385407ad6b0987fd583123687b0212d8d8eba296b2ed88cbba28c3103d6", "size": 32748, "path": "media/images/Class Images_0_4696b385407ad6b0987f.png", "format": "png", "width": 1500, "height": 600}, "_timestamp": 1716119858.5636573, "_runtime": 65.49087238311768, "_step": 5, "train_loss": -0.07727496806759802, "val_loss": -0.08007112162110333, "train_acc": 0.10092592592592593, "val_acc": 0.09166666666666666, "_wandb": {"runtime": 64}}