{"Class Images": {"_type": "image-file", "sha256": "4696b385407ad6b0987fd583123687b0212d8d8eba296b2ed88cbba28c3103d6", "size": 32748, "path": "media/images/Class Images_0_4696b385407ad6b0987f.png", "format": "png", "width": 1500, "height": 600}, "_timestamp": 1716228225.6665473, "_runtime": 67.01724529266357, "_step": 10, "train_loss": 3.4410102867194916, "val_loss": 3.4087989567482504, "train_acc": 0.5600925925925926, "val_acc": 0.5651666666666667, "_wandb": {"runtime": 66}}