{"Class Images": {"_type": "image-file", "sha256": "4696b385407ad6b0987fd583123687b0212d8d8eba296b2ed88cbba28c3103d6", "size": 32748, "path": "media/images/Class Images_0_4696b385407ad6b0987f.png", "format": "png", "width": 1500, "height": 600}, "_timestamp": 1716147620.903484, "_runtime": 82.36129522323608, "_step": 10, "train_loss": -0.5645429269565079, "val_loss": -0.5567913396334565, "train_acc": 0.8665925925925926, "val_acc": 0.855, "_wandb": {"runtime": 81}}