{"Class Images": {"_type": "image-file", "sha256": "4696b385407ad6b0987fd583123687b0212d8d8eba296b2ed88cbba28c3103d6", "size": 32748, "path": "media/images/Class Images_0_4696b385407ad6b0987f.png", "format": "png", "width": 1500, "height": 600}, "_timestamp": 1716210058.3525906, "_runtime": 100.39057159423828, "_step": 10, "train_loss": 2.619744924437074, "val_loss": 2.4808808136509994, "train_acc": 0.6136481481481482, "val_acc": 0.6031666666666666, "_wandb": {"runtime": 99}}