{"Class Images": {"_type": "image-file", "sha256": "4696b385407ad6b0987fd583123687b0212d8d8eba296b2ed88cbba28c3103d6", "size": 32748, "path": "media/images/Class Images_0_4696b385407ad6b0987f.png", "format": "png", "width": 1500, "height": 600}, "_timestamp": 1716166572.8986945, "_runtime": 101.37562346458435, "_step": 10, "train_loss": 0.43066506745187366, "val_loss": 0.43100764142229037, "train_acc": 0.6859814814814815, "val_acc": 0.6836666666666666, "_wandb": {"runtime": 100}}