{"Class Images": {"_type": "image-file", "sha256": "4696b385407ad6b0987fd583123687b0212d8d8eba296b2ed88cbba28c3103d6", "size": 32748, "path": "media/images/Class Images_0_4696b385407ad6b0987f.png", "format": "png", "width": 1500, "height": 600}, "_timestamp": 1715975141.9747374, "_runtime": 4884.917722463608, "_step": 61, "train_loss": 3.8276713236034303, "val_loss": 3.842941961833697, "train_acc": 0.10105555555555555, "val_acc": 0.09166666666666666, "_wandb": {"runtime": 4917}}