{"Class Images": {"_type": "image-file", "sha256": "4696b385407ad6b0987fd583123687b0212d8d8eba296b2ed88cbba28c3103d6", "size": 32748, "path": "media/images/Class Images_0_4696b385407ad6b0987f.png", "format": "png", "width": 1500, "height": 600}, "_timestamp": 1716114462.185925, "_runtime": 109.89359211921692, "_step": 10, "train_loss": -0.2945739209324288, "val_loss": -0.29724611448596167, "train_acc": 0.5532037037037038, "val_acc": 0.5491666666666667, "_wandb": {"runtime": 109}}