{"Class Images": {"_type": "image-file", "sha256": "4696b385407ad6b0987fd583123687b0212d8d8eba296b2ed88cbba28c3103d6", "size": 32748, "path": "media/images/Class Images_0_4696b385407ad6b0987f.png", "format": "png", "width": 1500, "height": 600}, "_timestamp": 1716186402.0534081, "_runtime": 91.48896503448486, "_step": 10, "train_loss": 7.573760868276092, "val_loss": 7.51995027904854, "train_acc": 0.3851111111111111, "val_acc": 0.38233333333333336, "_wandb": {"runtime": 90}}