{"Class Images": {"_type": "image-file", "sha256": "4696b385407ad6b0987fd583123687b0212d8d8eba296b2ed88cbba28c3103d6", "size": 32748, "path": "media/images/Class Images_0_4696b385407ad6b0987f.png", "format": "png", "width": 1500, "height": 600}, "_timestamp": 1716145834.6666725, "_runtime": 122.18708443641663, "_step": 10, "train_loss": -0.1917344541918338, "val_loss": -0.18922620513945523, "train_acc": 0.7419629629629629, "val_acc": 0.7303333333333333, "_wandb": {"runtime": 121}}