{"Class Images": {"_type": "image-file", "sha256": "4696b385407ad6b0987fd583123687b0212d8d8eba296b2ed88cbba28c3103d6", "size": 32748, "path": "media/images/Class Images_0_4696b385407ad6b0987f.png", "format": "png", "width": 1500, "height": 600}, "_timestamp": 1716156421.3258033, "_runtime": 126.64222621917725, "_step": 10, "train_loss": -0.33215479092978695, "val_loss": -0.3401800685677822, "train_acc": 0.8668518518518519, "val_acc": 0.859, "_wandb": {"runtime": 125}}