{"Class Images": {"_type": "image-file", "sha256": "4696b385407ad6b0987fd583123687b0212d8d8eba296b2ed88cbba28c3103d6", "size": 32748, "path": "media/images/Class Images_0_4696b385407ad6b0987f.png", "format": "png", "width": 1500, "height": 600}, "_timestamp": 1716128716.2797556, "_runtime": 58.19416165351868, "_step": 5, "train_loss": 5.349005215540993, "val_loss": 4.95741940805451, "train_acc": 0.6482407407407408, "val_acc": 0.6531666666666667, "_wandb": {"runtime": 57}}