{"Class Images": {"_type": "image-file", "sha256": "4696b385407ad6b0987fd583123687b0212d8d8eba296b2ed88cbba28c3103d6", "size": 32748, "path": "media/images/Class Images_0_4696b385407ad6b0987f.png", "format": "png", "width": 1500, "height": 600}, "_timestamp": 1716157991.724062, "_runtime": 111.81359505653381, "_step": 10, "train_loss": -0.35143964034786407, "val_loss": -0.3652815938918589, "train_acc": 0.8643703703703703, "val_acc": 0.8625, "_wandb": {"runtime": 111}}