{"Class Images": {"_type": "image-file", "sha256": "4696b385407ad6b0987fd583123687b0212d8d8eba296b2ed88cbba28c3103d6", "size": 32748, "path": "media/images/Class Images_0_4696b385407ad6b0987f.png", "format": "png", "width": 1500, "height": 600}, "_timestamp": 1716197750.0116553, "_runtime": 82.69991326332092, "_step": 10, "train_loss": -0.5668382682061427, "val_loss": -0.5662417970614556, "train_acc": 0.8647777777777778, "val_acc": 0.8591666666666666, "_wandb": {"runtime": 81}}