{"Class Images": {"_type": "image-file", "sha256": "4696b385407ad6b0987fd583123687b0212d8d8eba296b2ed88cbba28c3103d6", "size": 32748, "path": "media/images/Class Images_0_4696b385407ad6b0987f.png", "format": "png", "width": 1500, "height": 600}, "_timestamp": 1716120402.0272517, "_runtime": 36.07554078102112, "_step": 5, "train_loss": 1.5213356244571068, "val_loss": 1.5083872250122843, "train_acc": 0.29503703703703704, "val_acc": 0.3011666666666667, "_wandb": {"runtime": 35}}