{"Class Images": {"_type": "image-file", "sha256": "4696b385407ad6b0987fd583123687b0212d8d8eba296b2ed88cbba28c3103d6", "size": 32748, "path": "media/images/Class Images_0_4696b385407ad6b0987f.png", "format": "png", "width": 1500, "height": 600}, "_timestamp": 1716097980.2946975, "_runtime": 124.83050656318665, "_step": 10, "train_loss": 0.7694714387970452, "val_loss": 0.6740745562256049, "train_acc": 0.6889444444444445, "val_acc": 0.6836666666666666, "_wandb": {"runtime": 123}}