{"Class Images": {"_type": "image-file", "sha256": "4696b385407ad6b0987fd583123687b0212d8d8eba296b2ed88cbba28c3103d6", "size": 32748, "path": "media/images/Class Images_0_4696b385407ad6b0987f.png", "format": "png", "width": 1500, "height": 600}, "_timestamp": 1716131120.6618178, "_runtime": 74.63192987442017, "_step": 5, "train_loss": 3.1592892175781038, "val_loss": 2.87321883946905, "train_acc": 0.5903518518518519, "val_acc": 0.589, "_wandb": {"runtime": 73}}