{"Class Images": {"_type": "image-file", "sha256": "4696b385407ad6b0987fd583123687b0212d8d8eba296b2ed88cbba28c3103d6", "size": 32748, "path": "media/images/Class Images_0_4696b385407ad6b0987f.png", "format": "png", "width": 1500, "height": 600}, "_timestamp": 1716155069.51341, "_runtime": 195.0234181880951, "_step": 10, "train_loss": -0.2636159541774995, "val_loss": -0.26473247793535576, "train_acc": 0.8097962962962963, "val_acc": 0.803, "_wandb": {"runtime": 194}}