{"Class Images": {"_type": "image-file", "sha256": "4696b385407ad6b0987fd583123687b0212d8d8eba296b2ed88cbba28c3103d6", "size": 32748, "path": "media/images/Class Images_0_4696b385407ad6b0987f.png", "format": "png", "width": 1500, "height": 600}, "_timestamp": 1716010005.1889055, "_runtime": 187.30600452423096, "_step": 2, "train_loss": 0.15354226372853713, "val_loss": 0, "train_acc": 0.09892592592592593, "val_acc": 0, "_wandb": {"runtime": 205}}