{"Class Images": {"_type": "image-file", "sha256": "4696b385407ad6b0987fd583123687b0212d8d8eba296b2ed88cbba28c3103d6", "size": 32748, "path": "media/images/Class Images_0_4696b385407ad6b0987f.png", "format": "png", "width": 1500, "height": 600}, "_timestamp": 1716183282.5689976, "_runtime": 76.81140565872192, "_step": 10, "train_loss": -0.29971989040126146, "val_loss": -0.2987479659520189, "train_acc": 0.7177037037037037, "val_acc": 0.7108333333333333, "_wandb": {"runtime": 76}}