{"Class Images": {"_type": "image-file", "sha256": "4696b385407ad6b0987fd583123687b0212d8d8eba296b2ed88cbba28c3103d6", "size": 32748, "path": "media/images/Class Images_0_4696b385407ad6b0987f.png", "format": "png", "width": 1500, "height": 600}, "_timestamp": 1716150227.9080427, "_runtime": 87.64049077033997, "_step": 10, "train_loss": 0.19234417492900582, "val_loss": 0.19356773727945084, "train_acc": 0.6102037037037037, "val_acc": 0.6041666666666666, "_wandb": {"runtime": 86}}