{"Class Images": {"_type": "image-file", "sha256": "4696b385407ad6b0987fd583123687b0212d8d8eba296b2ed88cbba28c3103d6", "size": 32748, "path": "media/images/Class Images_0_4696b385407ad6b0987f.png", "format": "png", "width": 1500, "height": 600}, "_timestamp": 1716190142.5160747, "_runtime": 180.234534740448, "_step": 10, "train_loss": 0.2494568513425166, "val_loss": 0.21397206851433964, "train_acc": 0.7525185185185185, "val_acc": 0.7475, "_wandb": {"runtime": 179}}