{"Class Images": {"_type": "image-file", "sha256": "4696b385407ad6b0987fd583123687b0212d8d8eba296b2ed88cbba28c3103d6", "size": 32748, "path": "media/images/Class Images_0_4696b385407ad6b0987f.png", "format": "png", "width": 1500, "height": 600}, "_timestamp": 1716145652.3898149, "_runtime": 55.45614695549011, "_step": 5, "train_loss": -0.2384227070657321, "val_loss": -0.24239769953618043, "train_acc": 0.6171111111111112, "val_acc": 0.6131666666666666, "_wandb": {"runtime": 54}}