{"Class Images": {"_type": "image-file", "sha256": "4696b385407ad6b0987fd583123687b0212d8d8eba296b2ed88cbba28c3103d6", "size": 32748, "path": "media/images/Class Images_0_4696b385407ad6b0987f.png", "format": "png", "width": 1500, "height": 600}, "_timestamp": 1716188901.6512976, "_runtime": 141.72841453552246, "_step": 10, "train_loss": -0.07575507460195044, "val_loss": -0.08252415822301692, "train_acc": 0.6299259259259259, "val_acc": 0.6293333333333333, "_wandb": {"runtime": 140}}