{"Class Images": {"_type": "image-file", "sha256": "4696b385407ad6b0987fd583123687b0212d8d8eba296b2ed88cbba28c3103d6", "size": 32748, "path": "media/images/Class Images_0_4696b385407ad6b0987f.png", "format": "png", "width": 1500, "height": 600}, "_timestamp": 1716157242.391373, "_runtime": 73.81857991218567, "_step": 10, "train_loss": 1.7000783120979246, "val_loss": 1.6464973076360798, "train_acc": 0.7140740740740741, "val_acc": 0.7115, "_wandb": {"runtime": 73}}