{"Class Images": {"_type": "image-file", "sha256": "4696b385407ad6b0987fd583123687b0212d8d8eba296b2ed88cbba28c3103d6", "size": 32748, "path": "media/images/Class Images_0_4696b385407ad6b0987f.png", "format": "png", "width": 1500, "height": 600}, "_timestamp": 1716164286.66744, "_runtime": 89.07228493690491, "_step": 5, "train_loss": 0.23055191076589165, "val_loss": 0.212203667767788, "train_acc": 0.7428333333333333, "val_acc": 0.7475, "_wandb": {"runtime": 88}}