{"Class Images": {"_type": "image-file", "sha256": "4696b385407ad6b0987fd583123687b0212d8d8eba296b2ed88cbba28c3103d6", "size": 32748, "path": "media/images/Class Images_0_4696b385407ad6b0987f.png", "format": "png", "width": 1500, "height": 600}, "_timestamp": 1716186953.2940054, "_runtime": 194.02948641777039, "_step": 10, "train_loss": -0.31974488220276687, "val_loss": -0.31331091003083905, "train_acc": 0.7423518518518518, "val_acc": 0.7291666666666666, "_wandb": {"runtime": 193}}