{"Class Images": {"_type": "image-file", "sha256": "4696b385407ad6b0987fd583123687b0212d8d8eba296b2ed88cbba28c3103d6", "size": 32748, "path": "media/images/Class Images_0_4696b385407ad6b0987f.png", "format": "png", "width": 1500, "height": 600}, "_timestamp": 1716105649.3451169, "_runtime": 110.54482793807983, "_step": 10, "train_loss": 8.858767833616062, "val_loss": 8.801508751781741, "train_acc": 0.6799074074074074, "val_acc": 0.6723333333333333, "_wandb": {"runtime": 109}}