{"Class Images": {"_type": "image-file", "sha256": "4696b385407ad6b0987fd583123687b0212d8d8eba296b2ed88cbba28c3103d6", "size": 32748, "path": "media/images/Class Images_0_4696b385407ad6b0987f.png", "format": "png", "width": 1500, "height": 600}, "_timestamp": 1716214117.2316017, "_runtime": 116.40770483016968, "_step": 10, "train_loss": -0.288041150398049, "val_loss": -0.29536828924430536, "train_acc": 0.6962592592592592, "val_acc": 0.693, "_wandb": {"runtime": 115}}