{"Class Images": {"_type": "image-file", "sha256": "4696b385407ad6b0987fd583123687b0212d8d8eba296b2ed88cbba28c3103d6", "size": 32748, "path": "media/images/Class Images_0_4696b385407ad6b0987f.png", "format": "png", "width": 1500, "height": 600}, "_timestamp": 1716181470.9367044, "_runtime": 125.46807050704956, "_step": 10, "train_loss": 0.5903457832213599, "val_loss": 0.5858782926187408, "train_acc": 0.4407962962962963, "val_acc": 0.43333333333333335, "_wandb": {"runtime": 124}}