{"Class Images": {"_type": "image-file", "sha256": "4696b385407ad6b0987fd583123687b0212d8d8eba296b2ed88cbba28c3103d6", "size": 32748, "path": "media/images/Class Images_0_4696b385407ad6b0987f.png", "format": "png", "width": 1500, "height": 600}, "_timestamp": 1716091772.998283, "_runtime": 59.62749981880188, "_step": 5, "train_loss": 0.2353137329765874, "val_loss": 0.23128164378272176, "train_acc": 0.7999814814814815, "val_acc": 0.7973333333333333, "_wandb": {"runtime": 58}}