{"Class Images": {"_type": "image-file", "sha256": "4696b385407ad6b0987fd583123687b0212d8d8eba296b2ed88cbba28c3103d6", "size": 32748, "path": "media/images/Class Images_0_4696b385407ad6b0987f.png", "format": "png", "width": 1500, "height": 600}, "_timestamp": 1716120156.7425454, "_runtime": 58.263020277023315, "_step": 5, "train_loss": 0.23701367627373526, "val_loss": 0.22668617403038746, "train_acc": 0.7187407407407408, "val_acc": 0.711, "_wandb": {"runtime": 57}}