{"Class Images": {"_type": "image-file", "sha256": "4696b385407ad6b0987fd583123687b0212d8d8eba296b2ed88cbba28c3103d6", "size": 32748, "path": "media/images/Class Images_0_4696b385407ad6b0987f.png", "format": "png", "width": 1500, "height": 600}, "_timestamp": 1716102587.9143457, "_runtime": 51.51972770690918, "_step": 5, "train_loss": 9.72497331636599, "val_loss": 9.651457982026031, "train_acc": 0.3955, "val_acc": 0.4083333333333333, "_wandb": {"runtime": 50}}