{"Class Images": {"_type": "image-file", "sha256": "4696b385407ad6b0987fd583123687b0212d8d8eba296b2ed88cbba28c3103d6", "size": 32748, "path": "media/images/Class Images_0_4696b385407ad6b0987f.png", "format": "png", "width": 1500, "height": 600}, "_timestamp": 1716151003.8526917, "_runtime": 73.64368867874146, "_step": 5, "train_loss": 2.7244146814747006, "val_loss": 2.3815600376050217, "train_acc": 0.777962962962963, "val_acc": 0.768, "_wandb": {"runtime": 72}}