{"Class Images": {"_type": "image-file", "sha256": "4696b385407ad6b0987fd583123687b0212d8d8eba296b2ed88cbba28c3103d6", "size": 32748, "path": "media/images/Class Images_0_4696b385407ad6b0987f.png", "format": "png", "width": 1500, "height": 600}, "_timestamp": 1716156247.2049634, "_runtime": 115.06347751617432, "_step": 10, "train_loss": 6.2751178669795875, "val_loss": 6.181513284155572, "train_acc": 0.7013703703703704, "val_acc": 0.6985, "_wandb": {"runtime": 114}}