{"Class Images": {"_type": "image-file", "sha256": "4696b385407ad6b0987fd583123687b0212d8d8eba296b2ed88cbba28c3103d6", "size": 32748, "path": "media/images/Class Images_0_4696b385407ad6b0987f.png", "format": "png", "width": 1500, "height": 600}, "_timestamp": 1716191749.31171, "_runtime": 150.01531076431274, "_step": 10, "train_loss": 1.4850493161585643, "val_loss": 1.3541626432642613, "train_acc": 0.7745185185185185, "val_acc": 0.7661666666666667, "_wandb": {"runtime": 149}}