{"Class Images": {"_type": "image-file", "sha256": "4696b385407ad6b0987fd583123687b0212d8d8eba296b2ed88cbba28c3103d6", "size": 32748, "path": "media/images/Class Images_0_4696b385407ad6b0987f.png", "format": "png", "width": 1500, "height": 600}, "_timestamp": 1716162963.062451, "_runtime": 97.47878193855286, "_step": 10, "train_loss": 0.5183240170115541, "val_loss": 0.5218791906962362, "train_acc": 0.5608148148148148, "val_acc": 0.5545, "_wandb": {"runtime": 96}}