{"Class Images": {"_type": "image-file", "sha256": "4696b385407ad6b0987fd583123687b0212d8d8eba296b2ed88cbba28c3103d6", "size": 32748, "path": "media/images/Class Images_0_4696b385407ad6b0987f.png", "format": "png", "width": 1500, "height": 600}, "_timestamp": 1716154849.5522716, "_runtime": 79.1791615486145, "_step": 10, "train_loss": 1.9482992682740579, "val_loss": 1.811772001686302, "train_acc": 0.6403518518518518, "val_acc": 0.6311666666666667, "_wandb": {"runtime": 78}}