{"Class Images": {"_type": "image-file", "sha256": "4696b385407ad6b0987fd583123687b0212d8d8eba296b2ed88cbba28c3103d6", "size": 32748, "path": "media/images/Class Images_0_4696b385407ad6b0987f.png", "format": "png", "width": 1500, "height": 600}, "_timestamp": 1716123956.771275, "_runtime": 129.18210411071777, "_step": 10, "train_loss": 10.136349545913092, "val_loss": 10.112802225058854, "train_acc": 0.44127777777777777, "val_acc": 0.4508333333333333, "_wandb": {"runtime": 128}}