{"Class Images": {"_type": "image-file", "sha256": "4696b385407ad6b0987fd583123687b0212d8d8eba296b2ed88cbba28c3103d6", "size": 32748, "path": "media/images/Class Images_0_4696b385407ad6b0987f.png", "format": "png", "width": 1500, "height": 600}, "_timestamp": 1716162392.4281754, "_runtime": 53.04849433898926, "_step": 5, "train_loss": 0.23760895724459488, "val_loss": 0.23450074784428468, "train_acc": 0.7994074074074075, "val_acc": 0.7956666666666666, "_wandb": {"runtime": 52}}