{"Class Images": {"_type": "image-file", "sha256": "4696b385407ad6b0987fd583123687b0212d8d8eba296b2ed88cbba28c3103d6", "size": 32748, "path": "media/images/Class Images_0_4696b385407ad6b0987f.png", "format": "png", "width": 1500, "height": 600}, "_timestamp": 1716215076.736973, "_runtime": 67.55858707427979, "_step": 5, "train_loss": 0.9030914188540079, "val_loss": 0.8947460962788475, "train_acc": 0.2672962962962963, "val_acc": 0.28583333333333333, "_wandb": {"runtime": 66}}