{"Class Images": {"_type": "image-file", "sha256": "4696b385407ad6b0987fd583123687b0212d8d8eba296b2ed88cbba28c3103d6", "size": 32748, "path": "media/images/Class Images_0_4696b385407ad6b0987f.png", "format": "png", "width": 1500, "height": 600}, "_timestamp": 1716116085.7794662, "_runtime": 90.57030606269836, "_step": 10, "train_loss": 9.000817507228785, "val_loss": 8.942068620239517, "train_acc": 0.4610740740740741, "val_acc": 0.455, "_wandb": {"runtime": 89}}