{"Class Images": {"_type": "image-file", "sha256": "4696b385407ad6b0987fd583123687b0212d8d8eba296b2ed88cbba28c3103d6", "size": 32748, "path": "media/images/Class Images_0_4696b385407ad6b0987f.png", "format": "png", "width": 1500, "height": 600}, "_timestamp": 1716161997.5565007, "_runtime": 86.87040257453918, "_step": 10, "train_loss": 2.5575899582046904, "val_loss": 2.3979134254352426, "train_acc": 0.7223703703703703, "val_acc": 0.7173333333333334, "_wandb": {"runtime": 86}}