{"Class Images": {"_type": "image-file", "sha256": "4696b385407ad6b0987fd583123687b0212d8d8eba296b2ed88cbba28c3103d6", "size": 32748, "path": "media/images/Class Images_0_4696b385407ad6b0987f.png", "format": "png", "width": 1500, "height": 600}, "_timestamp": 1716172213.6420622, "_runtime": 117.94268012046814, "_step": 10, "train_loss": 0.09316397871998722, "val_loss": 0.1569954454937817, "train_acc": 0.6569259259259259, "val_acc": 0.6436666666666667, "_wandb": {"runtime": 117}}