{"Class Images": {"_type": "image-file", "sha256": "4696b385407ad6b0987fd583123687b0212d8d8eba296b2ed88cbba28c3103d6", "size": 32748, "path": "media/images/Class Images_0_4696b385407ad6b0987f.png", "format": "png", "width": 1500, "height": 600}, "_timestamp": 1716226159.226325, "_runtime": 39.92526602745056, "_step": 5, "train_loss": 1.1528718358929555, "val_loss": 1.0433767473979276, "train_acc": 0.5425185185185185, "val_acc": 0.5358333333333334, "_wandb": {"runtime": 39}}