{"Class Images": {"_type": "image-file", "sha256": "4696b385407ad6b0987fd583123687b0212d8d8eba296b2ed88cbba28c3103d6", "size": 32748, "path": "media/images/Class Images_0_4696b385407ad6b0987f.png", "format": "png", "width": 1500, "height": 600}, "_timestamp": 1716115600.288962, "_runtime": 82.1074709892273, "_step": 5, "train_loss": 0.21297228170329557, "val_loss": 0.21477553740792074, "train_acc": 0.12111111111111111, "val_acc": 0.1185, "_wandb": {"runtime": 81}}