{"Class Images": {"_type": "image-file", "sha256": "4696b385407ad6b0987fd583123687b0212d8d8eba296b2ed88cbba28c3103d6", "size": 32748, "path": "media/images/Class Images_0_4696b385407ad6b0987f.png", "format": "png", "width": 1500, "height": 600}, "_timestamp": 1716170727.8699956, "_runtime": 81.3861916065216, "_step": 10, "train_loss": 0.9743036817744134, "val_loss": 0.9725436144761198, "train_acc": 0.10935185185185185, "val_acc": 0.1065, "_wandb": {"runtime": 80}}