{"Class Images": {"_type": "image-file", "sha256": "4696b385407ad6b0987fd583123687b0212d8d8eba296b2ed88cbba28c3103d6", "size": 32748, "path": "media/images/Class Images_0_4696b385407ad6b0987f.png", "format": "png", "width": 1500, "height": 600}, "_timestamp": 1716090098.1647227, "_runtime": 72.79277968406677, "_step": 5, "train_loss": 0.48705366673580297, "val_loss": 0.4762353737478695, "train_acc": 0.6170555555555556, "val_acc": 0.6176666666666667, "_wandb": {"runtime": 71}}