{"Class Images": {"_type": "image-file", "sha256": "4696b385407ad6b0987fd583123687b0212d8d8eba296b2ed88cbba28c3103d6", "size": 32748, "path": "media/images/Class Images_0_4696b385407ad6b0987f.png", "format": "png", "width": 1500, "height": 600}, "_timestamp": 1716211899.9670305, "_runtime": 63.594616413116455, "_step": 5, "train_loss": 2.79222328949066, "val_loss": 2.4371621423979226, "train_acc": 0.6225925925925926, "val_acc": 0.6135, "_wandb": {"runtime": 62}}