{"Class Images": {"_type": "image-file", "sha256": "4696b385407ad6b0987fd583123687b0212d8d8eba296b2ed88cbba28c3103d6", "size": 32748, "path": "media/images/Class Images_0_4696b385407ad6b0987f.png", "format": "png", "width": 1500, "height": 600}, "_timestamp": 1716212195.7072926, "_runtime": 72.09377145767212, "_step": 10, "train_loss": 0.38828165889285177, "val_loss": 0.35744908638977835, "train_acc": 0.7153703703703703, "val_acc": 0.7056666666666667, "_wandb": {"runtime": 71}}