{"Class Images": {"_type": "image-file", "sha256": "4696b385407ad6b0987fd583123687b0212d8d8eba296b2ed88cbba28c3103d6", "size": 32748, "path": "media/images/Class Images_0_4696b385407ad6b0987f.png", "format": "png", "width": 1500, "height": 600}, "_timestamp": 1716148867.026968, "_runtime": 82.66446208953857, "_step": 10, "train_loss": 9.02927870833232, "val_loss": 8.964070579970942, "train_acc": 0.4545925925925926, "val_acc": 0.4503333333333333, "_wandb": {"runtime": 81}}