{"Class Images": {"_type": "image-file", "sha256": "4696b385407ad6b0987fd583123687b0212d8d8eba296b2ed88cbba28c3103d6", "size": 32748, "path": "media/images/Class Images_0_4696b385407ad6b0987f.png", "format": "png", "width": 1500, "height": 600}, "_timestamp": 1716207270.0031424, "_runtime": 113.0062084197998, "_step": 10, "train_loss": 7.71568650665851, "val_loss": 7.610277989930325, "train_acc": 0.7070740740740741, "val_acc": 0.6956666666666667, "_wandb": {"runtime": 112}}