{"Class Images": {"_type": "image-file", "sha256": "4696b385407ad6b0987fd583123687b0212d8d8eba296b2ed88cbba28c3103d6", "size": 32748, "path": "media/images/Class Images_0_4696b385407ad6b0987f.png", "format": "png", "width": 1500, "height": 600}, "_timestamp": 1716138822.2748513, "_runtime": 51.64671039581299, "_step": 5, "train_loss": 3.237273436856548, "val_loss": 2.945874906106466, "train_acc": 0.5526666666666666, "val_acc": 0.5583333333333333, "_wandb": {"runtime": 50}}