{"Class Images": {"_type": "image-file", "sha256": "4696b385407ad6b0987fd583123687b0212d8d8eba296b2ed88cbba28c3103d6", "size": 32748, "path": "media/images/Class Images_0_4696b385407ad6b0987f.png", "format": "png", "width": 1500, "height": 600}, "_timestamp": 1716226639.128425, "_runtime": 93.11833596229553, "_step": 10, "train_loss": 8.977493228925603, "val_loss": 8.976896570604412, "train_acc": 0.15714814814814815, "val_acc": 0.16083333333333333, "_wandb": {"runtime": 92}}