{"Class Images": {"_type": "image-file", "sha256": "4696b385407ad6b0987fd583123687b0212d8d8eba296b2ed88cbba28c3103d6", "size": 32748, "path": "media/images/Class Images_0_4696b385407ad6b0987f.png", "format": "png", "width": 1500, "height": 600}, "_timestamp": 1716194288.3290017, "_runtime": 66.78160166740417, "_step": 10, "train_loss": -0.08078593718953274, "val_loss": -0.016144205454950756, "train_acc": 0.14101851851851852, "val_acc": 0.09983333333333333, "_wandb": {"runtime": 66}}