{"Class Images": {"_type": "image-file", "sha256": "4696b385407ad6b0987fd583123687b0212d8d8eba296b2ed88cbba28c3103d6", "size": 32748, "path": "media/images/Class Images_0_4696b385407ad6b0987f.png", "format": "png", "width": 1500, "height": 600}, "_timestamp": 1716140386.5749273, "_runtime": 204.378356218338, "_step": 10, "train_loss": 0.6054542773376311, "val_loss": 0.585992024031799, "train_acc": 0.17629629629629628, "val_acc": 0.1715, "_wandb": {"runtime": 203}}