{"Class Images": {"_type": "image-file", "sha256": "4696b385407ad6b0987fd583123687b0212d8d8eba296b2ed88cbba28c3103d6", "size": 32748, "path": "media/images/Class Images_0_4696b385407ad6b0987f.png", "format": "png", "width": 1500, "height": 600}, "_timestamp": 1716199448.5585473, "_runtime": 160.1723711490631, "_step": 10, "train_loss": 0.08643691926324704, "val_loss": 0.07300110191607757, "train_acc": 0.5275, "val_acc": 0.5308333333333334, "_wandb": {"runtime": 159}}