{"Class Images": {"_type": "image-file", "sha256": "4696b385407ad6b0987fd583123687b0212d8d8eba296b2ed88cbba28c3103d6", "size": 32748, "path": "media/images/Class Images_0_4696b385407ad6b0987f.png", "format": "png", "width": 1500, "height": 600}, "_timestamp": 1716138375.85044, "_runtime": 83.88646793365479, "_step": 10, "train_loss": 1.6864758336902514, "val_loss": 1.631755821767578, "train_acc": 0.6423333333333333, "val_acc": 0.6303333333333333, "_wandb": {"runtime": 83}}