{"Class Images": {"_type": "image-file", "sha256": "4696b385407ad6b0987fd583123687b0212d8d8eba296b2ed88cbba28c3103d6", "size": 32748, "path": "media/images/Class Images_0_4696b385407ad6b0987f.png", "format": "png", "width": 1500, "height": 600}, "_timestamp": 1716106459.4978638, "_runtime": 55.046772718429565, "_step": 5, "train_loss": 0.23231988954746868, "val_loss": 0.23108800723706754, "train_acc": 0.8006851851851852, "val_acc": 0.7963333333333333, "_wandb": {"runtime": 54}}