{"Class Images": {"_type": "image-file", "sha256": "4696b385407ad6b0987fd583123687b0212d8d8eba296b2ed88cbba28c3103d6", "size": 32748, "path": "media/images/Class Images_0_4696b385407ad6b0987f.png", "format": "png", "width": 1500, "height": 600}, "_timestamp": 1716228656.2256842, "_runtime": 221.10283708572388, "_step": 10, "train_loss": -0.722260988725626, "val_loss": -0.7297540688537586, "train_acc": 0.792, "val_acc": 0.7955, "_wandb": {"runtime": 219}}