{"Class Images": {"_type": "image-file", "sha256": "4696b385407ad6b0987fd583123687b0212d8d8eba296b2ed88cbba28c3103d6", "size": 32748, "path": "media/images/Class Images_0_4696b385407ad6b0987f.png", "format": "png", "width": 1500, "height": 600}, "_timestamp": 1716104999.5869374, "_runtime": 81.59005641937256, "_step": 10, "train_loss": 0.23741563828101947, "val_loss": 0.22704337687837217, "train_acc": 0.10105555555555555, "val_acc": 0.09166666666666666, "_wandb": {"runtime": 80}}