{"Class Images": {"_type": "image-file", "sha256": "4696b385407ad6b0987fd583123687b0212d8d8eba296b2ed88cbba28c3103d6", "size": 32748, "path": "media/images/Class Images_0_4696b385407ad6b0987f.png", "format": "png", "width": 1500, "height": 600}, "_timestamp": 1716102039.063124, "_runtime": 50.251652002334595, "_step": 5, "train_loss": 8.15388827597042, "val_loss": 8.07087639188308, "train_acc": 0.49577777777777776, "val_acc": 0.5035, "_wandb": {"runtime": 48}}