{"Class Images": {"_type": "image-file", "sha256": "4696b385407ad6b0987fd583123687b0212d8d8eba296b2ed88cbba28c3103d6", "size": 32748, "path": "media/images/Class Images_0_4696b385407ad6b0987f.png", "format": "png", "width": 1500, "height": 600}, "_timestamp": 1716164619.8725438, "_runtime": 208.41810989379883, "_step": 10, "train_loss": 0.2049273810637385, "val_loss": 0.15935364467662558, "train_acc": 0.6177962962962963, "val_acc": 0.612, "_wandb": {"runtime": 207}}