{"Class Images": {"_type": "image-file", "sha256": "4696b385407ad6b0987fd583123687b0212d8d8eba296b2ed88cbba28c3103d6", "size": 32748, "path": "media/images/Class Images_0_4696b385407ad6b0987f.png", "format": "png", "width": 1500, "height": 600}, "_timestamp": 1716192914.1833746, "_runtime": 166.31427574157715, "_step": 10, "train_loss": 1.9662664840114439, "val_loss": 1.78341342283387, "train_acc": 0.6257777777777778, "val_acc": 0.6216666666666667, "_wandb": {"runtime": 165}}