{"Class Images": {"_type": "image-file", "sha256": "4696b385407ad6b0987fd583123687b0212d8d8eba296b2ed88cbba28c3103d6", "size": 32748, "path": "media/images/Class Images_0_4696b385407ad6b0987f.png", "format": "png", "width": 1500, "height": 600}, "_timestamp": 1716162566.9815736, "_runtime": 84.49878764152527, "_step": 10, "train_loss": 0.35468748942871037, "val_loss": 0.35200938036807294, "train_acc": 0.5693148148148148, "val_acc": 0.5985, "_wandb": {"runtime": 83}}