{"Class Images": {"_type": "image-file", "sha256": "4696b385407ad6b0987fd583123687b0212d8d8eba296b2ed88cbba28c3103d6", "size": 32748, "path": "media/images/Class Images_0_4696b385407ad6b0987f.png", "format": "png", "width": 1500, "height": 600}, "_timestamp": 1716125735.6240304, "_runtime": 52.96456837654114, "_step": 5, "train_loss": 0.560879270742965, "val_loss": 0.550893042085723, "train_acc": 0.5821851851851851, "val_acc": 0.5778333333333333, "_wandb": {"runtime": 52}}