{"Class Images": {"_type": "image-file", "sha256": "4696b385407ad6b0987fd583123687b0212d8d8eba296b2ed88cbba28c3103d6", "size": 32748, "path": "media/images/Class Images_0_4696b385407ad6b0987f.png", "format": "png", "width": 1500, "height": 600}, "_timestamp": 1716122159.720202, "_runtime": 59.34307408332825, "_step": 5, "train_loss": -0.31703197629969176, "val_loss": -0.33589615806126216, "train_acc": 0.8143703703703704, "val_acc": 0.8083333333333333, "_wandb": {"runtime": 58}}