{"Class Images": {"_type": "image-file", "sha256": "4696b385407ad6b0987fd583123687b0212d8d8eba296b2ed88cbba28c3103d6", "size": 32748, "path": "media/images/Class Images_0_4696b385407ad6b0987f.png", "format": "png", "width": 1500, "height": 600}, "_timestamp": 1716110887.97996, "_runtime": 85.71160006523132, "_step": 10, "train_loss": 8.959347592296746, "val_loss": 8.901389442071933, "train_acc": 0.5593333333333333, "val_acc": 0.5521666666666667, "_wandb": {"runtime": 84}}