{"Class Images": {"_type": "image-file", "sha256": "4696b385407ad6b0987fd583123687b0212d8d8eba296b2ed88cbba28c3103d6", "size": 32748, "path": "media/images/Class Images_0_4696b385407ad6b0987f.png", "format": "png", "width": 1500, "height": 600}, "_timestamp": 1716192438.2486837, "_runtime": 92.99044179916382, "_step": 5, "train_loss": -0.5695357919433148, "val_loss": -0.5790601176063646, "train_acc": 0.8091666666666667, "val_acc": 0.807, "_wandb": {"runtime": 92}}