{"Class Images": {"_type": "image-file", "sha256": "4696b385407ad6b0987fd583123687b0212d8d8eba296b2ed88cbba28c3103d6", "size": 32748, "path": "media/images/Class Images_0_4696b385407ad6b0987f.png", "format": "png", "width": 1500, "height": 600}, "_timestamp": 1716119766.5762994, "_runtime": 104.36996340751648, "_step": 10, "train_loss": 0.010373003751913877, "val_loss": 0.014006990970003646, "train_acc": 0.7393518518518518, "val_acc": 0.7283333333333334, "_wandb": {"runtime": 103}}