{"Class Images": {"_type": "image-file", "sha256": "4696b385407ad6b0987fd583123687b0212d8d8eba296b2ed88cbba28c3103d6", "size": 32748, "path": "media/images/Class Images_0_4696b385407ad6b0987f.png", "format": "png", "width": 1500, "height": 600}, "_timestamp": 1716089994.6205113, "_runtime": 96.46663427352905, "_step": 10, "train_loss": 0.9810329407124024, "val_loss": 0.9788163796941223, "train_acc": 0.10496296296296297, "val_acc": 0.104, "_wandb": {"runtime": 95}}