{"Class Images": {"_type": "image-file", "sha256": "4696b385407ad6b0987fd583123687b0212d8d8eba296b2ed88cbba28c3103d6", "size": 32748, "path": "media/images/Class Images_0_4696b385407ad6b0987f.png", "format": "png", "width": 1500, "height": 600}, "_timestamp": 1716124247.9364533, "_runtime": 43.50065541267395, "_step": 5, "train_loss": 1.5608287455966872, "val_loss": 1.4743168689468216, "train_acc": 0.5643703703703704, "val_acc": 0.5531666666666667, "_wandb": {"runtime": 42}}