{"Class Images": {"_type": "image-file", "sha256": "4696b385407ad6b0987fd583123687b0212d8d8eba296b2ed88cbba28c3103d6", "size": 32748, "path": "media/images/Class Images_0_4696b385407ad6b0987f.png", "format": "png", "width": 1500, "height": 600}, "_timestamp": 1716128642.144266, "_runtime": 59.26266694068909, "_step": 5, "train_loss": 0.25410341469517095, "val_loss": 0.25002209968579514, "train_acc": 0.7656481481481482, "val_acc": 0.7638333333333334, "_wandb": {"runtime": 58}}