{"Class Images": {"_type": "image-file", "sha256": "4696b385407ad6b0987fd583123687b0212d8d8eba296b2ed88cbba28c3103d6", "size": 32748, "path": "media/images/Class Images_0_4696b385407ad6b0987f.png", "format": "png", "width": 1500, "height": 600}, "_timestamp": 1716097731.541246, "_runtime": 60.581342935562134, "_step": 5, "train_loss": 0.030536519845188185, "val_loss": -0.016439723078036022, "train_acc": 0.6128333333333333, "val_acc": 0.6061666666666666, "_wandb": {"runtime": 59}}