{"Class Images": {"_type": "image-file", "sha256": "4696b385407ad6b0987fd583123687b0212d8d8eba296b2ed88cbba28c3103d6", "size": 32748, "path": "media/images/Class Images_0_4696b385407ad6b0987f.png", "format": "png", "width": 1500, "height": 600}, "_timestamp": 1716225937.518032, "_runtime": 90.83984804153442, "_step": 10, "train_loss": 1.879040625693002, "val_loss": 1.7547765682620369, "train_acc": 0.7167592592592592, "val_acc": 0.7115, "_wandb": {"runtime": 90}}