{"Class Images": {"_type": "image-file", "sha256": "4696b385407ad6b0987fd583123687b0212d8d8eba296b2ed88cbba28c3103d6", "size": 32748, "path": "media/images/Class Images_0_4696b385407ad6b0987f.png", "format": "png", "width": 1500, "height": 600}, "_timestamp": 1716180594.1327736, "_runtime": 99.77280259132385, "_step": 10, "train_loss": -0.0019476297150983705, "val_loss": -0.002862625981161199, "train_acc": 0.7779074074074074, "val_acc": 0.7725, "_wandb": {"runtime": 98}}