{"Class Images": {"_type": "image-file", "sha256": "4696b385407ad6b0987fd583123687b0212d8d8eba296b2ed88cbba28c3103d6", "size": 32748, "path": "media/images/Class Images_0_4696b385407ad6b0987f.png", "format": "png", "width": 1500, "height": 600}, "_timestamp": 1716180756.6104355, "_runtime": 129.53970456123352, "_step": 10, "train_loss": 0.787547563560162, "val_loss": 0.7210823799681028, "train_acc": 0.5916296296296296, "val_acc": 0.583, "_wandb": {"runtime": 128}}