{"Class Images": {"_type": "image-file", "sha256": "4696b385407ad6b0987fd583123687b0212d8d8eba296b2ed88cbba28c3103d6", "size": 32748, "path": "media/images/Class Images_0_4696b385407ad6b0987f.png", "format": "png", "width": 1500, "height": 600}, "_timestamp": 1716192057.0665166, "_runtime": 78.45454668998718, "_step": 10, "train_loss": 1.687440632502579, "val_loss": 1.6277198981229912, "train_acc": 0.6378333333333334, "val_acc": 0.6285, "_wandb": {"runtime": 77}}