{"Class Images": {"_type": "image-file", "sha256": "4696b385407ad6b0987fd583123687b0212d8d8eba296b2ed88cbba28c3103d6", "size": 32748, "path": "media/images/Class Images_0_4696b385407ad6b0987f.png", "format": "png", "width": 1500, "height": 600}, "_timestamp": 1716222293.2121155, "_runtime": 75.82490754127502, "_step": 10, "train_loss": 7.346522533339956, "val_loss": 7.345716477684417, "train_acc": 0.09770370370370371, "val_acc": 0.0965, "_wandb": {"runtime": 75}}