{"Class Images": {"_type": "image-file", "sha256": "4696b385407ad6b0987fd583123687b0212d8d8eba296b2ed88cbba28c3103d6", "size": 32748, "path": "media/images/Class Images_0_4696b385407ad6b0987f.png", "format": "png", "width": 1500, "height": 600}, "_timestamp": 1716166807.3568323, "_runtime": 98.1863272190094, "_step": 10, "train_loss": 1.9304136014421287, "val_loss": 1.8066807954233695, "train_acc": 0.6246481481481482, "val_acc": 0.61, "_wandb": {"runtime": 97}}