{"Class Images": {"_type": "image-file", "sha256": "4696b385407ad6b0987fd583123687b0212d8d8eba296b2ed88cbba28c3103d6", "size": 32748, "path": "media/images/Class Images_0_4696b385407ad6b0987f.png", "format": "png", "width": 1500, "height": 600}, "_timestamp": 1716218825.8424664, "_runtime": 119.96772837638855, "_step": 10, "train_loss": -0.17133927699727922, "val_loss": -0.17583046068128635, "train_acc": 0.6814814814814815, "val_acc": 0.6778333333333333, "_wandb": {"runtime": 119}}