{"Class Images": {"_type": "image-file", "sha256": "4696b385407ad6b0987fd583123687b0212d8d8eba296b2ed88cbba28c3103d6", "size": 32748, "path": "media/images/Class Images_0_4696b385407ad6b0987f.png", "format": "png", "width": 1500, "height": 600}, "_timestamp": 1716118616.528746, "_runtime": 48.614402770996094, "_step": 5, "train_loss": 0.4010978838161104, "val_loss": 0.39967792800883667, "train_acc": 0.11698148148148148, "val_acc": 0.11, "_wandb": {"runtime": 47}}