{"Class Images": {"_type": "image-file", "sha256": "4696b385407ad6b0987fd583123687b0212d8d8eba296b2ed88cbba28c3103d6", "size": 32748, "path": "media/images/Class Images_0_4696b385407ad6b0987f.png", "format": "png", "width": 1500, "height": 600}, "_timestamp": 1716137776.5427394, "_runtime": 111.380131483078, "_step": 10, "train_loss": 3.7996897677933723, "val_loss": 3.624468373078205, "train_acc": 0.7682222222222223, "val_acc": 0.763, "_wandb": {"runtime": 110}}