{"Class Images": {"_type": "image-file", "sha256": "4696b385407ad6b0987fd583123687b0212d8d8eba296b2ed88cbba28c3103d6", "size": 32748, "path": "media/images/Class Images_0_4696b385407ad6b0987f.png", "format": "png", "width": 1500, "height": 600}, "_timestamp": 1716096532.6377368, "_runtime": 105.43971586227417, "_step": 10, "train_loss": -0.1442295156070528, "val_loss": -0.16709298117041307, "train_acc": 0.1963148148148148, "val_acc": 0.20166666666666666, "_wandb": {"runtime": 104}}