{"Class Images": {"_type": "image-file", "sha256": "4696b385407ad6b0987fd583123687b0212d8d8eba296b2ed88cbba28c3103d6", "size": 32748, "path": "media/images/Class Images_0_4696b385407ad6b0987f.png", "format": "png", "width": 1500, "height": 600}, "_timestamp": 1716138733.8627665, "_runtime": 102.3866765499115, "_step": 10, "train_loss": 2.5224006350688977, "val_loss": 2.367550146669969, "train_acc": 0.723, "val_acc": 0.7106666666666667, "_wandb": {"runtime": 101}}