{"Class Images": {"_type": "image-file", "sha256": "4696b385407ad6b0987fd583123687b0212d8d8eba296b2ed88cbba28c3103d6", "size": 32748, "path": "media/images/Class Images_0_4696b385407ad6b0987f.png", "format": "png", "width": 1500, "height": 600}, "_timestamp": 1716156963.2822745, "_runtime": 74.91202139854431, "_step": 10, "train_loss": -0.19813328232551175, "val_loss": -0.18843914410689275, "train_acc": 0.47179629629629627, "val_acc": 0.4575, "_wandb": {"runtime": 74}}