{"Class Images": {"_type": "image-file", "sha256": "4696b385407ad6b0987fd583123687b0212d8d8eba296b2ed88cbba28c3103d6", "size": 32748, "path": "media/images/Class Images_0_4696b385407ad6b0987f.png", "format": "png", "width": 1500, "height": 600}, "_timestamp": 1716092881.836264, "_runtime": 89.92019200325012, "_step": 10, "train_loss": 0.3806976643035466, "val_loss": 0.3753076493191783, "train_acc": 0.1087037037037037, "val_acc": 0.10766666666666666, "_wandb": {"runtime": 89}}