{"Class Images": {"_type": "image-file", "sha256": "4696b385407ad6b0987fd583123687b0212d8d8eba296b2ed88cbba28c3103d6", "size": 32748, "path": "media/images/Class Images_0_4696b385407ad6b0987f.png", "format": "png", "width": 1500, "height": 600}, "_timestamp": 1716192728.5881767, "_runtime": 75.77527379989624, "_step": 10, "train_loss": -0.3416973927382853, "val_loss": -0.3358504979603678, "train_acc": 0.6503518518518518, "val_acc": 0.6413333333333333, "_wandb": {"runtime": 74}}