{"Class Images": {"_type": "image-file", "sha256": "4696b385407ad6b0987fd583123687b0212d8d8eba296b2ed88cbba28c3103d6", "size": 32748, "path": "media/images/Class Images_0_4696b385407ad6b0987f.png", "format": "png", "width": 1500, "height": 600}, "_timestamp": 1716162808.135374, "_runtime": 64.0052809715271, "_step": 5, "train_loss": -0.11809538734110096, "val_loss": -0.12486766933683928, "train_acc": 0.7906666666666666, "val_acc": 0.7866666666666666, "_wandb": {"runtime": 63}}