{"Class Images": {"_type": "image-file", "sha256": "4696b385407ad6b0987fd583123687b0212d8d8eba296b2ed88cbba28c3103d6", "size": 32748, "path": "media/images/Class Images_0_4696b385407ad6b0987f.png", "format": "png", "width": 1500, "height": 600}, "_timestamp": 1716140073.6817443, "_runtime": 58.23434638977051, "_step": 5, "train_loss": -0.3137830877446944, "val_loss": -0.32636633390816844, "train_acc": 0.8135370370370371, "val_acc": 0.8016666666666666, "_wandb": {"runtime": 57}}