{"Class Images": {"_type": "image-file", "sha256": "4696b385407ad6b0987fd583123687b0212d8d8eba296b2ed88cbba28c3103d6", "size": 32748, "path": "media/images/Class Images_0_4696b385407ad6b0987f.png", "format": "png", "width": 1500, "height": 600}, "_timestamp": 1716120601.8501537, "_runtime": 104.32943058013916, "_step": 10, "train_loss": 2.5252606023998867, "val_loss": 2.3703158054954234, "train_acc": 0.7786296296296297, "val_acc": 0.7713333333333333, "_wandb": {"runtime": 103}}