{"Class Images": {"_type": "image-file", "sha256": "4696b385407ad6b0987fd583123687b0212d8d8eba296b2ed88cbba28c3103d6", "size": 32748, "path": "media/images/Class Images_0_4696b385407ad6b0987f.png", "format": "png", "width": 1500, "height": 600}, "_timestamp": 1716153963.8786836, "_runtime": 142.1030044555664, "_step": 10, "train_loss": -0.062358801826919864, "val_loss": -0.06006020031634481, "train_acc": 0.8092037037037038, "val_acc": 0.7991666666666667, "_wandb": {"runtime": 141}}