{"Class Images": {"_type": "image-file", "sha256": "4696b385407ad6b0987fd583123687b0212d8d8eba296b2ed88cbba28c3103d6", "size": 32748, "path": "media/images/Class Images_0_4696b385407ad6b0987f.png", "format": "png", "width": 1500, "height": 600}, "_timestamp": 1716188196.925864, "_runtime": 120.77845406532288, "_step": 10, "train_loss": 130.25614965000395, "val_loss": 130.14149439355768, "train_acc": 0.16848148148148148, "val_acc": 0.13766666666666666, "_wandb": {"runtime": 120}}