{"Class Images": {"_type": "image-file", "sha256": "4696b385407ad6b0987fd583123687b0212d8d8eba296b2ed88cbba28c3103d6", "size": 32748, "path": "media/images/Class Images_0_4696b385407ad6b0987f.png", "format": "png", "width": 1500, "height": 600}, "_timestamp": 1716215932.8268247, "_runtime": 129.82097268104553, "_step": 10, "train_loss": -0.44190070342305415, "val_loss": -0.44335876392643236, "train_acc": 0.7756296296296297, "val_acc": 0.771, "_wandb": {"runtime": 128}}