{"Class Images": {"_type": "image-file", "sha256": "4696b385407ad6b0987fd583123687b0212d8d8eba296b2ed88cbba28c3103d6", "size": 32748, "path": "media/images/Class Images_0_4696b385407ad6b0987f.png", "format": "png", "width": 1500, "height": 600}, "_timestamp": 1716125456.7778862, "_runtime": 106.46666812896729, "_step": 10, "train_loss": 8.957380044974911, "val_loss": 8.896145338406198, "train_acc": 0.5473888888888889, "val_acc": 0.5433333333333333, "_wandb": {"runtime": 105}}