{"Class Images": {"_type": "image-file", "sha256": "4696b385407ad6b0987fd583123687b0212d8d8eba296b2ed88cbba28c3103d6", "size": 32748, "path": "media/images/Class Images_0_4696b385407ad6b0987f.png", "format": "png", "width": 1500, "height": 600}, "_timestamp": 1716166680.7502437, "_runtime": 79.5695207118988, "_step": 5, "train_loss": 0.24105446606648728, "val_loss": 0.238628074635869, "train_acc": 0.12205555555555556, "val_acc": 0.12016666666666667, "_wandb": {"runtime": 78}}