{"Class Images": {"_type": "image-file", "sha256": "4696b385407ad6b0987fd583123687b0212d8d8eba296b2ed88cbba28c3103d6", "size": 32748, "path": "media/images/Class Images_0_4696b385407ad6b0987f.png", "format": "png", "width": 1500, "height": 600}, "_timestamp": 1716137642.03084, "_runtime": 61.026346921920776, "_step": 5, "train_loss": 0.2957669419568269, "val_loss": 0.29722179732406545, "train_acc": 0.7372592592592593, "val_acc": 0.7296666666666667, "_wandb": {"runtime": 60}}