{"Class Images": {"_type": "image-file", "sha256": "4696b385407ad6b0987fd583123687b0212d8d8eba296b2ed88cbba28c3103d6", "size": 32748, "path": "media/images/Class Images_0_4696b385407ad6b0987f.png", "format": "png", "width": 1500, "height": 600}, "_timestamp": 1716153567.24092, "_runtime": 94.55108213424683, "_step": 10, "train_loss": 9.078011873687116, "val_loss": 9.021943684027843, "train_acc": 0.4401111111111111, "val_acc": 0.43033333333333335, "_wandb": {"runtime": 93}}