{"Class Images": {"_type": "image-file", "sha256": "4696b385407ad6b0987fd583123687b0212d8d8eba296b2ed88cbba28c3103d6", "size": 32748, "path": "media/images/Class Images_0_4696b385407ad6b0987f.png", "format": "png", "width": 1500, "height": 600}, "_timestamp": 1716129544.60385, "_runtime": 68.91332197189331, "_step": 5, "train_loss": -0.20902434685777427, "val_loss": -0.23811920762067007, "train_acc": 0.5630925925925926, "val_acc": 0.5655, "_wandb": {"runtime": 68}}