{"Class Images": {"_type": "image-file", "sha256": "4696b385407ad6b0987fd583123687b0212d8d8eba296b2ed88cbba28c3103d6", "size": 32748, "path": "media/images/Class Images_0_4696b385407ad6b0987f.png", "format": "png", "width": 1500, "height": 600}, "_timestamp": 1716158319.1859467, "_runtime": 81.30166459083557, "_step": 10, "train_loss": -0.3623241020034608, "val_loss": -0.36709575444141923, "train_acc": 0.79, "val_acc": 0.7833333333333333, "_wandb": {"runtime": 80}}