{"Class Images": {"_type": "image-file", "sha256": "4696b385407ad6b0987fd583123687b0212d8d8eba296b2ed88cbba28c3103d6", "size": 32748, "path": "media/images/Class Images_0_4696b385407ad6b0987f.png", "format": "png", "width": 1500, "height": 600}, "_timestamp": 1716193369.287796, "_runtime": 117.24602007865906, "_step": 10, "train_loss": 3.4479809842055973, "val_loss": 3.2963189773729247, "train_acc": 0.6802037037037038, "val_acc": 0.674, "_wandb": {"runtime": 116}}