{"Class Images": {"_type": "image-file", "sha256": "4696b385407ad6b0987fd583123687b0212d8d8eba296b2ed88cbba28c3103d6", "size": 32748, "path": "media/images/Class Images_0_4696b385407ad6b0987f.png", "format": "png", "width": 1500, "height": 600}, "_timestamp": 1716207141.0083363, "_runtime": 69.7343282699585, "_step": 5, "train_loss": -0.16023495487650305, "val_loss": 0.11376645840832288, "train_acc": 0.28629629629629627, "val_acc": 0.11483333333333333, "_wandb": {"runtime": 69}}