{"Class Images": {"_type": "image-file", "sha256": "4696b385407ad6b0987fd583123687b0212d8d8eba296b2ed88cbba28c3103d6", "size": 32748, "path": "media/images/Class Images_0_4696b385407ad6b0987f.png", "format": "png", "width": 1500, "height": 600}, "_timestamp": 1716089414.7542686, "_runtime": 119.94811272621155, "_step": 10, "train_loss": 6.404601100776655, "val_loss": 6.301846440690492, "train_acc": 0.5593518518518519, "val_acc": 0.5791666666666667, "_wandb": {"runtime": 119}}