{"Class Images": {"_type": "image-file", "sha256": "4696b385407ad6b0987fd583123687b0212d8d8eba296b2ed88cbba28c3103d6", "size": 32748, "path": "media/images/Class Images_0_4696b385407ad6b0987f.png", "format": "png", "width": 1500, "height": 600}, "_timestamp": 1716086904.7051952, "_runtime": 85.20606517791748, "_step": 10, "train_loss": 10.681238650521344, "val_loss": 10.680974217086769, "train_acc": 0.1075, "val_acc": 0.10733333333333334, "_wandb": {"runtime": 84}}