{"Class Images": {"_type": "image-file", "sha256": "4696b385407ad6b0987fd583123687b0212d8d8eba296b2ed88cbba28c3103d6", "size": 32748, "path": "media/images/Class Images_0_4696b385407ad6b0987f.png", "format": "png", "width": 1500, "height": 600}, "_timestamp": 1716137423.3581808, "_runtime": 99.88566780090332, "_step": 10, "train_loss": 0.7406001822476335, "val_loss": 0.724042703995648, "train_acc": 0.12794444444444444, "val_acc": 0.10183333333333333, "_wandb": {"runtime": 99}}