{"Class Images": {"_type": "image-file", "sha256": "4696b385407ad6b0987fd583123687b0212d8d8eba296b2ed88cbba28c3103d6", "size": 32748, "path": "media/images/Class Images_0_4696b385407ad6b0987f.png", "format": "png", "width": 1500, "height": 600}, "_timestamp": 1716164751.2089136, "_runtime": 61.341219663619995, "_step": 5, "train_loss": 0.5729769166618577, "val_loss": 0.5693952143276328, "train_acc": 0.5443148148148148, "val_acc": 0.5451666666666667, "_wandb": {"runtime": 60}}