{"Class Images": {"_type": "image-file", "sha256": "4696b385407ad6b0987fd583123687b0212d8d8eba296b2ed88cbba28c3103d6", "size": 32748, "path": "media/images/Class Images_0_4696b385407ad6b0987f.png", "format": "png", "width": 1500, "height": 600}, "_timestamp": 1716203103.242406, "_runtime": 59.10001587867737, "_step": 5, "train_loss": -0.236528270029793, "val_loss": -0.26816695606330027, "train_acc": 0.7635185185185185, "val_acc": 0.7716666666666666, "_wandb": {"runtime": 58}}