{"Class Images": {"_type": "image-file", "sha256": "4696b385407ad6b0987fd583123687b0212d8d8eba296b2ed88cbba28c3103d6", "size": 32748, "path": "media/images/Class Images_0_4696b385407ad6b0987f.png", "format": "png", "width": 1500, "height": 600}, "_timestamp": 1716153767.0050175, "_runtime": 177.33196449279785, "_step": 10, "train_loss": -0.1854070155337771, "val_loss": -0.21835759791119627, "train_acc": 0.758, "val_acc": 0.751, "_wandb": {"runtime": 176}}