{"Class Images": {"_type": "image-file", "sha256": "4696b385407ad6b0987fd583123687b0212d8d8eba296b2ed88cbba28c3103d6", "size": 32748, "path": "media/images/Class Images_0_4696b385407ad6b0987f.png", "format": "png", "width": 1500, "height": 600}, "_timestamp": 1716217456.4910872, "_runtime": 116.47961020469666, "_step": 10, "train_loss": 0.13756808865150955, "val_loss": 0.1362999113363405, "train_acc": 0.8013703703703704, "val_acc": 0.7941666666666667, "_wandb": {"runtime": 115}}