{"Class Images": {"_type": "image-file", "sha256": "4696b385407ad6b0987fd583123687b0212d8d8eba296b2ed88cbba28c3103d6", "size": 32748, "path": "media/images/Class Images_0_4696b385407ad6b0987f.png", "format": "png", "width": 1500, "height": 600}, "_timestamp": 1716085279.6068504, "_runtime": 45.03810739517212, "_step": 5, "train_loss": 4.655824760975501, "val_loss": 4.632590060957444, "train_acc": 0.29498148148148146, "val_acc": 0.3025, "_wandb": {"runtime": 44}}