{"Class Images": {"_type": "image-file", "sha256": "4696b385407ad6b0987fd583123687b0212d8d8eba296b2ed88cbba28c3103d6", "size": 32748, "path": "media/images/Class Images_0_4696b385407ad6b0987f.png", "format": "png", "width": 1500, "height": 600}, "_timestamp": 1716194972.0482175, "_runtime": 113.1955554485321, "_step": 10, "train_loss": -0.5356961115314431, "val_loss": -0.5298654219362259, "train_acc": 0.7226851851851852, "val_acc": 0.7211666666666666, "_wandb": {"runtime": 112}}