{"Class Images": {"_type": "image-file", "sha256": "4696b385407ad6b0987fd583123687b0212d8d8eba296b2ed88cbba28c3103d6", "size": 32748, "path": "media/images/Class Images_0_4696b385407ad6b0987f.png", "format": "png", "width": 1500, "height": 600}, "_timestamp": 1716222630.0798573, "_runtime": 53.87744140625, "_step": 5, "train_loss": -0.17667047455402507, "val_loss": -0.20847753725721196, "train_acc": 0.5628703703703704, "val_acc": 0.5523333333333333, "_wandb": {"runtime": 53}}