{"Class Images": {"_type": "image-file", "sha256": "4696b385407ad6b0987fd583123687b0212d8d8eba296b2ed88cbba28c3103d6", "size": 32748, "path": "media/images/Class Images_0_4696b385407ad6b0987f.png", "format": "png", "width": 1500, "height": 600}, "_timestamp": 1716206982.5627785, "_runtime": 124.17565441131592, "_step": 10, "train_loss": 0.6239762058112336, "val_loss": 0.5152160193557169, "train_acc": 0.6309259259259259, "val_acc": 0.6261666666666666, "_wandb": {"runtime": 123}}