{"Class Images": {"_type": "image-file", "sha256": "4696b385407ad6b0987fd583123687b0212d8d8eba296b2ed88cbba28c3103d6", "size": 32748, "path": "media/images/Class Images_0_4696b385407ad6b0987f.png", "format": "png", "width": 1500, "height": 600}, "_timestamp": 1716112030.9376218, "_runtime": 69.91947889328003, "_step": 10, "train_loss": 2.1708302866168094, "val_loss": 2.171677538689607, "train_acc": 0.10388888888888889, "val_acc": 0.10566666666666667, "_wandb": {"runtime": 69}}