{"Class Images": {"_type": "image-file", "sha256": "4696b385407ad6b0987fd583123687b0212d8d8eba296b2ed88cbba28c3103d6", "size": 32748, "path": "media/images/Class Images_0_4696b385407ad6b0987f.png", "format": "png", "width": 1500, "height": 600}, "_timestamp": 1716196163.115384, "_runtime": 96.08817720413208, "_step": 10, "train_loss": 2.512923767912467, "val_loss": 2.3574928635460295, "train_acc": 0.7220555555555556, "val_acc": 0.7108333333333333, "_wandb": {"runtime": 95}}