{"Class Images": {"_type": "image-file", "sha256": "4696b385407ad6b0987fd583123687b0212d8d8eba296b2ed88cbba28c3103d6", "size": 32748, "path": "media/images/Class Images_0_4696b385407ad6b0987f.png", "format": "png", "width": 1500, "height": 600}, "_timestamp": 1716122240.2115805, "_runtime": 56.49574041366577, "_step": 5, "train_loss": 6.06575391106243, "val_loss": 5.737738447897486, "train_acc": 0.5580925925925926, "val_acc": 0.5488333333333333, "_wandb": {"runtime": 55}}