{"Class Images": {"_type": "image-file", "sha256": "4696b385407ad6b0987fd583123687b0212d8d8eba296b2ed88cbba28c3103d6", "size": 32748, "path": "media/images/Class Images_0_4696b385407ad6b0987f.png", "format": "png", "width": 1500, "height": 600}, "_timestamp": 1716087400.3958933, "_runtime": 71.26815438270569, "_step": 10, "train_loss": 0.03785713541146169, "val_loss": 0.028577601300193146, "train_acc": 0.09892592592592593, "val_acc": 0.10133333333333333, "_wandb": {"runtime": 70}}