{"Class Images": {"_type": "image-file", "sha256": "4696b385407ad6b0987fd583123687b0212d8d8eba296b2ed88cbba28c3103d6", "size": 32748, "path": "media/images/Class Images_0_4696b385407ad6b0987f.png", "format": "png", "width": 1500, "height": 600}, "_timestamp": 1716203291.3849268, "_runtime": 147.4088797569275, "_step": 10, "train_loss": 0.20372803465279776, "val_loss": 0.2105864724907548, "train_acc": 0.10174074074074074, "val_acc": 0.09266666666666666, "_wandb": {"runtime": 146}}