{"Class Images": {"_type": "image-file", "sha256": "4696b385407ad6b0987fd583123687b0212d8d8eba296b2ed88cbba28c3103d6", "size": 32748, "path": "media/images/Class Images_0_4696b385407ad6b0987f.png", "format": "png", "width": 1500, "height": 600}, "_timestamp": 1716126293.7202733, "_runtime": 115.82808232307434, "_step": 10, "train_loss": 0.7332945418730776, "val_loss": 0.6433193091696335, "train_acc": 0.7157962962962963, "val_acc": 0.7056666666666667, "_wandb": {"runtime": 115}}