{"Class Images": {"_type": "image-file", "sha256": "4696b385407ad6b0987fd583123687b0212d8d8eba296b2ed88cbba28c3103d6", "size": 32748, "path": "media/images/Class Images_0_4696b385407ad6b0987f.png", "format": "png", "width": 1500, "height": 600}, "_timestamp": 1716105320.1964693, "_runtime": 86.9628472328186, "_step": 10, "train_loss": 0.12348175711964311, "val_loss": 0.12029914112392796, "train_acc": 0.8482592592592593, "val_acc": 0.845, "_wandb": {"runtime": 86}}