{"Class Images": {"_type": "image-file", "sha256": "4696b385407ad6b0987fd583123687b0212d8d8eba296b2ed88cbba28c3103d6", "size": 32748, "path": "media/images/Class Images_0_4696b385407ad6b0987f.png", "format": "png", "width": 1500, "height": 600}, "_timestamp": 1716218374.242568, "_runtime": 70.47270512580872, "_step": 10, "train_loss": 0.041031933510156465, "val_loss": 0.03949759192313035, "train_acc": 0.11464814814814815, "val_acc": 0.1185, "_wandb": {"runtime": 69}}