{"Class Images": {"_type": "image-file", "sha256": "4696b385407ad6b0987fd583123687b0212d8d8eba296b2ed88cbba28c3103d6", "size": 32748, "path": "media/images/Class Images_0_4696b385407ad6b0987f.png", "format": "png", "width": 1500, "height": 600}, "_timestamp": 1716198987.675769, "_runtime": 112.20382118225098, "_step": 10, "train_loss": -0.005137603676468667, "val_loss": -0.003448605565539664, "train_acc": 0.7771296296296296, "val_acc": 0.7696666666666667, "_wandb": {"runtime": 111}}