{"Class Images": {"_type": "image-file", "sha256": "4696b385407ad6b0987fd583123687b0212d8d8eba296b2ed88cbba28c3103d6", "size": 32748, "path": "media/images/Class Images_0_4696b385407ad6b0987f.png", "format": "png", "width": 1500, "height": 600}, "_timestamp": 1716198406.710306, "_runtime": 87.71412801742554, "_step": 10, "train_loss": -0.23188574060729464, "val_loss": -0.23216171700138566, "train_acc": 0.7918148148148149, "val_acc": 0.7863333333333333, "_wandb": {"runtime": 86}}