{"Class Images": {"_type": "image-file", "sha256": "4696b385407ad6b0987fd583123687b0212d8d8eba296b2ed88cbba28c3103d6", "size": 32748, "path": "media/images/Class Images_0_4696b385407ad6b0987f.png", "format": "png", "width": 1500, "height": 600}, "_timestamp": 1716101374.3278685, "_runtime": 94.49322843551636, "_step": 10, "train_loss": 2.5623169329197917, "val_loss": 2.3860087617786117, "train_acc": 0.6466296296296297, "val_acc": 0.6436666666666667, "_wandb": {"runtime": 93}}