{"Class Images": {"_type": "image-file", "sha256": "4696b385407ad6b0987fd583123687b0212d8d8eba296b2ed88cbba28c3103d6", "size": 32748, "path": "media/images/Class Images_0_4696b385407ad6b0987f.png", "format": "png", "width": 1500, "height": 600}, "_timestamp": 1716143208.6683075, "_runtime": 62.47090554237366, "_step": 5, "train_loss": 0.02586953293420591, "val_loss": -0.029474583631445343, "train_acc": 0.639537037037037, "val_acc": 0.6311666666666667, "_wandb": {"runtime": 61}}