{"Class Images": {"_type": "image-file", "sha256": "4696b385407ad6b0987fd583123687b0212d8d8eba296b2ed88cbba28c3103d6", "size": 32748, "path": "media/images/Class Images_0_4696b385407ad6b0987f.png", "format": "png", "width": 1500, "height": 600}, "_timestamp": 1716098137.719417, "_runtime": 37.93691110610962, "_step": 5, "train_loss": 1.9870643930712752, "val_loss": 1.8487594121680786, "train_acc": 0.6172777777777778, "val_acc": 0.6118333333333333, "_wandb": {"runtime": 37}}