{"Class Images": {"_type": "image-file", "sha256": "4696b385407ad6b0987fd583123687b0212d8d8eba296b2ed88cbba28c3103d6", "size": 32748, "path": "media/images/Class Images_0_4696b385407ad6b0987f.png", "format": "png", "width": 1500, "height": 600}, "_timestamp": 1716187683.4758391, "_runtime": 158.26112508773804, "_step": 10, "train_loss": -0.05805208614614322, "val_loss": -0.0619215552778048, "train_acc": 0.7323888888888889, "val_acc": 0.7276666666666667, "_wandb": {"runtime": 157}}