{"Class Images": {"_type": "image-file", "sha256": "4696b385407ad6b0987fd583123687b0212d8d8eba296b2ed88cbba28c3103d6", "size": 32748, "path": "media/images/Class Images_0_4696b385407ad6b0987f.png", "format": "png", "width": 1500, "height": 600}, "_timestamp": 1716117227.622722, "_runtime": 90.70497393608093, "_step": 10, "train_loss": 0.8421438650493931, "val_loss": 0.8353311656756889, "train_acc": 0.10005555555555555, "val_acc": 0.0995, "_wandb": {"runtime": 89}}