{"Class Images": {"_type": "image-file", "sha256": "4696b385407ad6b0987fd583123687b0212d8d8eba296b2ed88cbba28c3103d6", "size": 32748, "path": "media/images/Class Images_0_4696b385407ad6b0987f.png", "format": "png", "width": 1500, "height": 600}, "_timestamp": 1716215772.7452416, "_runtime": 78.04200172424316, "_step": 5, "train_loss": 0.03888129107435312, "val_loss": 0.03579902812891552, "train_acc": 0.10796296296296297, "val_acc": 0.10683333333333334, "_wandb": {"runtime": 77}}