{"Class Images": {"_type": "image-file", "sha256": "4696b385407ad6b0987fd583123687b0212d8d8eba296b2ed88cbba28c3103d6", "size": 32748, "path": "media/images/Class Images_0_4696b385407ad6b0987f.png", "format": "png", "width": 1500, "height": 600}, "_timestamp": 1716107139.1182177, "_runtime": 72.3105115890503, "_step": 10, "train_loss": 1.042169646030472, "val_loss": 0.984008396874684, "train_acc": 0.5464074074074075, "val_acc": 0.5433333333333333, "_wandb": {"runtime": 71}}