{"Class Images": {"_type": "image-file", "sha256": "4696b385407ad6b0987fd583123687b0212d8d8eba296b2ed88cbba28c3103d6", "size": 32748, "path": "media/images/Class Images_0_4696b385407ad6b0987f.png", "format": "png", "width": 1500, "height": 600}, "_timestamp": 1716197357.7983248, "_runtime": 80.42417883872986, "_step": 5, "train_loss": -0.014172258686308297, "val_loss": -0.024875560702198138, "train_acc": 0.6974259259259259, "val_acc": 0.6918333333333333, "_wandb": {"runtime": 79}}