{"Class Images": {"_type": "image-file", "sha256": "4696b385407ad6b0987fd583123687b0212d8d8eba296b2ed88cbba28c3103d6", "size": 32748, "path": "media/images/Class Images_0_4696b385407ad6b0987f.png", "format": "png", "width": 1500, "height": 600}, "_timestamp": 1716130719.5274844, "_runtime": 105.16726851463318, "_step": 10, "train_loss": -0.2522740375976282, "val_loss": -0.2557685345951858, "train_acc": 0.6220740740740741, "val_acc": 0.6143333333333333, "_wandb": {"runtime": 104}}