{"Class Images": {"_type": "image-file", "sha256": "4696b385407ad6b0987fd583123687b0212d8d8eba296b2ed88cbba28c3103d6", "size": 32748, "path": "media/images/Class Images_0_4696b385407ad6b0987f.png", "format": "png", "width": 1500, "height": 600}, "_timestamp": 1716147700.9712698, "_runtime": 55.5680148601532, "_step": 5, "train_loss": 0.3470766999360197, "val_loss": 0.33103089739846614, "train_acc": 0.6867962962962963, "val_acc": 0.6948333333333333, "_wandb": {"runtime": 54}}