{"Class Images": {"_type": "image-file", "sha256": "4696b385407ad6b0987fd583123687b0212d8d8eba296b2ed88cbba28c3103d6", "size": 32748, "path": "media/images/Class Images_0_4696b385407ad6b0987f.png", "format": "png", "width": 1500, "height": 600}, "_timestamp": 1716140535.4089363, "_runtime": 108.19128918647766, "_step": 10, "train_loss": -0.030304037578501523, "val_loss": 0.0905957383775148, "train_acc": 0.16416666666666666, "val_acc": 0.1035, "_wandb": {"runtime": 107}}