{"Class Images": {"_type": "image-file", "sha256": "4696b385407ad6b0987fd583123687b0212d8d8eba296b2ed88cbba28c3103d6", "size": 32748, "path": "media/images/Class Images_0_4696b385407ad6b0987f.png", "format": "png", "width": 1500, "height": 600}, "_timestamp": 1716182540.302899, "_runtime": 95.52570486068726, "_step": 10, "train_loss": 0.7865671228786072, "val_loss": 0.7877626605915734, "train_acc": 0.19435185185185186, "val_acc": 0.195, "_wandb": {"runtime": 94}}