{"Class Images": {"_type": "image-file", "sha256": "4696b385407ad6b0987fd583123687b0212d8d8eba296b2ed88cbba28c3103d6", "size": 32748, "path": "media/images/Class Images_0_4696b385407ad6b0987f.png", "format": "png", "width": 1500, "height": 600}, "_timestamp": 1716135718.1106246, "_runtime": 60.10358166694641, "_step": 5, "train_loss": -0.21159776268556726, "val_loss": -0.2457927662911005, "train_acc": 0.7164814814814815, "val_acc": 0.7083333333333334, "_wandb": {"runtime": 59}}