{"Class Images": {"_type": "image-file", "sha256": "4696b385407ad6b0987fd583123687b0212d8d8eba296b2ed88cbba28c3103d6", "size": 32748, "path": "media/images/Class Images_0_4696b385407ad6b0987f.png", "format": "png", "width": 1500, "height": 600}, "_timestamp": 1716207957.7736602, "_runtime": 151.2891092300415, "_step": 10, "train_loss": -0.08038498177295907, "val_loss": -0.07990268259623555, "train_acc": 0.8062777777777778, "val_acc": 0.7993333333333333, "_wandb": {"runtime": 150}}