{"Class Images": {"_type": "image-file", "sha256": "4696b385407ad6b0987fd583123687b0212d8d8eba296b2ed88cbba28c3103d6", "size": 32748, "path": "media/images/Class Images_0_4696b385407ad6b0987f.png", "format": "png", "width": 1500, "height": 600}, "_timestamp": 1716162723.4854217, "_runtime": 107.39076566696167, "_step": 10, "train_loss": 2.6759149265036304, "val_loss": 2.51679990629299, "train_acc": 0.4681666666666667, "val_acc": 0.4681666666666667, "_wandb": {"runtime": 106}}