{"Class Images": {"_type": "image-file", "sha256": "4696b385407ad6b0987fd583123687b0212d8d8eba296b2ed88cbba28c3103d6", "size": 32748, "path": "media/images/Class Images_0_4696b385407ad6b0987f.png", "format": "png", "width": 1500, "height": 600}, "_timestamp": 1716136950.6038625, "_runtime": 94.90276861190796, "_step": 10, "train_loss": 2.568405816954255, "val_loss": 2.401778668497715, "train_acc": 0.6411851851851852, "val_acc": 0.6336666666666667, "_wandb": {"runtime": 94}}