{"Class Images": {"_type": "image-file", "sha256": "4696b385407ad6b0987fd583123687b0212d8d8eba296b2ed88cbba28c3103d6", "size": 32748, "path": "media/images/Class Images_0_4696b385407ad6b0987f.png", "format": "png", "width": 1500, "height": 600}, "_timestamp": 1716094010.7548926, "_runtime": 57.00547552108765, "_step": 5, "train_loss": 0.5131241643692024, "val_loss": 0.49727796360110005, "train_acc": 0.6488333333333334, "val_acc": 0.6565, "_wandb": {"runtime": 56}}