{"Class Images": {"_type": "image-file", "sha256": "4696b385407ad6b0987fd583123687b0212d8d8eba296b2ed88cbba28c3103d6", "size": 32748, "path": "media/images/Class Images_0_4696b385407ad6b0987f.png", "format": "png", "width": 1500, "height": 600}, "_timestamp": 1716157325.6471038, "_runtime": 61.25753879547119, "_step": 5, "train_loss": 5.043265477655075, "val_loss": 4.777177373777844, "train_acc": 0.6846481481481481, "val_acc": 0.6763333333333333, "_wandb": {"runtime": 60}}