{"Class Images": {"_type": "image-file", "sha256": "4696b385407ad6b0987fd583123687b0212d8d8eba296b2ed88cbba28c3103d6", "size": 32748, "path": "media/images/Class Images_0_4696b385407ad6b0987f.png", "format": "png", "width": 1500, "height": 600}, "_timestamp": 1716185131.1328688, "_runtime": 53.90747570991516, "_step": 5, "train_loss": 5.619921414494604, "val_loss": 5.241751946951689, "train_acc": 0.09961111111111111, "val_acc": 0.1035, "_wandb": {"runtime": 53}}