{"Class Images": {"_type": "image-file", "sha256": "4696b385407ad6b0987fd583123687b0212d8d8eba296b2ed88cbba28c3103d6", "size": 32748, "path": "media/images/Class Images_0_4696b385407ad6b0987f.png", "format": "png", "width": 1500, "height": 600}, "_timestamp": 1716209940.6522975, "_runtime": 93.90588641166687, "_step": 10, "train_loss": -0.15899610539024753, "val_loss": -0.16265949848416966, "train_acc": 0.720037037037037, "val_acc": 0.7163333333333334, "_wandb": {"runtime": 93}}