{"Class Images": {"_type": "image-file", "sha256": "4696b385407ad6b0987fd583123687b0212d8d8eba296b2ed88cbba28c3103d6", "size": 32748, "path": "media/images/Class Images_0_4696b385407ad6b0987f.png", "format": "png", "width": 1500, "height": 600}, "_timestamp": 1716142380.2246602, "_runtime": 59.39270305633545, "_step": 5, "train_loss": -0.07830768657840413, "val_loss": -0.08137334794147114, "train_acc": 0.09807407407407408, "val_acc": 0.09166666666666666, "_wandb": {"runtime": 58}}