{"Class Images": {"_type": "image-file", "sha256": "4696b385407ad6b0987fd583123687b0212d8d8eba296b2ed88cbba28c3103d6", "size": 32748, "path": "media/images/Class Images_0_4696b385407ad6b0987f.png", "format": "png", "width": 1500, "height": 600}, "_timestamp": 1716171771.8569376, "_runtime": 125.40865468978882, "_step": 10, "train_loss": 0.7762969129289936, "val_loss": 0.6806952151424278, "train_acc": 0.7729444444444444, "val_acc": 0.7673333333333333, "_wandb": {"runtime": 124}}