{"Class Images": {"_type": "image-file", "sha256": "4696b385407ad6b0987fd583123687b0212d8d8eba296b2ed88cbba28c3103d6", "size": 32748, "path": "media/images/Class Images_0_4696b385407ad6b0987f.png", "format": "png", "width": 1500, "height": 600}, "_timestamp": 1716170208.1907406, "_runtime": 131.2268204689026, "_step": 10, "train_loss": 0.13127446315223884, "val_loss": 0.1346472128656205, "train_acc": 0.10511111111111111, "val_acc": 0.10583333333333333, "_wandb": {"runtime": 130}}