{"Class Images": {"_type": "image-file", "sha256": "4696b385407ad6b0987fd583123687b0212d8d8eba296b2ed88cbba28c3103d6", "size": 32748, "path": "media/images/Class Images_0_4696b385407ad6b0987f.png", "format": "png", "width": 1500, "height": 600}, "_timestamp": 1716084784.905653, "_runtime": 98.9321870803833, "_step": 10, "train_loss": 0.2358615298080441, "val_loss": 0.17247565055879302, "train_acc": 0.10088888888888889, "val_acc": 0.09166666666666666, "_wandb": {"runtime": 98}}