{"Class Images": {"_type": "image-file", "sha256": "4696b385407ad6b0987fd583123687b0212d8d8eba296b2ed88cbba28c3103d6", "size": 32748, "path": "media/images/Class Images_0_4696b385407ad6b0987f.png", "format": "png", "width": 1500, "height": 600}, "_timestamp": 1716089119.4873312, "_runtime": 75.31402826309204, "_step": 10, "train_loss": 0.4137738840461726, "val_loss": 0.4116468135862284, "train_acc": 0.1087962962962963, "val_acc": 0.10716666666666666, "_wandb": {"runtime": 74}}