{"Class Images": {"_type": "image-file", "sha256": "4696b385407ad6b0987fd583123687b0212d8d8eba296b2ed88cbba28c3103d6", "size": 32748, "path": "media/images/Class Images_0_4696b385407ad6b0987f.png", "format": "png", "width": 1500, "height": 600}, "_timestamp": 1716221005.6629665, "_runtime": 97.29023838043213, "_step": 10, "train_loss": -0.48829733590766994, "val_loss": -0.4925093950799016, "train_acc": 0.8178703703703704, "val_acc": 0.8105, "_wandb": {"runtime": 96}}