{"Class Images": {"_type": "image-file", "sha256": "4696b385407ad6b0987fd583123687b0212d8d8eba296b2ed88cbba28c3103d6", "size": 32748, "path": "media/images/Class Images_0_4696b385407ad6b0987f.png", "format": "png", "width": 1500, "height": 600}, "_timestamp": 1716165581.1024606, "_runtime": 49.76249170303345, "_step": 5, "train_loss": 5.685536938041796, "val_loss": 5.287870216212701, "train_acc": 0.10018518518518518, "val_acc": 0.09833333333333333, "_wandb": {"runtime": 49}}