{"Class Images": {"_type": "image-file", "sha256": "4696b385407ad6b0987fd583123687b0212d8d8eba296b2ed88cbba28c3103d6", "size": 32748, "path": "media/images/Class Images_0_4696b385407ad6b0987f.png", "format": "png", "width": 1500, "height": 600}, "_timestamp": 1716101630.8704562, "_runtime": 131.5016951560974, "_step": 10, "train_loss": 0.09659487245238035, "val_loss": 0.09547856754158185, "train_acc": 0.7533333333333333, "val_acc": 0.7425, "_wandb": {"runtime": 130}}