{"Class Images": {"_type": "image-file", "sha256": "4696b385407ad6b0987fd583123687b0212d8d8eba296b2ed88cbba28c3103d6", "size": 32748, "path": "media/images/Class Images_0_4696b385407ad6b0987f.png", "format": "png", "width": 1500, "height": 600}, "_timestamp": 1716103081.0673795, "_runtime": 145.49300241470337, "_step": 10, "train_loss": 7.702195013076525, "val_loss": 7.594399551955435, "train_acc": 0.701925925925926, "val_acc": 0.7006666666666667, "_wandb": {"runtime": 144}}