{"Class Images": {"_type": "image-file", "sha256": "4696b385407ad6b0987fd583123687b0212d8d8eba296b2ed88cbba28c3103d6", "size": 32748, "path": "media/images/Class Images_0_4696b385407ad6b0987f.png", "format": "png", "width": 1500, "height": 600}, "_timestamp": 1716101464.6457007, "_runtime": 72.38444757461548, "_step": 5, "train_loss": 0.04468471513600083, "val_loss": 0.052373943365877085, "train_acc": 0.11907407407407407, "val_acc": 0.1135, "_wandb": {"runtime": 71}}