{"Class Images": {"_type": "image-file", "sha256": "4696b385407ad6b0987fd583123687b0212d8d8eba296b2ed88cbba28c3103d6", "size": 32748, "path": "media/images/Class Images_0_4696b385407ad6b0987f.png", "format": "png", "width": 1500, "height": 600}, "_timestamp": 1716110609.5573058, "_runtime": 88.80038285255432, "_step": 10, "train_loss": 0.9771206738612113, "val_loss": 0.97782784371779, "train_acc": 0.07025925925925926, "val_acc": 0.07366666666666667, "_wandb": {"runtime": 88}}