{"Class Images": {"_type": "image-file", "sha256": "4696b385407ad6b0987fd583123687b0212d8d8eba296b2ed88cbba28c3103d6", "size": 32748, "path": "media/images/Class Images_0_4696b385407ad6b0987f.png", "format": "png", "width": 1500, "height": 600}, "_timestamp": 1716213859.2356477, "_runtime": 78.39366960525513, "_step": 5, "train_loss": 3.116928068478404, "val_loss": 2.8246184036916024, "train_acc": 0.6636481481481481, "val_acc": 0.6701666666666667, "_wandb": {"runtime": 77}}