{"Class Images": {"_type": "image-file", "sha256": "4696b385407ad6b0987fd583123687b0212d8d8eba296b2ed88cbba28c3103d6", "size": 32748, "path": "media/images/Class Images_0_4696b385407ad6b0987f.png", "format": "png", "width": 1500, "height": 600}, "_timestamp": 1716165678.992493, "_runtime": 42.29294681549072, "_step": 5, "train_loss": 4.307123526234749, "val_loss": 4.303655365333537, "train_acc": 0.06388888888888888, "val_acc": 0.065, "_wandb": {"runtime": 41}}