{"Class Images": {"_type": "image-file", "sha256": "4696b385407ad6b0987fd583123687b0212d8d8eba296b2ed88cbba28c3103d6", "size": 32748, "path": "media/images/Class Images_0_4696b385407ad6b0987f.png", "format": "png", "width": 1500, "height": 600}, "_timestamp": 1716097171.6581, "_runtime": 86.44675397872925, "_step": 10, "train_loss": 4.031721318402001, "val_loss": 4.025290484508136, "train_acc": 0.3091111111111111, "val_acc": 0.31133333333333335, "_wandb": {"runtime": 85}}