{"Class Images": {"_type": "image-file", "sha256": "4696b385407ad6b0987fd583123687b0212d8d8eba296b2ed88cbba28c3103d6", "size": 32748, "path": "media/images/Class Images_0_4696b385407ad6b0987f.png", "format": "png", "width": 1500, "height": 600}, "_timestamp": 1716111664.0449688, "_runtime": 105.87344193458557, "_step": 10, "train_loss": -0.3790962171443353, "val_loss": -0.3743619456296476, "train_acc": 0.56, "val_acc": 0.5545, "_wandb": {"runtime": 105}}