{"Class Images": {"_type": "image-file", "sha256": "4696b385407ad6b0987fd583123687b0212d8d8eba296b2ed88cbba28c3103d6", "size": 32748, "path": "media/images/Class Images_0_4696b385407ad6b0987f.png", "format": "png", "width": 1500, "height": 600}, "_timestamp": 1716178687.0054815, "_runtime": 59.192153453826904, "_step": 5, "train_loss": -0.3063362426611848, "val_loss": -0.3085261020878266, "train_acc": 0.753462962962963, "val_acc": 0.748, "_wandb": {"runtime": 58}}