{"Class Images": {"_type": "image-file", "sha256": "4696b385407ad6b0987fd583123687b0212d8d8eba296b2ed88cbba28c3103d6", "size": 32748, "path": "media/images/Class Images_0_4696b385407ad6b0987f.png", "format": "png", "width": 1500, "height": 600}, "_timestamp": 1716132793.5310078, "_runtime": 92.91402769088745, "_step": 10, "train_loss": -0.4063841345310774, "val_loss": -0.40990706360302664, "train_acc": 0.6893148148148148, "val_acc": 0.6905, "_wandb": {"runtime": 92}}