{"Class Images": {"_type": "image-file", "sha256": "4696b385407ad6b0987fd583123687b0212d8d8eba296b2ed88cbba28c3103d6", "size": 32748, "path": "media/images/Class Images_0_4696b385407ad6b0987f.png", "format": "png", "width": 1500, "height": 600}, "_timestamp": 1716223610.9147797, "_runtime": 83.39200258255005, "_step": 5, "train_loss": -0.26725702085319886, "val_loss": -0.29271648996189126, "train_acc": 0.7843888888888889, "val_acc": 0.7808333333333334, "_wandb": {"runtime": 82}}