{"Class Images": {"_type": "image-file", "sha256": "4696b385407ad6b0987fd583123687b0212d8d8eba296b2ed88cbba28c3103d6", "size": 32748, "path": "media/images/Class Images_0_4696b385407ad6b0987f.png", "format": "png", "width": 1500, "height": 600}, "_timestamp": 1716224431.7509236, "_runtime": 116.30360770225525, "_step": 10, "train_loss": -0.40020747917465865, "val_loss": -0.4098229519091807, "train_acc": 0.8597407407407407, "val_acc": 0.8561666666666666, "_wandb": {"runtime": 115}}