{"Class Images": {"_type": "image-file", "sha256": "4696b385407ad6b0987fd583123687b0212d8d8eba296b2ed88cbba28c3103d6", "size": 32748, "path": "media/images/Class Images_0_4696b385407ad6b0987f.png", "format": "png", "width": 1500, "height": 600}, "_timestamp": 1716159187.3745933, "_runtime": 57.43723225593567, "_step": 5, "train_loss": 0.26321338454210486, "val_loss": 0.22248757456083462, "train_acc": 0.10822222222222222, "val_acc": 0.0995, "_wandb": {"runtime": 55}}