{"Class Images": {"_type": "image-file", "sha256": "4696b385407ad6b0987fd583123687b0212d8d8eba296b2ed88cbba28c3103d6", "size": 32748, "path": "media/images/Class Images_0_4696b385407ad6b0987f.png", "format": "png", "width": 1500, "height": 600}, "_timestamp": 1716204335.1321032, "_runtime": 106.94733023643494, "_step": 10, "train_loss": 3.3033589428641696, "val_loss": 3.131166867862547, "train_acc": 0.5435, "val_acc": 0.5421666666666667, "_wandb": {"runtime": 106}}