{"Class Images": {"_type": "image-file", "sha256": "4696b385407ad6b0987fd583123687b0212d8d8eba296b2ed88cbba28c3103d6", "size": 32748, "path": "media/images/Class Images_0_4696b385407ad6b0987f.png", "format": "png", "width": 1500, "height": 600}, "_timestamp": 1716168300.0515943, "_runtime": 102.55562114715576, "_step": 10, "train_loss": -0.4450301132590822, "val_loss": -0.4515014893506262, "train_acc": 0.8574259259259259, "val_acc": 0.8486666666666667, "_wandb": {"runtime": 101}}