{"Class Images": {"_type": "image-file", "sha256": "4696b385407ad6b0987fd583123687b0212d8d8eba296b2ed88cbba28c3103d6", "size": 32748, "path": "media/images/Class Images_0_4696b385407ad6b0987f.png", "format": "png", "width": 1500, "height": 600}, "_timestamp": 1716185405.7808878, "_runtime": 94.99883675575256, "_step": 10, "train_loss": 0.483256980158094, "val_loss": 0.4795588057731991, "train_acc": 0.6411666666666667, "val_acc": 0.6365, "_wandb": {"runtime": 94}}