{"Class Images": {"_type": "image-file", "sha256": "4696b385407ad6b0987fd583123687b0212d8d8eba296b2ed88cbba28c3103d6", "size": 32748, "path": "media/images/Class Images_0_4696b385407ad6b0987f.png", "format": "png", "width": 1500, "height": 600}, "_timestamp": 1716087994.4279807, "_runtime": 90.01843857765198, "_step": 10, "train_loss": -0.4821592537599147, "val_loss": -0.4721523563960339, "train_acc": 0.8612777777777778, "val_acc": 0.8455, "_wandb": {"runtime": 89}}