{"Class Images": {"_type": "image-file", "sha256": "4696b385407ad6b0987fd583123687b0212d8d8eba296b2ed88cbba28c3103d6", "size": 32748, "path": "media/images/Class Images_0_4696b385407ad6b0987f.png", "format": "png", "width": 1500, "height": 600}, "_timestamp": 1716135156.4629905, "_runtime": 123.00493454933167, "_step": 10, "train_loss": 7.900438415030762, "val_loss": 7.777520129831981, "train_acc": 0.46514814814814814, "val_acc": 0.4735, "_wandb": {"runtime": 122}}