{"Class Images": {"_type": "image-file", "sha256": "4696b385407ad6b0987fd583123687b0212d8d8eba296b2ed88cbba28c3103d6", "size": 32748, "path": "media/images/Class Images_0_4696b385407ad6b0987f.png", "format": "png", "width": 1500, "height": 600}, "_timestamp": 1716158793.296248, "_runtime": 60.92373204231262, "_step": 5, "train_loss": -0.20328164056636971, "val_loss": -0.24411521885927967, "train_acc": 0.7961296296296296, "val_acc": 0.8096666666666666, "_wandb": {"runtime": 60}}