{"Class Images": {"_type": "image-file", "sha256": "4696b385407ad6b0987fd583123687b0212d8d8eba296b2ed88cbba28c3103d6", "size": 32748, "path": "media/images/Class Images_0_4696b385407ad6b0987f.png", "format": "png", "width": 1500, "height": 600}, "_timestamp": 1716095228.5321155, "_runtime": 85.64877939224243, "_step": 10, "train_loss": 3.009451770499572, "val_loss": 2.972973543650508, "train_acc": 0.47114814814814815, "val_acc": 0.46266666666666667, "_wandb": {"runtime": 84}}