{"Class Images": {"_type": "image-file", "sha256": "4696b385407ad6b0987fd583123687b0212d8d8eba296b2ed88cbba28c3103d6", "size": 32748, "path": "media/images/Class Images_0_4696b385407ad6b0987f.png", "format": "png", "width": 1500, "height": 600}, "_timestamp": 1716112110.868608, "_runtime": 56.294941902160645, "_step": 5, "train_loss": -0.24791143826886053, "val_loss": -0.2716920693339635, "train_acc": 0.5609074074074074, "val_acc": 0.5693333333333334, "_wandb": {"runtime": 55}}