{"Class Images": {"_type": "image-file", "sha256": "4696b385407ad6b0987fd583123687b0212d8d8eba296b2ed88cbba28c3103d6", "size": 32748, "path": "media/images/Class Images_0_4696b385407ad6b0987f.png", "format": "png", "width": 1500, "height": 600}, "_timestamp": 1716201650.1487792, "_runtime": 88.68110918998718, "_step": 10, "train_loss": -0.4164506528589384, "val_loss": -0.41282948564003735, "train_acc": 0.7708888888888888, "val_acc": 0.763, "_wandb": {"runtime": 87}}