{"Class Images": {"_type": "image-file", "sha256": "4696b385407ad6b0987fd583123687b0212d8d8eba296b2ed88cbba28c3103d6", "size": 32748, "path": "media/images/Class Images_0_4696b385407ad6b0987f.png", "format": "png", "width": 1500, "height": 600}, "_timestamp": 1716106001.3317828, "_runtime": 90.40675187110901, "_step": 10, "train_loss": 9.323137119615625, "val_loss": 9.258929115693661, "train_acc": 0.10024074074074074, "val_acc": 0.09783333333333333, "_wandb": {"runtime": 89}}