{"Class Images": {"_type": "image-file", "sha256": "4696b385407ad6b0987fd583123687b0212d8d8eba296b2ed88cbba28c3103d6", "size": 32748, "path": "media/images/Class Images_0_4696b385407ad6b0987f.png", "format": "png", "width": 1500, "height": 600}, "_timestamp": 1716229214.2308235, "_runtime": 66.57575845718384, "_step": 10, "train_loss": 2.074157381130807, "val_loss": 2.0743647903409546, "train_acc": 0.11305555555555556, "val_acc": 0.11483333333333333, "_wandb": {"runtime": 65}}