{"Class Images": {"_type": "image-file", "sha256": "4696b385407ad6b0987fd583123687b0212d8d8eba296b2ed88cbba28c3103d6", "size": 32748, "path": "media/images/Class Images_0_4696b385407ad6b0987f.png", "format": "png", "width": 1500, "height": 600}, "_timestamp": 1716137073.9510431, "_runtime": 96.72301316261292, "_step": 10, "train_loss": 0.2866188628673586, "val_loss": 0.29374513383302064, "train_acc": 0.6555925925925926, "val_acc": 0.6461666666666667, "_wandb": {"runtime": 96}}