{"Class Images": {"_type": "image-file", "sha256": "4696b385407ad6b0987fd583123687b0212d8d8eba296b2ed88cbba28c3103d6", "size": 32748, "path": "media/images/Class Images_0_4696b385407ad6b0987f.png", "format": "png", "width": 1500, "height": 600}, "_timestamp": 1716141737.8501759, "_runtime": 73.82452988624573, "_step": 5, "train_loss": -0.04944885609904439, "val_loss": -0.06494336772776123, "train_acc": 0.7510925925925926, "val_acc": 0.7508333333333334, "_wandb": {"runtime": 73}}