{"Class Images": {"_type": "image-file", "sha256": "4696b385407ad6b0987fd583123687b0212d8d8eba296b2ed88cbba28c3103d6", "size": 32748, "path": "media/images/Class Images_0_4696b385407ad6b0987f.png", "format": "png", "width": 1500, "height": 600}, "_timestamp": 1716091118.786586, "_runtime": 83.35768604278564, "_step": 10, "train_loss": 0.9527569129062922, "val_loss": 0.9041796503667155, "train_acc": 0.6462777777777777, "val_acc": 0.6333333333333333, "_wandb": {"runtime": 82}}