{"Class Images": {"_type": "image-file", "sha256": "4696b385407ad6b0987fd583123687b0212d8d8eba296b2ed88cbba28c3103d6", "size": 32748, "path": "media/images/Class Images_0_4696b385407ad6b0987f.png", "format": "png", "width": 1500, "height": 600}, "_timestamp": 1716112420.375136, "_runtime": 176.73228478431702, "_step": 10, "train_loss": -0.16808586436018277, "val_loss": -0.20703615864384847, "train_acc": 0.7787222222222222, "val_acc": 0.7746666666666666, "_wandb": {"runtime": 175}}