{"Class Images": {"_type": "image-file", "sha256": "4696b385407ad6b0987fd583123687b0212d8d8eba296b2ed88cbba28c3103d6", "size": 32748, "path": "media/images/Class Images_0_4696b385407ad6b0987f.png", "format": "png", "width": 1500, "height": 600}, "_timestamp": 1716145561.373427, "_runtime": 117.3578360080719, "_step": 10, "train_loss": -0.4114274461918861, "val_loss": -0.41893747583296503, "train_acc": 0.8221111111111111, "val_acc": 0.8143333333333334, "_wandb": {"runtime": 116}}