{"Class Images": {"_type": "image-file", "sha256": "4696b385407ad6b0987fd583123687b0212d8d8eba296b2ed88cbba28c3103d6", "size": 32748, "path": "media/images/Class Images_0_4696b385407ad6b0987f.png", "format": "png", "width": 1500, "height": 600}, "_timestamp": 1716203800.5570946, "_runtime": 166.18273854255676, "_step": 10, "train_loss": 0.0733852299941795, "val_loss": 0.06378775623759686, "train_acc": 0.8292037037037037, "val_acc": 0.829, "_wandb": {"runtime": 165}}