{"Class Images": {"_type": "image-file", "sha256": "4696b385407ad6b0987fd583123687b0212d8d8eba296b2ed88cbba28c3103d6", "size": 32748, "path": "media/images/Class Images_0_4696b385407ad6b0987f.png", "format": "png", "width": 1500, "height": 600}, "_timestamp": 1716168053.7900755, "_runtime": 136.0759015083313, "_step": 10, "train_loss": 0.947735914378472, "val_loss": 0.9466664679924789, "train_acc": 0.1842962962962963, "val_acc": 0.18733333333333332, "_wandb": {"runtime": 135}}