{"Class Images": {"_type": "image-file", "sha256": "4696b385407ad6b0987fd583123687b0212d8d8eba296b2ed88cbba28c3103d6", "size": 32748, "path": "media/images/Class Images_0_4696b385407ad6b0987f.png", "format": "png", "width": 1500, "height": 600}, "_timestamp": 1716173940.1441963, "_runtime": 97.91246724128723, "_step": 10, "train_loss": 2.262935332796715, "val_loss": 2.1213284993644925, "train_acc": 0.6399074074074074, "val_acc": 0.6265, "_wandb": {"runtime": 97}}