{"Class Images": {"_type": "image-file", "sha256": "4696b385407ad6b0987fd583123687b0212d8d8eba296b2ed88cbba28c3103d6", "size": 32748, "path": "media/images/Class Images_0_4696b385407ad6b0987f.png", "format": "png", "width": 1500, "height": 600}, "_timestamp": 1716171104.4628909, "_runtime": 103.82079291343689, "_step": 10, "train_loss": 2.8030788885457256, "val_loss": 2.6536155260728225, "train_acc": 0.7078518518518518, "val_acc": 0.6976666666666667, "_wandb": {"runtime": 103}}