{"Class Images": {"_type": "image-file", "sha256": "4696b385407ad6b0987fd583123687b0212d8d8eba296b2ed88cbba28c3103d6", "size": 32748, "path": "media/images/Class Images_0_4696b385407ad6b0987f.png", "format": "png", "width": 1500, "height": 600}, "_timestamp": 1716136455.701164, "_runtime": 126.67609596252441, "_step": 10, "train_loss": 0.12491799733796485, "val_loss": 0.1250787694752016, "train_acc": 0.8072222222222222, "val_acc": 0.8006666666666666, "_wandb": {"runtime": 125}}