{"Class Images": {"_type": "image-file", "sha256": "4696b385407ad6b0987fd583123687b0212d8d8eba296b2ed88cbba28c3103d6", "size": 32748, "path": "media/images/Class Images_0_4696b385407ad6b0987f.png", "format": "png", "width": 1500, "height": 600}, "_timestamp": 1716146308.3899274, "_runtime": 70.86184430122375, "_step": 10, "train_loss": 1.0379006750832076, "val_loss": 0.9748409435528483, "train_acc": 0.5460555555555555, "val_acc": 0.5461666666666667, "_wandb": {"runtime": 70}}