{"Class Images": {"_type": "image-file", "sha256": "4696b385407ad6b0987fd583123687b0212d8d8eba296b2ed88cbba28c3103d6", "size": 32748, "path": "media/images/Class Images_0_4696b385407ad6b0987f.png", "format": "png", "width": 1500, "height": 600}, "_timestamp": 1716106878.8034012, "_runtime": 87.71646022796631, "_step": 10, "train_loss": 0.26258597931027833, "val_loss": 0.18594000483477124, "train_acc": 0.6002592592592593, "val_acc": 0.6411666666666667, "_wandb": {"runtime": 87}}