{"Class Images": {"_type": "image-file", "sha256": "4696b385407ad6b0987fd583123687b0212d8d8eba296b2ed88cbba28c3103d6", "size": 32748, "path": "media/images/Class Images_0_4696b385407ad6b0987f.png", "format": "png", "width": 1500, "height": 600}, "_timestamp": 1716109165.3500268, "_runtime": 66.9989607334137, "_step": 5, "train_loss": 0.5158484945743492, "val_loss": 0.5081243299695221, "train_acc": 0.5917222222222223, "val_acc": 0.5958333333333333, "_wandb": {"runtime": 66}}