{"Class Images": {"_type": "image-file", "sha256": "4696b385407ad6b0987fd583123687b0212d8d8eba296b2ed88cbba28c3103d6", "size": 32748, "path": "media/images/Class Images_0_4696b385407ad6b0987f.png", "format": "png", "width": 1500, "height": 600}, "_timestamp": 1716161428.3955815, "_runtime": 142.08801555633545, "_step": 10, "train_loss": -0.5537916338867406, "val_loss": -0.5576873659321112, "train_acc": 0.8204444444444444, "val_acc": 0.8085, "_wandb": {"runtime": 141}}