{"Class Images": {"_type": "image-file", "sha256": "4696b385407ad6b0987fd583123687b0212d8d8eba296b2ed88cbba28c3103d6", "size": 32748, "path": "media/images/Class Images_0_4696b385407ad6b0987f.png", "format": "png", "width": 1500, "height": 600}, "_timestamp": 1716084940.7345085, "_runtime": 51.95017147064209, "_step": 5, "train_loss": -0.0923667513490421, "val_loss": -0.09218743867318557, "train_acc": 0.09924074074074074, "val_acc": 0.09166666666666666, "_wandb": {"runtime": 51}}