{"Class Images": {"_type": "image-file", "sha256": "4696b385407ad6b0987fd583123687b0212d8d8eba296b2ed88cbba28c3103d6", "size": 32748, "path": "media/images/Class Images_0_4696b385407ad6b0987f.png", "format": "png", "width": 1500, "height": 600}, "_timestamp": 1716109306.0884037, "_runtime": 105.54774975776672, "_step": 10, "train_loss": 8.993412323368172, "val_loss": 8.923080890350459, "train_acc": 0.5114074074074074, "val_acc": 0.5118333333333334, "_wandb": {"runtime": 104}}