{"Class Images": {"_type": "image-file", "sha256": "4696b385407ad6b0987fd583123687b0212d8d8eba296b2ed88cbba28c3103d6", "size": 32748, "path": "media/images/Class Images_0_4696b385407ad6b0987f.png", "format": "png", "width": 1500, "height": 600}, "_timestamp": 1716116869.5782104, "_runtime": 52.07986545562744, "_step": 5, "train_loss": 8.908683402781806, "val_loss": 8.901015490916993, "train_acc": 0.1706851851851852, "val_acc": 0.1675, "_wandb": {"runtime": 51}}