{"Class Images": {"_type": "image-file", "sha256": "4696b385407ad6b0987fd583123687b0212d8d8eba296b2ed88cbba28c3103d6", "size": 32748, "path": "media/images/Class Images_0_4696b385407ad6b0987f.png", "format": "png", "width": 1500, "height": 600}, "_timestamp": 1716110778.352833, "_runtime": 108.81505012512207, "_step": 10, "train_loss": 8.925072904230674, "val_loss": 8.866712407235998, "train_acc": 0.5997037037037037, "val_acc": 0.5886666666666667, "_wandb": {"runtime": 108}}