{"Class Images": {"_type": "image-file", "sha256": "4696b385407ad6b0987fd583123687b0212d8d8eba296b2ed88cbba28c3103d6", "size": 32748, "path": "media/images/Class Images_0_4696b385407ad6b0987f.png", "format": "png", "width": 1500, "height": 600}, "_timestamp": 1716185014.8069355, "_runtime": 195.91998863220215, "_step": 10, "train_loss": 0.04164816191896756, "val_loss": 0.0191955749560007, "train_acc": 0.5322037037037037, "val_acc": 0.5288333333333334, "_wandb": {"runtime": 195}}