{"Class Images": {"_type": "image-file", "sha256": "4696b385407ad6b0987fd583123687b0212d8d8eba296b2ed88cbba28c3103d6", "size": 32748, "path": "media/images/Class Images_0_4696b385407ad6b0987f.png", "format": "png", "width": 1500, "height": 600}, "_timestamp": 1716176739.8389254, "_runtime": 105.87468647956848, "_step": 10, "train_loss": -0.7550877874411246, "val_loss": -0.7551277181824203, "train_acc": 0.8478518518518519, "val_acc": 0.8458333333333333, "_wandb": {"runtime": 105}}