{"Class Images": {"_type": "image-file", "sha256": "4696b385407ad6b0987fd583123687b0212d8d8eba296b2ed88cbba28c3103d6", "size": 32748, "path": "media/images/Class Images_0_4696b385407ad6b0987f.png", "format": "png", "width": 1500, "height": 600}, "_timestamp": 1716189861.0625334, "_runtime": 79.46794128417969, "_step": 10, "train_loss": -0.569949012227058, "val_loss": -0.5657367682041319, "train_acc": 0.8236296296296296, "val_acc": 0.816, "_wandb": {"runtime": 78}}