{"Class Images": {"_type": "image-file", "sha256": "4696b385407ad6b0987fd583123687b0212d8d8eba296b2ed88cbba28c3103d6", "size": 32748, "path": "media/images/Class Images_0_4696b385407ad6b0987f.png", "format": "png", "width": 1500, "height": 600}, "_timestamp": 1716208437.5205727, "_runtime": 115.34429454803467, "_step": 10, "train_loss": -0.7459886556682336, "val_loss": -0.756571367516152, "train_acc": 0.838037037037037, "val_acc": 0.8443333333333334, "_wandb": {"runtime": 114}}