{"Class Images": {"_type": "image-file", "sha256": "4696b385407ad6b0987fd583123687b0212d8d8eba296b2ed88cbba28c3103d6", "size": 32748, "path": "media/images/Class Images_0_4696b385407ad6b0987f.png", "format": "png", "width": 1500, "height": 600}, "_timestamp": 1716166250.8858342, "_runtime": 156.5785551071167, "_step": 10, "train_loss": 1.9592840947931554, "val_loss": 1.7890320333201737, "train_acc": 0.7064259259259259, "val_acc": 0.6976666666666667, "_wandb": {"runtime": 155}}