{"Class Images": {"_type": "image-file", "sha256": "4696b385407ad6b0987fd583123687b0212d8d8eba296b2ed88cbba28c3103d6", "size": 32748, "path": "media/images/Class Images_0_4696b385407ad6b0987f.png", "format": "png", "width": 1500, "height": 600}, "_timestamp": 1716172490.6813812, "_runtime": 117.59501028060913, "_step": 10, "train_loss": 3.913345972196831, "val_loss": 3.7378084748672538, "train_acc": 0.7774814814814814, "val_acc": 0.7696666666666667, "_wandb": {"runtime": 116}}