{"Class Images": {"_type": "image-file", "sha256": "4696b385407ad6b0987fd583123687b0212d8d8eba296b2ed88cbba28c3103d6", "size": 32748, "path": "media/images/Class Images_0_4696b385407ad6b0987f.png", "format": "png", "width": 1500, "height": 600}, "_timestamp": 1716209272.0293965, "_runtime": 88.40815854072571, "_step": 10, "train_loss": 2.5697113746963716, "val_loss": 2.434765151423143, "train_acc": 0.6360740740740741, "val_acc": 0.6251666666666666, "_wandb": {"runtime": 87}}