{"Class Images": {"_type": "image-file", "sha256": "4696b385407ad6b0987fd583123687b0212d8d8eba296b2ed88cbba28c3103d6", "size": 32748, "path": "media/images/Class Images_0_4696b385407ad6b0987f.png", "format": "png", "width": 1500, "height": 600}, "_timestamp": 1716134363.8874261, "_runtime": 121.76893520355225, "_step": 10, "train_loss": 3.7303543036337707, "val_loss": 3.552568149848532, "train_acc": 0.6625, "val_acc": 0.6591666666666667, "_wandb": {"runtime": 120}}