{"Class Images": {"_type": "image-file", "sha256": "4696b385407ad6b0987fd583123687b0212d8d8eba296b2ed88cbba28c3103d6", "size": 32748, "path": "media/images/Class Images_0_4696b385407ad6b0987f.png", "format": "png", "width": 1500, "height": 600}, "_timestamp": 1716195158.757684, "_runtime": 158.2854869365692, "_step": 10, "train_loss": -0.04166262482098617, "val_loss": -0.04924043895439434, "train_acc": 0.6648703703703703, "val_acc": 0.6623333333333333, "_wandb": {"runtime": 157}}