{"Class Images": {"_type": "image-file", "sha256": "4696b385407ad6b0987fd583123687b0212d8d8eba296b2ed88cbba28c3103d6", "size": 32748, "path": "media/images/Class Images_0_4696b385407ad6b0987f.png", "format": "png", "width": 1500, "height": 600}, "_timestamp": 1716159958.6987462, "_runtime": 70.96022510528564, "_step": 10, "train_loss": 0.24348098080881808, "val_loss": 0.2410635062978544, "train_acc": 0.12831481481481483, "val_acc": 0.13666666666666666, "_wandb": {"runtime": 70}}