{"Class Images": {"_type": "image-file", "sha256": "4696b385407ad6b0987fd583123687b0212d8d8eba296b2ed88cbba28c3103d6", "size": 32748, "path": "media/images/Class Images_0_4696b385407ad6b0987f.png", "format": "png", "width": 1500, "height": 600}, "_timestamp": 1716187507.2532156, "_runtime": 50.321744441986084, "_step": 5, "train_loss": 5.3414371622078765, "val_loss": 4.958298806245907, "train_acc": 0.6166481481481482, "val_acc": 0.6161666666666666, "_wandb": {"runtime": 49}}