{"Class Images": {"_type": "image-file", "sha256": "4696b385407ad6b0987fd583123687b0212d8d8eba296b2ed88cbba28c3103d6", "size": 32748, "path": "media/images/Class Images_0_4696b385407ad6b0987f.png", "format": "png", "width": 1500, "height": 600}, "_timestamp": 1716176990.5433142, "_runtime": 80.95345616340637, "_step": 10, "train_loss": -0.40979210795624743, "val_loss": -0.406634253746287, "train_acc": 0.7251296296296297, "val_acc": 0.7125, "_wandb": {"runtime": 80}}