{"Class Images": {"_type": "image-file", "sha256": "4696b385407ad6b0987fd583123687b0212d8d8eba296b2ed88cbba28c3103d6", "size": 32748, "path": "media/images/Class Images_0_4696b385407ad6b0987f.png", "format": "png", "width": 1500, "height": 600}, "_timestamp": 1716208288.3197672, "_runtime": 108.94819831848145, "_step": 10, "train_loss": 0.6625423959690457, "val_loss": 0.5942399551938676, "train_acc": 0.29385185185185186, "val_acc": 0.2946666666666667, "_wandb": {"runtime": 108}}