{"Class Images": {"_type": "image-file", "sha256": "4696b385407ad6b0987fd583123687b0212d8d8eba296b2ed88cbba28c3103d6", "size": 32748, "path": "media/images/Class Images_0_4696b385407ad6b0987f.png", "format": "png", "width": 1500, "height": 600}, "_timestamp": 1716107738.2641582, "_runtime": 98.15989923477173, "_step": 10, "train_loss": 1.9037315059061435, "val_loss": 1.7778184006268265, "train_acc": 0.7588518518518519, "val_acc": 0.7525, "_wandb": {"runtime": 97}}