{"Class Images": {"_type": "image-file", "sha256": "4696b385407ad6b0987fd583123687b0212d8d8eba296b2ed88cbba28c3103d6", "size": 32748, "path": "media/images/Class Images_0_4696b385407ad6b0987f.png", "format": "png", "width": 1500, "height": 600}, "_timestamp": 1716222165.648759, "_runtime": 128.06933498382568, "_step": 10, "train_loss": 88.70516781607587, "val_loss": 87.8000272491739, "train_acc": 0.3336296296296296, "val_acc": 0.3318333333333333, "_wandb": {"runtime": 127}}