{"Class Images": {"_type": "image-file", "sha256": "4696b385407ad6b0987fd583123687b0212d8d8eba296b2ed88cbba28c3103d6", "size": 32748, "path": "media/images/Class Images_0_4696b385407ad6b0987f.png", "format": "png", "width": 1500, "height": 600}, "_timestamp": 1716196682.051174, "_runtime": 63.203274965286255, "_step": 5, "train_loss": 0.280570255933349, "val_loss": 0.2806864184985434, "train_acc": 0.7290740740740741, "val_acc": 0.7188333333333333, "_wandb": {"runtime": 62}}