{"Class Images": {"_type": "image-file", "sha256": "4696b385407ad6b0987fd583123687b0212d8d8eba296b2ed88cbba28c3103d6", "size": 32748, "path": "media/images/Class Images_0_4696b385407ad6b0987f.png", "format": "png", "width": 1500, "height": 600}, "_timestamp": 1716097831.7280924, "_runtime": 41.881590366363525, "_step": 5, "train_loss": 0.046630813608452615, "val_loss": 0.02481935714835859, "train_acc": 0.37016666666666664, "val_acc": 0.4078333333333333, "_wandb": {"runtime": 40}}