{"Class Images": {"_type": "image-file", "sha256": "4696b385407ad6b0987fd583123687b0212d8d8eba296b2ed88cbba28c3103d6", "size": 32748, "path": "media/images/Class Images_0_4696b385407ad6b0987f.png", "format": "png", "width": 1500, "height": 600}, "_timestamp": 1716118721.8280606, "_runtime": 85.1530237197876, "_step": 5, "train_loss": 4.711968906581703, "val_loss": 4.349326871670046, "train_acc": 0.7764444444444445, "val_acc": 0.7696666666666667, "_wandb": {"runtime": 84}}