{"Class Images": {"_type": "image-file", "sha256": "4696b385407ad6b0987fd583123687b0212d8d8eba296b2ed88cbba28c3103d6", "size": 32748, "path": "media/images/Class Images_0_4696b385407ad6b0987f.png", "format": "png", "width": 1500, "height": 600}, "_timestamp": 1716184314.2137036, "_runtime": 82.95148968696594, "_step": 10, "train_loss": 21.918155396707498, "val_loss": 21.915192273550986, "train_acc": 0.0845, "val_acc": 0.085, "_wandb": {"runtime": 82}}