{"Class Images": {"_type": "image-file", "sha256": "4696b385407ad6b0987fd583123687b0212d8d8eba296b2ed88cbba28c3103d6", "size": 32748, "path": "media/images/Class Images_0_4696b385407ad6b0987f.png", "format": "png", "width": 1500, "height": 600}, "_timestamp": 1716202596.7286375, "_runtime": 44.73527550697327, "_step": 5, "train_loss": 1.9439993993983178, "val_loss": 1.8050622851110087, "train_acc": 0.6442777777777777, "val_acc": 0.637, "_wandb": {"runtime": 43}}