{"Class Images": {"_type": "image-file", "sha256": "4696b385407ad6b0987fd583123687b0212d8d8eba296b2ed88cbba28c3103d6", "size": 32748, "path": "media/images/Class Images_0_4696b385407ad6b0987f.png", "format": "png", "width": 1500, "height": 600}, "_timestamp": 1716117843.6315086, "_runtime": 90.10376358032227, "_step": 10, "train_loss": 1.8955493234537277, "val_loss": 1.7569770502118889, "train_acc": 0.6438333333333334, "val_acc": 0.6421666666666667, "_wandb": {"runtime": 89}}