{"Class Images": {"_type": "image-file", "sha256": "4696b385407ad6b0987fd583123687b0212d8d8eba296b2ed88cbba28c3103d6", "size": 32748, "path": "media/images/Class Images_0_4696b385407ad6b0987f.png", "format": "png", "width": 1500, "height": 600}, "_timestamp": 1716177850.818476, "_runtime": 83.47085285186768, "_step": 10, "train_loss": -0.7343013576653243, "val_loss": -0.7349821337765983, "train_acc": 0.8159444444444445, "val_acc": 0.8123333333333334, "_wandb": {"runtime": 82}}