{"Class Images": {"_type": "image-file", "sha256": "4696b385407ad6b0987fd583123687b0212d8d8eba296b2ed88cbba28c3103d6", "size": 32748, "path": "media/images/Class Images_0_4696b385407ad6b0987f.png", "format": "png", "width": 1500, "height": 600}, "_timestamp": 1716116792.3484452, "_runtime": 114.54027509689331, "_step": 10, "train_loss": 0.016653981038415235, "val_loss": 0.017992505734603967, "train_acc": 0.777074074074074, "val_acc": 0.7693333333333333, "_wandb": {"runtime": 113}}