{"Class Images": {"_type": "image-file", "sha256": "4696b385407ad6b0987fd583123687b0212d8d8eba296b2ed88cbba28c3103d6", "size": 32748, "path": "media/images/Class Images_0_4696b385407ad6b0987f.png", "format": "png", "width": 1500, "height": 600}, "_timestamp": 1716100591.4530442, "_runtime": 96.15332221984863, "_step": 10, "train_loss": 7.381375291645495, "val_loss": 7.329997158239453, "train_acc": 0.5983888888888889, "val_acc": 0.5893333333333334, "_wandb": {"runtime": 95}}