{"Class Images": {"_type": "image-file", "sha256": "4696b385407ad6b0987fd583123687b0212d8d8eba296b2ed88cbba28c3103d6", "size": 32748, "path": "media/images/Class Images_0_4696b385407ad6b0987f.png", "format": "png", "width": 1500, "height": 600}, "_timestamp": 1716108813.425989, "_runtime": 75.05007481575012, "_step": 10, "train_loss": 3.4349176000391397, "val_loss": 3.4055448623276074, "train_acc": 0.5731481481481482, "val_acc": 0.5766666666666667, "_wandb": {"runtime": 74}}