{"Class Images": {"_type": "image-file", "sha256": "4696b385407ad6b0987fd583123687b0212d8d8eba296b2ed88cbba28c3103d6", "size": 32748, "path": "media/images/Class Images_0_4696b385407ad6b0987f.png", "format": "png", "width": 1500, "height": 600}, "_timestamp": 1716142680.7986996, "_runtime": 99.05594253540039, "_step": 10, "train_loss": 10.37577528196884, "val_loss": 10.369067318491316, "train_acc": 0.281, "val_acc": 0.2768333333333333, "_wandb": {"runtime": 98}}