{"Class Images": {"_type": "image-file", "sha256": "4696b385407ad6b0987fd583123687b0212d8d8eba296b2ed88cbba28c3103d6", "size": 32748, "path": "media/images/Class Images_0_4696b385407ad6b0987f.png", "format": "png", "width": 1500, "height": 600}, "_timestamp": 1716196051.1346242, "_runtime": 46.932334184646606, "_step": 5, "train_loss": 1.0283683757665505, "val_loss": 1.0236070144377987, "train_acc": 0.126, "val_acc": 0.11966666666666667, "_wandb": {"runtime": 46}}