{"Class Images": {"_type": "image-file", "sha256": "4696b385407ad6b0987fd583123687b0212d8d8eba296b2ed88cbba28c3103d6", "size": 32748, "path": "media/images/Class Images_0_4696b385407ad6b0987f.png", "format": "png", "width": 1500, "height": 600}, "_timestamp": 1716194830.9886725, "_runtime": 79.94343948364258, "_step": 10, "train_loss": -0.24423055237683972, "val_loss": -0.24419522236103566, "train_acc": 0.6254259259259259, "val_acc": 0.616, "_wandb": {"runtime": 79}}