{"Class Images": {"_type": "image-file", "sha256": "4696b385407ad6b0987fd583123687b0212d8d8eba296b2ed88cbba28c3103d6", "size": 32748, "path": "media/images/Class Images_0_4696b385407ad6b0987f.png", "format": "png", "width": 1500, "height": 600}, "_timestamp": 1716223349.149965, "_runtime": 67.8380401134491, "_step": 5, "train_loss": 1.41700842046848, "val_loss": 1.1880314230397417, "train_acc": 0.5294074074074074, "val_acc": 0.521, "_wandb": {"runtime": 66}}