{"Class Images": {"_type": "image-file", "sha256": "4696b385407ad6b0987fd583123687b0212d8d8eba296b2ed88cbba28c3103d6", "size": 32748, "path": "media/images/Class Images_0_4696b385407ad6b0987f.png", "format": "png", "width": 1500, "height": 600}, "_timestamp": 1716108603.115689, "_runtime": 52.61553192138672, "_step": 5, "train_loss": -0.287389411477322, "val_loss": -0.281180712593346, "train_acc": 0.4954074074074074, "val_acc": 0.508, "_wandb": {"runtime": 51}}