{"Class Images": {"_type": "image-file", "sha256": "4696b385407ad6b0987fd583123687b0212d8d8eba296b2ed88cbba28c3103d6", "size": 32748, "path": "media/images/Class Images_0_4696b385407ad6b0987f.png", "format": "png", "width": 1500, "height": 600}, "_timestamp": 1716210550.1152298, "_runtime": 90.44628977775574, "_step": 10, "train_loss": 2.5502347043012246, "val_loss": 2.395153004616173, "train_acc": 0.7260740740740741, "val_acc": 0.7115, "_wandb": {"runtime": 89}}