{"Class Images": {"_type": "image-file", "sha256": "4696b385407ad6b0987fd583123687b0212d8d8eba296b2ed88cbba28c3103d6", "size": 32748, "path": "media/images/Class Images_0_4696b385407ad6b0987f.png", "format": "png", "width": 1500, "height": 600}, "_timestamp": 1716111938.3126378, "_runtime": 110.11585474014282, "_step": 10, "train_loss": 2.53098090906077, "val_loss": 2.373261772125343, "train_acc": 0.6910185185185185, "val_acc": 0.6831666666666667, "_wandb": {"runtime": 109}}