{"Class Images": {"_type": "image-file", "sha256": "4696b385407ad6b0987fd583123687b0212d8d8eba296b2ed88cbba28c3103d6", "size": 32748, "path": "media/images/Class Images_0_4696b385407ad6b0987f.png", "format": "png", "width": 1500, "height": 600}, "_timestamp": 1716225460.0712233, "_runtime": 98.30675625801086, "_step": 10, "train_loss": 0.24250138651754444, "val_loss": 0.24353001538822322, "train_acc": 0.7203518518518518, "val_acc": 0.7125, "_wandb": {"runtime": 97}}