{"Class Images": {"_type": "image-file", "sha256": "4696b385407ad6b0987fd583123687b0212d8d8eba296b2ed88cbba28c3103d6", "size": 32748, "path": "media/images/Class Images_0_4696b385407ad6b0987f.png", "format": "png", "width": 1500, "height": 600}, "_timestamp": 1716119181.304941, "_runtime": 77.47023892402649, "_step": 10, "train_loss": 0.9759877466365867, "val_loss": 0.9254995399205923, "train_acc": 0.6302962962962962, "val_acc": 0.6161666666666666, "_wandb": {"runtime": 76}}