{"Class Images": {"_type": "image-file", "sha256": "4696b385407ad6b0987fd583123687b0212d8d8eba296b2ed88cbba28c3103d6", "size": 32748, "path": "media/images/Class Images_0_4696b385407ad6b0987f.png", "format": "png", "width": 1500, "height": 600}, "_timestamp": 1716196482.7907512, "_runtime": 157.28715825080872, "_step": 10, "train_loss": 1.6019682194131555, "val_loss": 1.4933026666881155, "train_acc": 0.7091666666666666, "val_acc": 0.6981666666666667, "_wandb": {"runtime": 156}}