{"Class Images": {"_type": "image-file", "sha256": "4696b385407ad6b0987fd583123687b0212d8d8eba296b2ed88cbba28c3103d6", "size": 32748, "path": "media/images/Class Images_0_4696b385407ad6b0987f.png", "format": "png", "width": 1500, "height": 600}, "_timestamp": 1716083884.883682, "_runtime": 85.63031697273254, "_step": 10, "train_loss": 2.9405323706334108, "val_loss": 2.9012828079936788, "train_acc": 0.6047037037037037, "val_acc": 0.6016666666666667, "_wandb": {"runtime": 84}}