{"Class Images": {"_type": "image-file", "sha256": "4696b385407ad6b0987fd583123687b0212d8d8eba296b2ed88cbba28c3103d6", "size": 32748, "path": "media/images/Class Images_0_4696b385407ad6b0987f.png", "format": "png", "width": 1500, "height": 600}, "_timestamp": 1716123799.3249881, "_runtime": 97.72150802612305, "_step": 10, "train_loss": 8.94962143804791, "val_loss": 8.900072966690583, "train_acc": 0.5383333333333333, "val_acc": 0.5201666666666667, "_wandb": {"runtime": 96}}