{"Class Images": {"_type": "image-file", "sha256": "4696b385407ad6b0987fd583123687b0212d8d8eba296b2ed88cbba28c3103d6", "size": 32748, "path": "media/images/Class Images_0_4696b385407ad6b0987f.png", "format": "png", "width": 1500, "height": 600}, "_timestamp": 1716093027.354659, "_runtime": 80.96947598457336, "_step": 10, "train_loss": 0.9652905716417036, "val_loss": 0.9162387179709911, "train_acc": 0.6849259259259259, "val_acc": 0.673, "_wandb": {"runtime": 80}}