{"Class Images": {"_type": "image-file", "sha256": "4696b385407ad6b0987fd583123687b0212d8d8eba296b2ed88cbba28c3103d6", "size": 32748, "path": "media/images/Class Images_0_4696b385407ad6b0987f.png", "format": "png", "width": 1500, "height": 600}, "_timestamp": 1716225345.4474332, "_runtime": 110.50084328651428, "_step": 10, "train_loss": 0.26153050123190846, "val_loss": 0.2619923998799091, "train_acc": 0.1068888888888889, "val_acc": 0.10483333333333333, "_wandb": {"runtime": 109}}