{"Class Images": {"_type": "image-file", "sha256": "4696b385407ad6b0987fd583123687b0212d8d8eba296b2ed88cbba28c3103d6", "size": 32748, "path": "media/images/Class Images_0_4696b385407ad6b0987f.png", "format": "png", "width": 1500, "height": 600}, "_timestamp": 1716085973.2811666, "_runtime": 48.97598743438721, "_step": 5, "train_loss": 106.38978704009749, "val_loss": 106.33716280631117, "train_acc": 0.18951851851851853, "val_acc": 0.18516666666666667, "_wandb": {"runtime": 48}}