{"Class Images": {"_type": "image-file", "sha256": "4696b385407ad6b0987fd583123687b0212d8d8eba296b2ed88cbba28c3103d6", "size": 32748, "path": "media/images/Class Images_0_4696b385407ad6b0987f.png", "format": "png", "width": 1500, "height": 600}, "_timestamp": 1716169310.8911748, "_runtime": 220.43800377845764, "_step": 10, "train_loss": -0.17496490021014607, "val_loss": -0.17561801320430087, "train_acc": 0.7191111111111111, "val_acc": 0.7126666666666667, "_wandb": {"runtime": 219}}