{"Class Images": {"_type": "image-file", "sha256": "4696b385407ad6b0987fd583123687b0212d8d8eba296b2ed88cbba28c3103d6", "size": 32748, "path": "media/images/Class Images_0_4696b385407ad6b0987f.png", "format": "png", "width": 1500, "height": 600}, "_timestamp": 1716181157.2347782, "_runtime": 84.09758520126343, "_step": 10, "train_loss": 0.18460036947910125, "val_loss": 0.1861701270907703, "train_acc": 0.19855555555555557, "val_acc": 0.12716666666666668, "_wandb": {"runtime": 83}}