{"Class Images": {"_type": "image-file", "sha256": "4696b385407ad6b0987fd583123687b0212d8d8eba296b2ed88cbba28c3103d6", "size": 32748, "path": "media/images/Class Images_0_4696b385407ad6b0987f.png", "format": "png", "width": 1500, "height": 600}, "_timestamp": 1716135971.5349422, "_runtime": 65.58822226524353, "_step": 5, "train_loss": -0.40255514136854, "val_loss": -0.35533171239451744, "train_acc": 0.6331481481481481, "val_acc": 0.5881666666666666, "_wandb": {"runtime": 64}}