{"Class Images": {"_type": "image-file", "sha256": "4696b385407ad6b0987fd583123687b0212d8d8eba296b2ed88cbba28c3103d6", "size": 32748, "path": "media/images/Class Images_0_4696b385407ad6b0987f.png", "format": "png", "width": 1500, "height": 600}, "_timestamp": 1716094105.6330132, "_runtime": 72.63928532600403, "_step": 10, "train_loss": 3.495466765012038, "val_loss": 3.475254002741779, "train_acc": 0.4403888888888889, "val_acc": 0.4355, "_wandb": {"runtime": 71}}