{"Class Images": {"_type": "image-file", "sha256": "4696b385407ad6b0987fd583123687b0212d8d8eba296b2ed88cbba28c3103d6", "size": 32748, "path": "media/images/Class Images_0_4696b385407ad6b0987f.png", "format": "png", "width": 1500, "height": 600}, "_timestamp": 1716137282.4990723, "_runtime": 178.93810033798218, "_step": 10, "train_loss": -0.274400527873846, "val_loss": -0.286557276232781, "train_acc": 0.544074074074074, "val_acc": 0.5335, "_wandb": {"runtime": 178}}