{"Class Images": {"_type": "image-file", "sha256": "4696b385407ad6b0987fd583123687b0212d8d8eba296b2ed88cbba28c3103d6", "size": 32748, "path": "media/images/Class Images_0_4696b385407ad6b0987f.png", "format": "png", "width": 1500, "height": 600}, "_timestamp": 1716214315.0338578, "_runtime": 155.3767168521881, "_step": 10, "train_loss": 0.07822334762503183, "val_loss": 0.07011534699115822, "train_acc": 0.8365925925925926, "val_acc": 0.8343333333333334, "_wandb": {"runtime": 154}}