{"Class Images": {"_type": "image-file", "sha256": "4696b385407ad6b0987fd583123687b0212d8d8eba296b2ed88cbba28c3103d6", "size": 32748, "path": "media/images/Class Images_0_4696b385407ad6b0987f.png", "format": "png", "width": 1500, "height": 600}, "_timestamp": 1716111799.0550745, "_runtime": 103.44976854324341, "_step": 10, "train_loss": 7.442133562965092, "val_loss": 7.393527532913722, "train_acc": 0.5566666666666666, "val_acc": 0.5456666666666666, "_wandb": {"runtime": 102}}