{"Class Images": {"_type": "image-file", "sha256": "4696b385407ad6b0987fd583123687b0212d8d8eba296b2ed88cbba28c3103d6", "size": 32748, "path": "media/images/Class Images_0_4696b385407ad6b0987f.png", "format": "png", "width": 1500, "height": 600}, "_timestamp": 1716115118.8215566, "_runtime": 45.57389163970947, "_step": 5, "train_loss": 0.33394352200971733, "val_loss": 0.33363691459133543, "train_acc": 0.1225, "val_acc": 0.12516666666666668, "_wandb": {"runtime": 44}}