{"Class Images": {"_type": "image-file", "sha256": "4696b385407ad6b0987fd583123687b0212d8d8eba296b2ed88cbba28c3103d6", "size": 32748, "path": "media/images/Class Images_0_4696b385407ad6b0987f.png", "format": "png", "width": 1500, "height": 600}, "_timestamp": 1716144197.3153422, "_runtime": 104.36837029457092, "_step": 10, "train_loss": 2.495569388490539, "val_loss": 2.340421242090053, "train_acc": 0.7812962962962963, "val_acc": 0.7726666666666666, "_wandb": {"runtime": 103}}