{"Class Images": {"_type": "image-file", "sha256": "4696b385407ad6b0987fd583123687b0212d8d8eba296b2ed88cbba28c3103d6", "size": 32748, "path": "media/images/Class Images_0_4696b385407ad6b0987f.png", "format": "png", "width": 1500, "height": 600}, "_timestamp": 1716122774.363202, "_runtime": 44.04630899429321, "_step": 5, "train_loss": 4.317829309820883, "val_loss": 3.9810156200573954, "train_acc": 0.6327407407407407, "val_acc": 0.6323333333333333, "_wandb": {"runtime": 43}}