{"Class Images": {"_type": "image-file", "sha256": "4696b385407ad6b0987fd583123687b0212d8d8eba296b2ed88cbba28c3103d6", "size": 32748, "path": "media/images/Class Images_0_4696b385407ad6b0987f.png", "format": "png", "width": 1500, "height": 600}, "_timestamp": 1716119077.2158873, "_runtime": 78.71711921691895, "_step": 5, "train_loss": -0.7070519082478837, "val_loss": -0.6946245978046891, "train_acc": 0.8077592592592593, "val_acc": 0.7898333333333334, "_wandb": {"runtime": 77}}