{"Class Images": {"_type": "image-file", "sha256": "4696b385407ad6b0987fd583123687b0212d8d8eba296b2ed88cbba28c3103d6", "size": 32748, "path": "media/images/Class Images_0_4696b385407ad6b0987f.png", "format": "png", "width": 1500, "height": 600}, "_timestamp": 1716140869.0513937, "_runtime": 121.24876165390015, "_step": 10, "train_loss": 97.6847090694818, "val_loss": 96.5900298694398, "train_acc": 0.08822222222222222, "val_acc": 0.08366666666666667, "_wandb": {"runtime": 120}}