{"Class Images": {"_type": "image-file", "sha256": "4696b385407ad6b0987fd583123687b0212d8d8eba296b2ed88cbba28c3103d6", "size": 32748, "path": "media/images/Class Images_0_4696b385407ad6b0987f.png", "format": "png", "width": 1500, "height": 600}, "_timestamp": 1716208161.9305058, "_runtime": 78.77318572998047, "_step": 10, "train_loss": 3.1363575561457178, "val_loss": 3.135656229029731, "train_acc": 0.0712962962962963, "val_acc": 0.076, "_wandb": {"runtime": 78}}