{"Class Images": {"_type": "image-file", "sha256": "4696b385407ad6b0987fd583123687b0212d8d8eba296b2ed88cbba28c3103d6", "size": 32748, "path": "media/images/Class Images_0_4696b385407ad6b0987f.png", "format": "png", "width": 1500, "height": 600}, "_timestamp": 1716177235.308754, "_runtime": 218.2841989994049, "_step": 10, "train_loss": -0.47998842873468117, "val_loss": -0.476300101984767, "train_acc": 0.7273518518518518, "val_acc": 0.7183333333333334, "_wandb": {"runtime": 217}}