{"Class Images": {"_type": "image-file", "sha256": "4696b385407ad6b0987fd583123687b0212d8d8eba296b2ed88cbba28c3103d6", "size": 32748, "path": "media/images/Class Images_0_4696b385407ad6b0987f.png", "format": "png", "width": 1500, "height": 600}, "_timestamp": 1716226094.787065, "_runtime": 142.1166000366211, "_step": 10, "train_loss": 1.4842450117488488, "val_loss": 1.365726868795604, "train_acc": 0.5542037037037038, "val_acc": 0.5443333333333333, "_wandb": {"runtime": 141}}