{"Class Images": {"_type": "image-file", "sha256": "4696b385407ad6b0987fd583123687b0212d8d8eba296b2ed88cbba28c3103d6", "size": 32748, "path": "media/images/Class Images_0_4696b385407ad6b0987f.png", "format": "png", "width": 1500, "height": 600}, "_timestamp": 1716218649.7696002, "_runtime": 102.21105217933655, "_step": 10, "train_loss": -0.023521709789491946, "val_loss": -0.05247486980018095, "train_acc": 0.09996296296296296, "val_acc": 0.10316666666666667, "_wandb": {"runtime": 101}}