{"Class Images": {"_type": "image-file", "sha256": "4696b385407ad6b0987fd583123687b0212d8d8eba296b2ed88cbba28c3103d6", "size": 32748, "path": "media/images/Class Images_0_4696b385407ad6b0987f.png", "format": "png", "width": 1500, "height": 600}, "_timestamp": 1716103611.4440036, "_runtime": 56.459338665008545, "_step": 5, "train_loss": 5.189164749102121, "val_loss": 4.817191544215499, "train_acc": 0.7211481481481481, "val_acc": 0.7098333333333333, "_wandb": {"runtime": 55}}