{"Class Images": {"_type": "image-file", "sha256": "4696b385407ad6b0987fd583123687b0212d8d8eba296b2ed88cbba28c3103d6", "size": 32748, "path": "media/images/Class Images_0_4696b385407ad6b0987f.png", "format": "png", "width": 1500, "height": 600}, "_timestamp": 1716027362.6580896, "_runtime": 17304.354813575745, "_step": 209, "train_loss": -0.008516171670401515, "val_loss": 0.09979811364077033, "train_acc": 0.12309259259259259, "val_acc": 0.116, "_wandb": {"runtime": 17361}}