{"Class Images": {"_type": "image-file", "sha256": "4696b385407ad6b0987fd583123687b0212d8d8eba296b2ed88cbba28c3103d6", "size": 32748, "path": "media/images/Class Images_0_4696b385407ad6b0987f.png", "format": "png", "width": 1500, "height": 600}, "_timestamp": 1716120801.765441, "_runtime": 58.44639587402344, "_step": 5, "train_loss": 0.10869451631038249, "val_loss": 0.10221569321695867, "train_acc": 0.10811111111111112, "val_acc": 0.10516666666666667, "_wandb": {"runtime": 57}}