{"Class Images": {"_type": "image-file", "sha256": "4696b385407ad6b0987fd583123687b0212d8d8eba296b2ed88cbba28c3103d6", "size": 32748, "path": "media/images/Class Images_0_4696b385407ad6b0987f.png", "format": "png", "width": 1500, "height": 600}, "_timestamp": 1716217732.6367025, "_runtime": 100.77465844154358, "_step": 10, "train_loss": 2.877258412304708, "val_loss": 2.7215885922976475, "train_acc": 0.7463333333333333, "val_acc": 0.7536666666666667, "_wandb": {"runtime": 99}}