{"Class Images": {"_type": "image-file", "sha256": "4696b385407ad6b0987fd583123687b0212d8d8eba296b2ed88cbba28c3103d6", "size": 32748, "path": "media/images/Class Images_0_4696b385407ad6b0987f.png", "format": "png", "width": 1500, "height": 600}, "_timestamp": 1716148541.579514, "_runtime": 127.72503209114075, "_step": 10, "train_loss": 0.5752782196463349, "val_loss": 0.47329279934362445, "train_acc": 0.6368888888888888, "val_acc": 0.6261666666666666, "_wandb": {"runtime": 127}}