{"Class Images": {"_type": "image-file", "sha256": "4696b385407ad6b0987fd583123687b0212d8d8eba296b2ed88cbba28c3103d6", "size": 32748, "path": "media/images/Class Images_0_4696b385407ad6b0987f.png", "format": "png", "width": 1500, "height": 600}, "_timestamp": 1716219244.6999931, "_runtime": 110.26772117614746, "_step": 10, "train_loss": -0.3855907698065856, "val_loss": -0.387060780392843, "train_acc": 0.5653518518518519, "val_acc": 0.5661666666666667, "_wandb": {"runtime": 109}}