{"Class Images": {"_type": "image-file", "sha256": "4696b385407ad6b0987fd583123687b0212d8d8eba296b2ed88cbba28c3103d6", "size": 32748, "path": "media/images/Class Images_0_4696b385407ad6b0987f.png", "format": "png", "width": 1500, "height": 600}, "_timestamp": 1716130591.4222035, "_runtime": 53.576289653778076, "_step": 5, "train_loss": 0.4376827180388845, "val_loss": 0.4113560883640943, "train_acc": 0.5526481481481481, "val_acc": 0.5946666666666667, "_wandb": {"runtime": 52}}