{"Class Images": {"_type": "image-file", "sha256": "4696b385407ad6b0987fd583123687b0212d8d8eba296b2ed88cbba28c3103d6", "size": 32748, "path": "media/images/Class Images_0_4696b385407ad6b0987f.png", "format": "png", "width": 1500, "height": 600}, "_timestamp": 1716152819.9923325, "_runtime": 65.77161455154419, "_step": 10, "train_loss": -0.39800808060017606, "val_loss": -0.39416263382103855, "train_acc": 0.8136851851851852, "val_acc": 0.805, "_wandb": {"runtime": 65}}