{"Class Images": {"_type": "image-file", "sha256": "4696b385407ad6b0987fd583123687b0212d8d8eba296b2ed88cbba28c3103d6", "size": 32748, "path": "media/images/Class Images_0_4696b385407ad6b0987f.png", "format": "png", "width": 1500, "height": 600}, "_timestamp": 1716084867.3964896, "_runtime": 42.03970551490784, "_step": 5, "train_loss": -0.29854638415947027, "val_loss": -0.1616310339615361, "train_acc": 0.38946296296296296, "val_acc": 0.2555, "_wandb": {"runtime": 41}}