{"Class Images": {"_type": "image-file", "sha256": "4696b385407ad6b0987fd583123687b0212d8d8eba296b2ed88cbba28c3103d6", "size": 32748, "path": "media/images/Class Images_0_4696b385407ad6b0987f.png", "format": "png", "width": 1500, "height": 600}, "_timestamp": 1716162306.9468524, "_runtime": 106.91005849838257, "_step": 10, "train_loss": 2.486345755608745, "val_loss": 2.3500750444033085, "train_acc": 0.4792592592592593, "val_acc": 0.4805, "_wandb": {"runtime": 106}}