{"Class Images": {"_type": "image-file", "sha256": "4696b385407ad6b0987fd583123687b0212d8d8eba296b2ed88cbba28c3103d6", "size": 32748, "path": "media/images/Class Images_0_4696b385407ad6b0987f.png", "format": "png", "width": 1500, "height": 600}, "_timestamp": 1716160178.725836, "_runtime": 82.72540998458862, "_step": 5, "train_loss": 0.18645115255752698, "val_loss": 0.182926865387773, "train_acc": 0.7978703703703703, "val_acc": 0.7895, "_wandb": {"runtime": 81}}