{"Class Images": {"_type": "image-file", "sha256": "4696b385407ad6b0987fd583123687b0212d8d8eba296b2ed88cbba28c3103d6", "size": 32748, "path": "media/images/Class Images_0_4696b385407ad6b0987f.png", "format": "png", "width": 1500, "height": 600}, "_timestamp": 1716132863.847073, "_runtime": 38.22011113166809, "_step": 5, "train_loss": 0.4589306013601417, "val_loss": 0.40043625458760634, "train_acc": 0.7270740740740741, "val_acc": 0.7286666666666667, "_wandb": {"runtime": 37}}