{"Class Images": {"_type": "image-file", "sha256": "4696b385407ad6b0987fd583123687b0212d8d8eba296b2ed88cbba28c3103d6", "size": 32748, "path": "media/images/Class Images_0_4696b385407ad6b0987f.png", "format": "png", "width": 1500, "height": 600}, "_timestamp": 1716104563.7798502, "_runtime": 94.24517631530762, "_step": 10, "train_loss": 2.5476020021459487, "val_loss": 2.3858364116536217, "train_acc": 0.7187037037037037, "val_acc": 0.7075, "_wandb": {"runtime": 93}}