{"Class Images": {"_type": "image-file", "sha256": "4696b385407ad6b0987fd583123687b0212d8d8eba296b2ed88cbba28c3103d6", "size": 32748, "path": "media/images/Class Images_0_4696b385407ad6b0987f.png", "format": "png", "width": 1500, "height": 600}, "_timestamp": 1716114041.5503564, "_runtime": 62.03050446510315, "_step": 5, "train_loss": -0.6977965695851979, "val_loss": -0.6940116919252154, "train_acc": 0.8047037037037037, "val_acc": 0.7921666666666667, "_wandb": {"runtime": 61}}