{"Class Images": {"_type": "image-file", "sha256": "4696b385407ad6b0987fd583123687b0212d8d8eba296b2ed88cbba28c3103d6", "size": 32748, "path": "media/images/Class Images_0_4696b385407ad6b0987f.png", "format": "png", "width": 1500, "height": 600}, "_timestamp": 1716191576.901227, "_runtime": 143.95214796066284, "_step": 10, "train_loss": -0.05956493157352165, "val_loss": -0.06076280689896103, "train_acc": 0.6230740740740741, "val_acc": 0.616, "_wandb": {"runtime": 143}}