{"Class Images": {"_type": "image-file", "sha256": "4696b385407ad6b0987fd583123687b0212d8d8eba296b2ed88cbba28c3103d6", "size": 32748, "path": "media/images/Class Images_0_4696b385407ad6b0987f.png", "format": "png", "width": 1500, "height": 600}, "_timestamp": 1716211636.911101, "_runtime": 134.30314421653748, "_step": 10, "train_loss": 1.975822989561456, "val_loss": 1.8152234604985813, "train_acc": 0.7656851851851851, "val_acc": 0.7591666666666667, "_wandb": {"runtime": 133}}