{"Class Images": {"_type": "image-file", "sha256": "4696b385407ad6b0987fd583123687b0212d8d8eba296b2ed88cbba28c3103d6", "size": 32748, "path": "media/images/Class Images_0_4696b385407ad6b0987f.png", "format": "png", "width": 1500, "height": 600}, "_timestamp": 1716125204.969819, "_runtime": 56.52545499801636, "_step": 5, "train_loss": 10.57753065226228, "val_loss": 10.575940772493052, "train_acc": 0.08885185185185185, "val_acc": 0.09483333333333334, "_wandb": {"runtime": 55}}