{"Class Images": {"_type": "image-file", "sha256": "4696b385407ad6b0987fd583123687b0212d8d8eba296b2ed88cbba28c3103d6", "size": 32748, "path": "media/images/Class Images_0_4696b385407ad6b0987f.png", "format": "png", "width": 1500, "height": 600}, "_timestamp": 1716193849.2726452, "_runtime": 134.73692417144775, "_step": 10, "train_loss": 1.2464941762705322, "val_loss": 1.1512224180001356, "train_acc": 0.705962962962963, "val_acc": 0.6965, "_wandb": {"runtime": 134}}