{"Class Images": {"_type": "image-file", "sha256": "4696b385407ad6b0987fd583123687b0212d8d8eba296b2ed88cbba28c3103d6", "size": 32748, "path": "media/images/Class Images_0_4696b385407ad6b0987f.png", "format": "png", "width": 1500, "height": 600}, "_timestamp": 1716087745.7085664, "_runtime": 44.55758452415466, "_step": 5, "train_loss": -0.3088552553105585, "val_loss": -0.3307753422175784, "train_acc": 0.7620370370370371, "val_acc": 0.781, "_wandb": {"runtime": 43}}