{"Class Images": {"_type": "image-file", "sha256": "4696b385407ad6b0987fd583123687b0212d8d8eba296b2ed88cbba28c3103d6", "size": 32748, "path": "media/images/Class Images_0_4696b385407ad6b0987f.png", "format": "png", "width": 1500, "height": 600}, "_timestamp": 1716104888.4213579, "_runtime": 127.20196795463562, "_step": 10, "train_loss": 0.03390319541605624, "val_loss": 0.03312238062925555, "train_acc": 0.8208518518518518, "val_acc": 0.8141666666666667, "_wandb": {"runtime": 126}}