{"Class Images": {"_type": "image-file", "sha256": "4696b385407ad6b0987fd583123687b0212d8d8eba296b2ed88cbba28c3103d6", "size": 32748, "path": "media/images/Class Images_0_4696b385407ad6b0987f.png", "format": "png", "width": 1500, "height": 600}, "_timestamp": 1716117458.8881013, "_runtime": 49.794705390930176, "_step": 5, "train_loss": 1.0346077892471874, "val_loss": 0.9081154677351831, "train_acc": 0.6415555555555555, "val_acc": 0.634, "_wandb": {"runtime": 49}}