{"Class Images": {"_type": "image-file", "sha256": "4696b385407ad6b0987fd583123687b0212d8d8eba296b2ed88cbba28c3103d6", "size": 32748, "path": "media/images/Class Images_0_4696b385407ad6b0987f.png", "format": "png", "width": 1500, "height": 600}, "_timestamp": 1716178103.145213, "_runtime": 155.21486496925354, "_step": 10, "train_loss": -0.3943932556402244, "val_loss": -0.40740877780060397, "train_acc": 0.7194074074074074, "val_acc": 0.712, "_wandb": {"runtime": 154}}