{"Class Images": {"_type": "image-file", "sha256": "4696b385407ad6b0987fd583123687b0212d8d8eba296b2ed88cbba28c3103d6", "size": 32748, "path": "media/images/Class Images_0_4696b385407ad6b0987f.png", "format": "png", "width": 1500, "height": 600}, "_timestamp": 1716111375.4106677, "_runtime": 97.57731461524963, "_step": 10, "train_loss": 9.373094171108496, "val_loss": 9.30868701977464, "train_acc": 0.09964814814814815, "val_acc": 0.10316666666666667, "_wandb": {"runtime": 96}}