{"Class Images": {"_type": "image-file", "sha256": "4696b385407ad6b0987fd583123687b0212d8d8eba296b2ed88cbba28c3103d6", "size": 32748, "path": "media/images/Class Images_0_4696b385407ad6b0987f.png", "format": "png", "width": 1500, "height": 600}, "_timestamp": 1716091893.3414733, "_runtime": 56.5134654045105, "_step": 5, "train_loss": 9.66837459723108, "val_loss": 9.594548578751867, "train_acc": 0.4656851851851852, "val_acc": 0.4675, "_wandb": {"runtime": 55}}