{"Class Images": {"_type": "image-file", "sha256": "4696b385407ad6b0987fd583123687b0212d8d8eba296b2ed88cbba28c3103d6", "size": 32748, "path": "media/images/Class Images_0_4696b385407ad6b0987f.png", "format": "png", "width": 1500, "height": 600}, "_timestamp": 1716114777.9630818, "_runtime": 99.38552474975586, "_step": 10, "train_loss": 0.9687728368644613, "val_loss": 0.9676230146190085, "train_acc": 0.0995925925925926, "val_acc": 0.10433333333333333, "_wandb": {"runtime": 98}}