{"Class Images": {"_type": "image-file", "sha256": "4696b385407ad6b0987fd583123687b0212d8d8eba296b2ed88cbba28c3103d6", "size": 32748, "path": "media/images/Class Images_0_4696b385407ad6b0987f.png", "format": "png", "width": 1500, "height": 600}, "_timestamp": 1716124771.2699625, "_runtime": 176.23767352104187, "_step": 10, "train_loss": 0.3099227639584133, "val_loss": 0.3156923921666852, "train_acc": 0.7321851851851852, "val_acc": 0.7216666666666667, "_wandb": {"runtime": 174}}