{"Class Images": {"_type": "image-file", "sha256": "4696b385407ad6b0987fd583123687b0212d8d8eba296b2ed88cbba28c3103d6", "size": 32748, "path": "media/images/Class Images_0_4696b385407ad6b0987f.png", "format": "png", "width": 1500, "height": 600}, "_timestamp": 1716149792.0349562, "_runtime": 92.07100915908813, "_step": 10, "train_loss": 0.9741752448535799, "val_loss": 0.9716861417253486, "train_acc": 0.10794444444444444, "val_acc": 0.10583333333333333, "_wandb": {"runtime": 91}}