{"Class Images": {"_type": "image-file", "sha256": "4696b385407ad6b0987fd583123687b0212d8d8eba296b2ed88cbba28c3103d6", "size": 32748, "path": "media/images/Class Images_0_4696b385407ad6b0987f.png", "format": "png", "width": 1500, "height": 600}, "_timestamp": 1716182712.0219932, "_runtime": 136.48928022384644, "_step": 10, "train_loss": 0.03456253117346008, "val_loss": 0.03253757678638046, "train_acc": 0.8226296296296296, "val_acc": 0.8118333333333333, "_wandb": {"runtime": 135}}