{"Class Images": {"_type": "image-file", "sha256": "4696b385407ad6b0987fd583123687b0212d8d8eba296b2ed88cbba28c3103d6", "size": 32748, "path": "media/images/Class Images_0_4696b385407ad6b0987f.png", "format": "png", "width": 1500, "height": 600}, "_timestamp": 1716193694.825459, "_runtime": 63.18619990348816, "_step": 5, "train_loss": 0.12911359796079602, "val_loss": 0.12392994409227254, "train_acc": 0.10005555555555555, "val_acc": 0.0995, "_wandb": {"runtime": 62}}