{"Class Images": {"_type": "image-file", "sha256": "4696b385407ad6b0987fd583123687b0212d8d8eba296b2ed88cbba28c3103d6", "size": 32748, "path": "media/images/Class Images_0_4696b385407ad6b0987f.png", "format": "png", "width": 1500, "height": 600}, "_timestamp": 1716160729.9112728, "_runtime": 68.87190771102905, "_step": 10, "train_loss": 21.19891253053574, "val_loss": 21.08245232729698, "train_acc": 0.09731481481481481, "val_acc": 0.096, "_wandb": {"runtime": 68}}