{"Class Images": {"_type": "image-file", "sha256": "4696b385407ad6b0987fd583123687b0212d8d8eba296b2ed88cbba28c3103d6", "size": 32748, "path": "media/images/Class Images_0_4696b385407ad6b0987f.png", "format": "png", "width": 1500, "height": 600}, "_timestamp": 1716122392.456192, "_runtime": 67.48731994628906, "_step": 10, "train_loss": 0.9528580440964963, "val_loss": 0.8989747643153027, "train_acc": 0.6327592592592592, "val_acc": 0.6256666666666667, "_wandb": {"runtime": 66}}