{"Class Images": {"_type": "image-file", "sha256": "4696b385407ad6b0987fd583123687b0212d8d8eba296b2ed88cbba28c3103d6", "size": 32748, "path": "media/images/Class Images_0_4696b385407ad6b0987f.png", "format": "png", "width": 1500, "height": 600}, "_timestamp": 1716174671.0582204, "_runtime": 65.53495836257935, "_step": 5, "train_loss": -0.08565113646517941, "val_loss": -0.0938528112234605, "train_acc": 0.09983333333333333, "val_acc": 0.09833333333333333, "_wandb": {"runtime": 64}}