{"Class Images": {"_type": "image-file", "sha256": "4696b385407ad6b0987fd583123687b0212d8d8eba296b2ed88cbba28c3103d6", "size": 32748, "path": "media/images/Class Images_0_4696b385407ad6b0987f.png", "format": "png", "width": 1500, "height": 600}, "_timestamp": 1716133690.548291, "_runtime": 67.9879400730133, "_step": 5, "train_loss": 0.191674361452964, "val_loss": -0.008660324639706132, "train_acc": 0.6871851851851852, "val_acc": 0.6885, "_wandb": {"runtime": 67}}