{"Class Images": {"_type": "image-file", "sha256": "4696b385407ad6b0987fd583123687b0212d8d8eba296b2ed88cbba28c3103d6", "size": 32748, "path": "media/images/Class Images_0_4696b385407ad6b0987f.png", "format": "png", "width": 1500, "height": 600}, "_timestamp": 1716174503.2187302, "_runtime": 100.52823829650879, "_step": 5, "train_loss": 0.14206528917153657, "val_loss": 0.17961016953696693, "train_acc": 0.1222037037037037, "val_acc": 0.117, "_wandb": {"runtime": 99}}