{"Class Images": {"_type": "image-file", "sha256": "4696b385407ad6b0987fd583123687b0212d8d8eba296b2ed88cbba28c3103d6", "size": 32748, "path": "media/images/Class Images_0_4696b385407ad6b0987f.png", "format": "png", "width": 1500, "height": 600}, "_timestamp": 1716135639.5256717, "_runtime": 42.36310076713562, "_step": 5, "train_loss": 4.298504912531855, "val_loss": 4.2946093086072405, "train_acc": 0.15548148148148147, "val_acc": 0.1755, "_wandb": {"runtime": 41}}