{"Class Images": {"_type": "image-file", "sha256": "4696b385407ad6b0987fd583123687b0212d8d8eba296b2ed88cbba28c3103d6", "size": 32748, "path": "media/images/Class Images_0_4696b385407ad6b0987f.png", "format": "png", "width": 1500, "height": 600}, "_timestamp": 1716137559.4781127, "_runtime": 74.77525162696838, "_step": 10, "train_loss": 0.2144918768667503, "val_loss": 0.171424307833933, "train_acc": 0.6326111111111111, "val_acc": 0.6256666666666667, "_wandb": {"runtime": 74}}