{"Class Images": {"_type": "image-file", "sha256": "4696b385407ad6b0987fd583123687b0212d8d8eba296b2ed88cbba28c3103d6", "size": 32748, "path": "media/images/Class Images_0_4696b385407ad6b0987f.png", "format": "png", "width": 1500, "height": 600}, "_timestamp": 1716161260.7312253, "_runtime": 135.3876461982727, "_step": 10, "train_loss": -0.08201595484136291, "val_loss": -0.08097290465935629, "train_acc": 0.8064074074074075, "val_acc": 0.7978333333333333, "_wandb": {"runtime": 134}}