{"Class Images": {"_type": "image-file", "sha256": "4696b385407ad6b0987fd583123687b0212d8d8eba296b2ed88cbba28c3103d6", "size": 32748, "path": "media/images/Class Images_0_4696b385407ad6b0987f.png", "format": "png", "width": 1500, "height": 600}, "_timestamp": 1716218270.488457, "_runtime": 98.39661502838135, "_step": 10, "train_loss": 0.9731617246504686, "val_loss": 0.9671752904277624, "train_acc": 0.10837037037037037, "val_acc": 0.10633333333333334, "_wandb": {"runtime": 97}}