{"Class Images": {"_type": "image-file", "sha256": "4696b385407ad6b0987fd583123687b0212d8d8eba296b2ed88cbba28c3103d6", "size": 32748, "path": "media/images/Class Images_0_4696b385407ad6b0987f.png", "format": "png", "width": 1500, "height": 600}, "_timestamp": 1716087111.643377, "_runtime": 82.85270500183105, "_step": 10, "train_loss": 0.16825574664015677, "val_loss": 0.13469651530136997, "train_acc": 0.1027037037037037, "val_acc": 0.113, "_wandb": {"runtime": 81}}