{"Class Images": {"_type": "image-file", "sha256": "4696b385407ad6b0987fd583123687b0212d8d8eba296b2ed88cbba28c3103d6", "size": 32748, "path": "media/images/Class Images_0_4696b385407ad6b0987f.png", "format": "png", "width": 1500, "height": 600}, "_timestamp": 1716085633.9661546, "_runtime": 102.40746259689331, "_step": 10, "train_loss": -0.09646694614009799, "val_loss": -0.09553460711693826, "train_acc": 0.09981481481481481, "val_acc": 0.09166666666666666, "_wandb": {"runtime": 101}}