{"Class Images": {"_type": "image-file", "sha256": "4696b385407ad6b0987fd583123687b0212d8d8eba296b2ed88cbba28c3103d6", "size": 32748, "path": "media/images/Class Images_0_4696b385407ad6b0987f.png", "format": "png", "width": 1500, "height": 600}, "_timestamp": 1716099621.294912, "_runtime": 46.982179164886475, "_step": 5, "train_loss": 0.9771088591028697, "val_loss": 0.857360350837729, "train_acc": 0.72, "val_acc": 0.7086666666666667, "_wandb": {"runtime": 46}}