{"Class Images": {"_type": "image-file", "sha256": "4696b385407ad6b0987fd583123687b0212d8d8eba296b2ed88cbba28c3103d6", "size": 32748, "path": "media/images/Class Images_0_4696b385407ad6b0987f.png", "format": "png", "width": 1500, "height": 600}, "_timestamp": 1716169048.1353564, "_runtime": 222.03596448898315, "_step": 10, "train_loss": -0.24537127116821897, "val_loss": -0.21235152885603248, "train_acc": 0.8087407407407408, "val_acc": 0.7965, "_wandb": {"runtime": 221}}