{"Class Images": {"_type": "image-file", "sha256": "4696b385407ad6b0987fd583123687b0212d8d8eba296b2ed88cbba28c3103d6", "size": 32748, "path": "media/images/Class Images_0_4696b385407ad6b0987f.png", "format": "png", "width": 1500, "height": 600}, "_timestamp": 1716148385.0872622, "_runtime": 72.51919913291931, "_step": 10, "train_loss": 1.0117880683916523, "val_loss": 0.9538222326502707, "train_acc": 0.6374444444444445, "val_acc": 0.6295, "_wandb": {"runtime": 71}}