{"Class Images": {"_type": "image-file", "sha256": "4696b385407ad6b0987fd583123687b0212d8d8eba296b2ed88cbba28c3103d6", "size": 32748, "path": "media/images/Class Images_0_4696b385407ad6b0987f.png", "format": "png", "width": 1500, "height": 600}, "_timestamp": 1716229574.5805035, "_runtime": 54.80251336097717, "_step": 5, "train_loss": 0.2784958979687345, "val_loss": 0.2617141781537358, "train_acc": 0.769074074074074, "val_acc": 0.7756666666666666, "_wandb": {"runtime": 53}}