{"Class Images": {"_type": "image-file", "sha256": "4696b385407ad6b0987fd583123687b0212d8d8eba296b2ed88cbba28c3103d6", "size": 32748, "path": "media/images/Class Images_0_4696b385407ad6b0987f.png", "format": "png", "width": 1500, "height": 600}, "_timestamp": 1716096854.2098286, "_runtime": 52.37111473083496, "_step": 5, "train_loss": 0.9544207372773567, "val_loss": 0.9536461560479883, "train_acc": 0.19014814814814815, "val_acc": 0.19416666666666665, "_wandb": {"runtime": 51}}