{"Class Images": {"_type": "image-file", "sha256": "4696b385407ad6b0987fd583123687b0212d8d8eba296b2ed88cbba28c3103d6", "size": 32748, "path": "media/images/Class Images_0_4696b385407ad6b0987f.png", "format": "png", "width": 1500, "height": 600}, "_timestamp": 1716085730.616435, "_runtime": 66.00502300262451, "_step": 10, "train_loss": 0.014425875508764698, "val_loss": 0.015393485860596582, "train_acc": 0.10151851851851852, "val_acc": 0.10316666666666667, "_wandb": {"runtime": 65}}