{"Class Images": {"_type": "image-file", "sha256": "4696b385407ad6b0987fd583123687b0212d8d8eba296b2ed88cbba28c3103d6", "size": 32748, "path": "media/images/Class Images_0_4696b385407ad6b0987f.png", "format": "png", "width": 1500, "height": 600}, "_timestamp": 1716199630.0292423, "_runtime": 152.57669639587402, "_step": 10, "train_loss": 0.09326590190221591, "val_loss": 0.09265236719343611, "train_acc": 0.8101111111111111, "val_acc": 0.8013333333333333, "_wandb": {"runtime": 151}}