{"Class Images": {"_type": "image-file", "sha256": "4696b385407ad6b0987fd583123687b0212d8d8eba296b2ed88cbba28c3103d6", "size": 32748, "path": "media/images/Class Images_0_4696b385407ad6b0987f.png", "format": "png", "width": 1500, "height": 600}, "_timestamp": 1716165097.5225554, "_runtime": 49.587321281433105, "_step": 5, "train_loss": 1.3983722119127175, "val_loss": 1.2502161671419019, "train_acc": 0.1005, "val_acc": 0.09166666666666666, "_wandb": {"runtime": 48}}