{"Class Images": {"_type": "image-file", "sha256": "4696b385407ad6b0987fd583123687b0212d8d8eba296b2ed88cbba28c3103d6", "size": 32748, "path": "media/images/Class Images_0_4696b385407ad6b0987f.png", "format": "png", "width": 1500, "height": 600}, "_timestamp": 1716228135.7544482, "_runtime": 79.2892951965332, "_step": 10, "train_loss": 10.602676913767576, "val_loss": 10.60905362746257, "train_acc": 0.10972222222222222, "val_acc": 0.10733333333333334, "_wandb": {"runtime": 78}}