{"Class Images": {"_type": "image-file", "sha256": "4696b385407ad6b0987fd583123687b0212d8d8eba296b2ed88cbba28c3103d6", "size": 32748, "path": "media/images/Class Images_0_4696b385407ad6b0987f.png", "format": "png", "width": 1500, "height": 600}, "_timestamp": 1716170613.8116195, "_runtime": 67.97951745986938, "_step": 5, "train_loss": 6.33682010858924, "val_loss": 6.015481803409523, "train_acc": 0.6348703703703704, "val_acc": 0.6203333333333333, "_wandb": {"runtime": 67}}