{"Class Images": {"_type": "image-file", "sha256": "4696b385407ad6b0987fd583123687b0212d8d8eba296b2ed88cbba28c3103d6", "size": 32748, "path": "media/images/Class Images_0_4696b385407ad6b0987f.png", "format": "png", "width": 1500, "height": 600}, "_timestamp": 1716118508.4384167, "_runtime": 95.39852976799011, "_step": 10, "train_loss": 7.395678951963399, "val_loss": 7.338720627292494, "train_acc": 0.5881481481481482, "val_acc": 0.584, "_wandb": {"runtime": 94}}