{"Class Images": {"_type": "image-file", "sha256": "4696b385407ad6b0987fd583123687b0212d8d8eba296b2ed88cbba28c3103d6", "size": 32748, "path": "media/images/Class Images_0_4696b385407ad6b0987f.png", "format": "png", "width": 1500, "height": 600}, "_timestamp": 1716127776.3100173, "_runtime": 58.2761664390564, "_step": 5, "train_loss": 9.661060346983314, "val_loss": 9.585342086966241, "train_acc": 0.4918148148148148, "val_acc": 0.5221666666666667, "_wandb": {"runtime": 57}}