{"Class Images": {"_type": "image-file", "sha256": "4696b385407ad6b0987fd583123687b0212d8d8eba296b2ed88cbba28c3103d6", "size": 32748, "path": "media/images/Class Images_0_4696b385407ad6b0987f.png", "format": "png", "width": 1500, "height": 600}, "_timestamp": 1716157840.400992, "_runtime": 90.85468101501465, "_step": 10, "train_loss": 6.033010542750494, "val_loss": 5.984874281358182, "train_acc": 0.46625925925925926, "val_acc": 0.4623333333333333, "_wandb": {"runtime": 90}}