{"Class Images": {"_type": "image-file", "sha256": "4696b385407ad6b0987fd583123687b0212d8d8eba296b2ed88cbba28c3103d6", "size": 32748, "path": "media/images/Class Images_0_4696b385407ad6b0987f.png", "format": "png", "width": 1500, "height": 600}, "_timestamp": 1716207624.0970209, "_runtime": 142.3946499824524, "_step": 10, "train_loss": 1.4111200407230868, "val_loss": 1.3140305641844996, "train_acc": 0.6727962962962963, "val_acc": 0.666, "_wandb": {"runtime": 141}}