{"Class Images": {"_type": "image-file", "sha256": "4696b385407ad6b0987fd583123687b0212d8d8eba296b2ed88cbba28c3103d6", "size": 32748, "path": "media/images/Class Images_0_4696b385407ad6b0987f.png", "format": "png", "width": 1500, "height": 600}, "_timestamp": 1716152402.5259647, "_runtime": 63.24369764328003, "_step": 5, "train_loss": -0.20422614359136287, "val_loss": -0.2304103256476512, "train_acc": 0.8147777777777778, "val_acc": 0.8128333333333333, "_wandb": {"runtime": 62}}