{"Class Images": {"_type": "image-file", "sha256": "4696b385407ad6b0987fd583123687b0212d8d8eba296b2ed88cbba28c3103d6", "size": 32748, "path": "media/images/Class Images_0_4696b385407ad6b0987f.png", "format": "png", "width": 1500, "height": 600}, "_timestamp": 1716226242.4839885, "_runtime": 62.423282623291016, "_step": 10, "train_loss": 21.657998978727644, "val_loss": 21.64648299210651, "train_acc": 0.08009259259259259, "val_acc": 0.08033333333333334, "_wandb": {"runtime": 61}}