{"Class Images": {"_type": "image-file", "sha256": "4696b385407ad6b0987fd583123687b0212d8d8eba296b2ed88cbba28c3103d6", "size": 32748, "path": "media/images/Class Images_0_4696b385407ad6b0987f.png", "format": "png", "width": 1500, "height": 600}, "_timestamp": 1716123004.9540904, "_runtime": 72.59091925621033, "_step": 10, "train_loss": 0.32284628976159613, "val_loss": 0.32217252936866375, "train_acc": 0.13646296296296295, "val_acc": 0.13983333333333334, "_wandb": {"runtime": 71}}