{"Class Images": {"_type": "image-file", "sha256": "4696b385407ad6b0987fd583123687b0212d8d8eba296b2ed88cbba28c3103d6", "size": 32748, "path": "media/images/Class Images_0_4696b385407ad6b0987f.png", "format": "png", "width": 1500, "height": 600}, "_timestamp": 1716129642.1077888, "_runtime": 73.55346274375916, "_step": 10, "train_loss": 0.40680766278805275, "val_loss": 0.4075585238604241, "train_acc": 0.10937037037037037, "val_acc": 0.1075, "_wandb": {"runtime": 72}}