{"Class Images": {"_type": "image-file", "sha256": "4696b385407ad6b0987fd583123687b0212d8d8eba296b2ed88cbba28c3103d6", "size": 32748, "path": "media/images/Class Images_0_4696b385407ad6b0987f.png", "format": "png", "width": 1500, "height": 600}, "_timestamp": 1716119278.5990329, "_runtime": 64.25557494163513, "_step": 5, "train_loss": 0.7403055294720629, "val_loss": 0.6337151620386122, "train_acc": 0.10064814814814815, "val_acc": 0.09833333333333333, "_wandb": {"runtime": 63}}