{"Class Images": {"_type": "image-file", "sha256": "4696b385407ad6b0987fd583123687b0212d8d8eba296b2ed88cbba28c3103d6", "size": 32748, "path": "media/images/Class Images_0_4696b385407ad6b0987f.png", "format": "png", "width": 1500, "height": 600}, "_timestamp": 1716141938.1030614, "_runtime": 106.40867638587952, "_step": 10, "train_loss": -0.30393399575334185, "val_loss": -0.2902762738493107, "train_acc": 0.46775925925925926, "val_acc": 0.4585, "_wandb": {"runtime": 105}}