{"Class Images": {"_type": "image-file", "sha256": "4696b385407ad6b0987fd583123687b0212d8d8eba296b2ed88cbba28c3103d6", "size": 32748, "path": "media/images/Class Images_0_4696b385407ad6b0987f.png", "format": "png", "width": 1500, "height": 600}, "_timestamp": 1716142765.319445, "_runtime": 52.58245301246643, "_step": 5, "train_loss": -0.33975690284668825, "val_loss": -0.35418902661243584, "train_acc": 0.6324444444444445, "val_acc": 0.6533333333333333, "_wandb": {"runtime": 51}}