{"Class Images": {"_type": "image-file", "sha256": "4696b385407ad6b0987fd583123687b0212d8d8eba296b2ed88cbba28c3103d6", "size": 32748, "path": "media/images/Class Images_0_4696b385407ad6b0987f.png", "format": "png", "width": 1500, "height": 600}, "_timestamp": 1716112204.8099737, "_runtime": 79.05526971817017, "_step": 5, "train_loss": 0.18948480656036978, "val_loss": 0.18340547050210018, "train_acc": 0.7979444444444445, "val_acc": 0.7936666666666666, "_wandb": {"runtime": 78}}