{"Class Images": {"_type": "image-file", "sha256": "4696b385407ad6b0987fd583123687b0212d8d8eba296b2ed88cbba28c3103d6", "size": 32748, "path": "media/images/Class Images_0_4696b385407ad6b0987f.png", "format": "png", "width": 1500, "height": 600}, "_timestamp": 1716200771.6028779, "_runtime": 73.43993186950684, "_step": 10, "train_loss": -0.33330223059811914, "val_loss": -0.3330210917998521, "train_acc": 0.5377407407407407, "val_acc": 0.5351666666666667, "_wandb": {"runtime": 72}}