{"Class Images": {"_type": "image-file", "sha256": "4696b385407ad6b0987fd583123687b0212d8d8eba296b2ed88cbba28c3103d6", "size": 32748, "path": "media/images/Class Images_0_4696b385407ad6b0987f.png", "format": "png", "width": 1500, "height": 600}, "_timestamp": 1716102243.5249436, "_runtime": 57.66180467605591, "_step": 5, "train_loss": 0.3244880675861256, "val_loss": 0.32563900606380985, "train_acc": 0.708462962962963, "val_acc": 0.6983333333333334, "_wandb": {"runtime": 56}}