{"Class Images": {"_type": "image-file", "sha256": "4696b385407ad6b0987fd583123687b0212d8d8eba296b2ed88cbba28c3103d6", "size": 32748, "path": "media/images/Class Images_0_4696b385407ad6b0987f.png", "format": "png", "width": 1500, "height": 600}, "_timestamp": 1716108976.0906868, "_runtime": 139.0146768093109, "_step": 10, "train_loss": 0.7624130527614926, "val_loss": 0.7585335984076785, "train_acc": 0.38866666666666666, "val_acc": 0.383, "_wandb": {"runtime": 138}}