{"Class Images": {"_type": "image-file", "sha256": "4696b385407ad6b0987fd583123687b0212d8d8eba296b2ed88cbba28c3103d6", "size": 32748, "path": "media/images/Class Images_0_4696b385407ad6b0987f.png", "format": "png", "width": 1500, "height": 600}, "_timestamp": 1716169401.136787, "_runtime": 59.97895789146423, "_step": 5, "train_loss": 4.973712303093611, "val_loss": 4.7074905635067585, "train_acc": 0.7138518518518518, "val_acc": 0.7163333333333334, "_wandb": {"runtime": 59}}