{"Class Images": {"_type": "image-file", "sha256": "4696b385407ad6b0987fd583123687b0212d8d8eba296b2ed88cbba28c3103d6", "size": 32748, "path": "media/images/Class Images_0_4696b385407ad6b0987f.png", "format": "png", "width": 1500, "height": 600}, "_timestamp": 1716136047.5689669, "_runtime": 53.47555494308472, "_step": 5, "train_loss": 0.9636750713627056, "val_loss": 0.9644329465947955, "train_acc": 0.10024074074074074, "val_acc": 0.09783333333333333, "_wandb": {"runtime": 52}}