{"Class Images": {"_type": "image-file", "sha256": "4696b385407ad6b0987fd583123687b0212d8d8eba296b2ed88cbba28c3103d6", "size": 32748, "path": "media/images/Class Images_0_4696b385407ad6b0987f.png", "format": "png", "width": 1500, "height": 600}, "_timestamp": 1716164020.8133287, "_runtime": 120.47210764884949, "_step": 10, "train_loss": 0.6379057801868525, "val_loss": 0.5765095021033217, "train_acc": 0.5796851851851852, "val_acc": 0.5656666666666667, "_wandb": {"runtime": 119}}