{"Class Images": {"_type": "image-file", "sha256": "4696b385407ad6b0987fd583123687b0212d8d8eba296b2ed88cbba28c3103d6", "size": 32748, "path": "media/images/Class Images_0_4696b385407ad6b0987f.png", "format": "png", "width": 1500, "height": 600}, "_timestamp": 1716095580.0306451, "_runtime": 104.09949612617493, "_step": 10, "train_loss": 2.5231580948298937, "val_loss": 2.3696958673546265, "train_acc": 0.7222037037037037, "val_acc": 0.7133333333333334, "_wandb": {"runtime": 103}}