{"Class Images": {"_type": "image-file", "sha256": "4696b385407ad6b0987fd583123687b0212d8d8eba296b2ed88cbba28c3103d6", "size": 32748, "path": "media/images/Class Images_0_4696b385407ad6b0987f.png", "format": "png", "width": 1500, "height": 600}, "_timestamp": 1716137920.2486498, "_runtime": 109.14059472084045, "_step": 10, "train_loss": -0.7525769383528845, "val_loss": -0.737713223266259, "train_acc": 0.8482407407407407, "val_acc": 0.8355, "_wandb": {"runtime": 108}}