{"Class Images": {"_type": "image-file", "sha256": "4696b385407ad6b0987fd583123687b0212d8d8eba296b2ed88cbba28c3103d6", "size": 32748, "path": "media/images/Class Images_0_4696b385407ad6b0987f.png", "format": "png", "width": 1500, "height": 600}, "_timestamp": 1716159099.2936163, "_runtime": 142.35856437683105, "_step": 10, "train_loss": -0.036997483543674485, "val_loss": -0.04029123206789388, "train_acc": 0.7431666666666666, "val_acc": 0.7358333333333333, "_wandb": {"runtime": 141}}