{"Class Images": {"_type": "image-file", "sha256": "4696b385407ad6b0987fd583123687b0212d8d8eba296b2ed88cbba28c3103d6", "size": 32748, "path": "media/images/Class Images_0_4696b385407ad6b0987f.png", "format": "png", "width": 1500, "height": 600}, "_timestamp": 1716175932.1178267, "_runtime": 61.54946970939636, "_step": 10, "train_loss": 0.41403524982662526, "val_loss": 0.411665062509191, "train_acc": 0.1078888888888889, "val_acc": 0.10633333333333334, "_wandb": {"runtime": 60}}