{"Class Images": {"_type": "image-file", "sha256": "4696b385407ad6b0987fd583123687b0212d8d8eba296b2ed88cbba28c3103d6", "size": 32748, "path": "media/images/Class Images_0_4696b385407ad6b0987f.png", "format": "png", "width": 1500, "height": 600}, "_timestamp": 1715970200.1592577, "_runtime": 300.24769258499146, "_step": 3, "train_loss": 5.507300661187277, "val_loss": 5.549094452296018, "train_acc": 0.00016666666666666666, "val_acc": 0.0, "_wandb": {"runtime": 315}}