{"Class Images": {"_type": "image-file", "sha256": "4696b385407ad6b0987fd583123687b0212d8d8eba296b2ed88cbba28c3103d6", "size": 32748, "path": "media/images/Class Images_0_4696b385407ad6b0987f.png", "format": "png", "width": 1500, "height": 600}, "_timestamp": 1716177582.7834063, "_runtime": 156.68448328971863, "_step": 10, "train_loss": 4.718035948847835, "val_loss": 4.576958508178449, "train_acc": 0.6422222222222222, "val_acc": 0.6333333333333333, "_wandb": {"runtime": 155}}