{"Class Images": {"_type": "image-file", "sha256": "4696b385407ad6b0987fd583123687b0212d8d8eba296b2ed88cbba28c3103d6", "size": 32748, "path": "media/images/Class Images_0_4696b385407ad6b0987f.png", "format": "png", "width": 1500, "height": 600}, "_timestamp": 1716141808.8180652, "_runtime": 43.38129425048828, "_step": 5, "train_loss": -0.040513889702207914, "val_loss": -0.05327440061107209, "train_acc": 0.4763148148148148, "val_acc": 0.49466666666666664, "_wandb": {"runtime": 42}}