{"Class Images": {"_type": "image-file", "sha256": "4696b385407ad6b0987fd583123687b0212d8d8eba296b2ed88cbba28c3103d6", "size": 32748, "path": "media/images/Class Images_0_4696b385407ad6b0987f.png", "format": "png", "width": 1500, "height": 600}, "_timestamp": 1716115021.4986703, "_runtime": 37.49638032913208, "_step": 5, "train_loss": 0.553327545165378, "val_loss": 0.4963004517591816, "train_acc": 0.5935, "val_acc": 0.5931666666666666, "_wandb": {"runtime": 36}}