{"Class Images": {"_type": "image-file", "sha256": "4696b385407ad6b0987fd583123687b0212d8d8eba296b2ed88cbba28c3103d6", "size": 32748, "path": "media/images/Class Images_0_4696b385407ad6b0987f.png", "format": "png", "width": 1500, "height": 600}, "_timestamp": 1716207059.2691216, "_runtime": 62.64584255218506, "_step": 5, "train_loss": -0.2005574260323455, "val_loss": -0.2183791034416914, "train_acc": 0.8174259259259259, "val_acc": 0.806, "_wandb": {"runtime": 60}}