{"Class Images": {"_type": "image-file", "sha256": "4696b385407ad6b0987fd583123687b0212d8d8eba296b2ed88cbba28c3103d6", "size": 32748, "path": "media/images/Class Images_0_4696b385407ad6b0987f.png", "format": "png", "width": 1500, "height": 600}, "_timestamp": 1716093279.687905, "_runtime": 95.67651915550232, "_step": 10, "train_loss": 1.9012284541632236, "val_loss": 1.768009508806359, "train_acc": 0.6724814814814815, "val_acc": 0.6646666666666666, "_wandb": {"runtime": 94}}