{"Class Images": {"_type": "image-file", "sha256": "4696b385407ad6b0987fd583123687b0212d8d8eba296b2ed88cbba28c3103d6", "size": 32748, "path": "media/images/Class Images_0_4696b385407ad6b0987f.png", "format": "png", "width": 1500, "height": 600}, "_timestamp": 1716185744.7304149, "_runtime": 54.614662885665894, "_step": 5, "train_loss": 1.015321987006789, "val_loss": 1.0115164288659604, "train_acc": 0.11585185185185186, "val_acc": 0.13016666666666668, "_wandb": {"runtime": 53}}