{"Class Images": {"_type": "image-file", "sha256": "4696b385407ad6b0987fd583123687b0212d8d8eba296b2ed88cbba28c3103d6", "size": 32748, "path": "media/images/Class Images_0_4696b385407ad6b0987f.png", "format": "png", "width": 1500, "height": 600}, "_timestamp": 1716198154.1708431, "_runtime": 239.97969102859497, "_step": 10, "train_loss": -0.003399138964603211, "val_loss": -0.0021795673108317296, "train_acc": 0.6050740740740741, "val_acc": 0.5955, "_wandb": {"runtime": 239}}