{"Class Images": {"_type": "image-file", "sha256": "4696b385407ad6b0987fd583123687b0212d8d8eba296b2ed88cbba28c3103d6", "size": 32748, "path": "media/images/Class Images_0_4696b385407ad6b0987f.png", "format": "png", "width": 1500, "height": 600}, "_timestamp": 1716190979.5797186, "_runtime": 110.05395269393921, "_step": 10, "train_loss": 0.15466600783007817, "val_loss": 0.15481309093584406, "train_acc": 0.8161666666666667, "val_acc": 0.8078333333333333, "_wandb": {"runtime": 109}}