{"Class Images": {"_type": "image-file", "sha256": "4696b385407ad6b0987fd583123687b0212d8d8eba296b2ed88cbba28c3103d6", "size": 32748, "path": "media/images/Class Images_0_4696b385407ad6b0987f.png", "format": "png", "width": 1500, "height": 600}, "_timestamp": 1716158164.4607115, "_runtime": 139.56710147857666, "_step": 10, "train_loss": -0.6072000012701053, "val_loss": -0.6080272197249628, "train_acc": 0.856, "val_acc": 0.8473333333333334, "_wandb": {"runtime": 138}}