{"Class Images": {"_type": "image-file", "sha256": "4696b385407ad6b0987fd583123687b0212d8d8eba296b2ed88cbba28c3103d6", "size": 32748, "path": "media/images/Class Images_0_4696b385407ad6b0987f.png", "format": "png", "width": 1500, "height": 600}, "_timestamp": 1716145037.4882743, "_runtime": 108.33212924003601, "_step": 10, "train_loss": 0.5394171479185219, "val_loss": 0.5483368730050379, "train_acc": 0.537962962962963, "val_acc": 0.5286666666666666, "_wandb": {"runtime": 107}}