{"Class Images": {"_type": "image-file", "sha256": "4696b385407ad6b0987fd583123687b0212d8d8eba296b2ed88cbba28c3103d6", "size": 32748, "path": "media/images/Class Images_0_4696b385407ad6b0987f.png", "format": "png", "width": 1500, "height": 600}, "_timestamp": 1716213004.5903673, "_runtime": 198.08188128471375, "_step": 10, "train_loss": -0.029218838086011948, "val_loss": -0.03355417751840805, "train_acc": 0.09985185185185186, "val_acc": 0.10133333333333333, "_wandb": {"runtime": 197}}