{"Class Images": {"_type": "image-file", "sha256": "4696b385407ad6b0987fd583123687b0212d8d8eba296b2ed88cbba28c3103d6", "size": 32748, "path": "media/images/Class Images_0_4696b385407ad6b0987f.png", "format": "png", "width": 1500, "height": 600}, "_timestamp": 1716157476.2507293, "_runtime": 93.41291236877441, "_step": 10, "train_loss": 2.6464131605531604, "val_loss": 2.466188837851287, "train_acc": 0.5498518518518518, "val_acc": 0.5555, "_wandb": {"runtime": 92}}