{"Class Images": {"_type": "image-file", "sha256": "4696b385407ad6b0987fd583123687b0212d8d8eba296b2ed88cbba28c3103d6", "size": 32748, "path": "media/images/Class Images_0_4696b385407ad6b0987f.png", "format": "png", "width": 1500, "height": 600}, "_timestamp": 1716195801.8162253, "_runtime": 125.26590538024902, "_step": 10, "train_loss": -0.7300447371454197, "val_loss": -0.7272771852976572, "train_acc": 0.8045555555555556, "val_acc": 0.8015, "_wandb": {"runtime": 124}}