{"Class Images": {"_type": "image-file", "sha256": "4696b385407ad6b0987fd583123687b0212d8d8eba296b2ed88cbba28c3103d6", "size": 32748, "path": "media/images/Class Images_0_4696b385407ad6b0987f.png", "format": "png", "width": 1500, "height": 600}, "_timestamp": 1716145119.3917007, "_runtime": 57.4345817565918, "_step": 5, "train_loss": 0.14993055318784387, "val_loss": 0.13628961557164565, "train_acc": 0.6015370370370371, "val_acc": 0.6021666666666666, "_wandb": {"runtime": 56}}