{"Class Images": {"_type": "image-file", "sha256": "4696b385407ad6b0987fd583123687b0212d8d8eba296b2ed88cbba28c3103d6", "size": 32748, "path": "media/images/Class Images_0_4696b385407ad6b0987f.png", "format": "png", "width": 1500, "height": 600}, "_timestamp": 1716177371.9597006, "_runtime": 89.86646962165833, "_step": 10, "train_loss": 1.901720962662706, "val_loss": 1.7678910701427943, "train_acc": 0.6398888888888888, "val_acc": 0.6315, "_wandb": {"runtime": 89}}