{"Class Images": {"_type": "image-file", "sha256": "4696b385407ad6b0987fd583123687b0212d8d8eba296b2ed88cbba28c3103d6", "size": 32748, "path": "media/images/Class Images_0_4696b385407ad6b0987f.png", "format": "png", "width": 1500, "height": 600}, "_timestamp": 1716222546.9280162, "_runtime": 66.07341027259827, "_step": 5, "train_loss": -0.23793853930682446, "val_loss": -0.25913434849830674, "train_acc": 0.3063888888888889, "val_acc": 0.368, "_wandb": {"runtime": 65}}