{"Class Images": {"_type": "image-file", "sha256": "4696b385407ad6b0987fd583123687b0212d8d8eba296b2ed88cbba28c3103d6", "size": 32748, "path": "media/images/Class Images_0_4696b385407ad6b0987f.png", "format": "png", "width": 1500, "height": 600}, "_timestamp": 1716097421.9995525, "_runtime": 45.487526416778564, "_step": 5, "train_loss": 3.7472258622112813, "val_loss": 3.707551109003474, "train_acc": 0.5414444444444444, "val_acc": 0.5525, "_wandb": {"runtime": 44}}