{"Class Images": {"_type": "image-file", "sha256": "4696b385407ad6b0987fd583123687b0212d8d8eba296b2ed88cbba28c3103d6", "size": 32748, "path": "media/images/Class Images_0_4696b385407ad6b0987f.png", "format": "png", "width": 1500, "height": 600}, "_timestamp": 1716133017.3599553, "_runtime": 115.0855484008789, "_step": 10, "train_loss": 0.155235980494273, "val_loss": 0.15295334344653078, "train_acc": 0.8059814814814815, "val_acc": 0.8006666666666666, "_wandb": {"runtime": 114}}