{"Class Images": {"_type": "image-file", "sha256": "4696b385407ad6b0987fd583123687b0212d8d8eba296b2ed88cbba28c3103d6", "size": 32748, "path": "media/images/Class Images_0_4696b385407ad6b0987f.png", "format": "png", "width": 1500, "height": 600}, "_timestamp": 1716092009.0661736, "_runtime": 88.50944447517395, "_step": 10, "train_loss": 0.9679465865323879, "val_loss": 0.968124708916389, "train_acc": 0.10629629629629629, "val_acc": 0.10383333333333333, "_wandb": {"runtime": 87}}