{"Class Images": {"_type": "image-file", "sha256": "4696b385407ad6b0987fd583123687b0212d8d8eba296b2ed88cbba28c3103d6", "size": 32748, "path": "media/images/Class Images_0_4696b385407ad6b0987f.png", "format": "png", "width": 1500, "height": 600}, "_timestamp": 1716104033.4739296, "_runtime": 51.359405755996704, "_step": 5, "train_loss": 5.429648934229197, "val_loss": 5.044368653676785, "train_acc": 0.4703703703703704, "val_acc": 0.4685, "_wandb": {"runtime": 50}}