{"Class Images": {"_type": "image-file", "sha256": "4696b385407ad6b0987fd583123687b0212d8d8eba296b2ed88cbba28c3103d6", "size": 32748, "path": "media/images/Class Images_0_4696b385407ad6b0987f.png", "format": "png", "width": 1500, "height": 600}, "_timestamp": 1716189945.8806531, "_runtime": 56.574703216552734, "_step": 5, "train_loss": -0.1677358865007525, "val_loss": -0.20222237922187955, "train_acc": 0.6315185185185185, "val_acc": 0.6248333333333334, "_wandb": {"runtime": 55}}