{"Class Images": {"_type": "image-file", "sha256": "4696b385407ad6b0987fd583123687b0212d8d8eba296b2ed88cbba28c3103d6", "size": 32748, "path": "media/images/Class Images_0_4696b385407ad6b0987f.png", "format": "png", "width": 1500, "height": 600}, "_timestamp": 1716207713.4147553, "_runtime": 69.5127444267273, "_step": 5, "train_loss": -0.32074146218752625, "val_loss": -0.3425253911102289, "train_acc": 0.780537037037037, "val_acc": 0.7755, "_wandb": {"runtime": 68}}