{"Class Images": {"_type": "image-file", "sha256": "4696b385407ad6b0987fd583123687b0212d8d8eba296b2ed88cbba28c3103d6", "size": 32748, "path": "media/images/Class Images_0_4696b385407ad6b0987f.png", "format": "png", "width": 1500, "height": 600}, "_timestamp": 1716203575.6357484, "_runtime": 102.66478037834167, "_step": 10, "train_loss": -0.15945918642945056, "val_loss": -0.1557483852214075, "train_acc": 0.7302777777777778, "val_acc": 0.716, "_wandb": {"runtime": 101}}