{"Class Images": {"_type": "image-file", "sha256": "4696b385407ad6b0987fd583123687b0212d8d8eba296b2ed88cbba28c3103d6", "size": 32748, "path": "media/images/Class Images_0_4696b385407ad6b0987f.png", "format": "png", "width": 1500, "height": 600}, "_timestamp": 1716108313.7108622, "_runtime": 122.52544116973877, "_step": 10, "train_loss": 0.5139762941157834, "val_loss": 0.44040109284717066, "train_acc": 0.6321851851851852, "val_acc": 0.6255, "_wandb": {"runtime": 121}}