{"Class Images": {"_type": "image-file", "sha256": "4696b385407ad6b0987fd583123687b0212d8d8eba296b2ed88cbba28c3103d6", "size": 32748, "path": "media/images/Class Images_0_4696b385407ad6b0987f.png", "format": "png", "width": 1500, "height": 600}, "_timestamp": 1716183418.3326712, "_runtime": 112.76420426368713, "_step": 10, "train_loss": 0.19261404978589491, "val_loss": 0.18285246501511154, "train_acc": 0.7246666666666667, "val_acc": 0.7263333333333334, "_wandb": {"runtime": 111}}