{"Class Images": {"_type": "image-file", "sha256": "4696b385407ad6b0987fd583123687b0212d8d8eba296b2ed88cbba28c3103d6", "size": 32748, "path": "media/images/Class Images_0_4696b385407ad6b0987f.png", "format": "png", "width": 1500, "height": 600}, "_timestamp": 1716139635.8542154, "_runtime": 70.13007926940918, "_step": 10, "train_loss": -0.39403452495239405, "val_loss": -0.38852896980436574, "train_acc": 0.7632407407407408, "val_acc": 0.755, "_wandb": {"runtime": 69}}