{"Class Images": {"_type": "image-file", "sha256": "4696b385407ad6b0987fd583123687b0212d8d8eba296b2ed88cbba28c3103d6", "size": 32748, "path": "media/images/Class Images_0_4696b385407ad6b0987f.png", "format": "png", "width": 1500, "height": 600}, "_timestamp": 1716207463.635473, "_runtime": 98.87625503540039, "_step": 10, "train_loss": -0.08973304678189664, "val_loss": -0.08896983528431132, "train_acc": 0.10144444444444445, "val_acc": 0.09833333333333333, "_wandb": {"runtime": 98}}