{"Class Images": {"_type": "image-file", "sha256": "4696b385407ad6b0987fd583123687b0212d8d8eba296b2ed88cbba28c3103d6", "size": 32748, "path": "media/images/Class Images_0_4696b385407ad6b0987f.png", "format": "png", "width": 1500, "height": 600}, "_timestamp": 1716162140.0968559, "_runtime": 93.77295994758606, "_step": 10, "train_loss": -0.24041541627845744, "val_loss": -0.24054557267028898, "train_acc": 0.7906111111111112, "val_acc": 0.7826666666666666, "_wandb": {"runtime": 93}}