{"Class Images": {"_type": "image-file", "sha256": "4696b385407ad6b0987fd583123687b0212d8d8eba296b2ed88cbba28c3103d6", "size": 32748, "path": "media/images/Class Images_0_4696b385407ad6b0987f.png", "format": "png", "width": 1500, "height": 600}, "_timestamp": 1716221576.1905315, "_runtime": 131.370703458786, "_step": 10, "train_loss": 0.7286026156371652, "val_loss": 0.7204451356062057, "train_acc": 0.488962962962963, "val_acc": 0.49916666666666665, "_wandb": {"runtime": 130}}