{"Class Images": {"_type": "image-file", "sha256": "4696b385407ad6b0987fd583123687b0212d8d8eba296b2ed88cbba28c3103d6", "size": 32748, "path": "media/images/Class Images_0_4696b385407ad6b0987f.png", "format": "png", "width": 1500, "height": 600}, "_timestamp": 1716155662.530804, "_runtime": 70.46398591995239, "_step": 5, "train_loss": 0.22668272434844644, "val_loss": 0.22335728709125577, "train_acc": 0.7892592592592592, "val_acc": 0.7836666666666666, "_wandb": {"runtime": 69}}