{"Class Images": {"_type": "image-file", "sha256": "4696b385407ad6b0987fd583123687b0212d8d8eba296b2ed88cbba28c3103d6", "size": 32748, "path": "media/images/Class Images_0_4696b385407ad6b0987f.png", "format": "png", "width": 1500, "height": 600}, "_timestamp": 1716166058.2892916, "_runtime": 73.88195562362671, "_step": 10, "train_loss": 1.179058980789327, "val_loss": 1.0749638955548304, "train_acc": 0.7673888888888889, "val_acc": 0.7595, "_wandb": {"runtime": 73}}