{"Class Images": {"_type": "image-file", "sha256": "4696b385407ad6b0987fd583123687b0212d8d8eba296b2ed88cbba28c3103d6", "size": 32748, "path": "media/images/Class Images_0_4696b385407ad6b0987f.png", "format": "png", "width": 1500, "height": 600}, "_timestamp": 1716154287.0824606, "_runtime": 83.23459959030151, "_step": 10, "train_loss": -0.16401096762767808, "val_loss": -0.15653753192775124, "train_acc": 0.6239814814814815, "val_acc": 0.615, "_wandb": {"runtime": 82}}