{"Class Images": {"_type": "image-file", "sha256": "4696b385407ad6b0987fd583123687b0212d8d8eba296b2ed88cbba28c3103d6", "size": 32748, "path": "media/images/Class Images_0_4696b385407ad6b0987f.png", "format": "png", "width": 1500, "height": 600}, "_timestamp": 1716212759.4471562, "_runtime": 119.85480117797852, "_step": 10, "train_loss": 0.12457227123838034, "val_loss": 0.11804746712640762, "train_acc": 0.7838518518518518, "val_acc": 0.7798333333333334, "_wandb": {"runtime": 118}}