{"Class Images": {"_type": "image-file", "sha256": "4696b385407ad6b0987fd583123687b0212d8d8eba296b2ed88cbba28c3103d6", "size": 32748, "path": "media/images/Class Images_0_4696b385407ad6b0987f.png", "format": "png", "width": 1500, "height": 600}, "_timestamp": 1716127420.3384414, "_runtime": 105.23866438865662, "_step": 10, "train_loss": 8.798827971129038, "val_loss": 8.740471634987992, "train_acc": 0.6699259259259259, "val_acc": 0.665, "_wandb": {"runtime": 104}}