{"Class Images": {"_type": "image-file", "sha256": "4696b385407ad6b0987fd583123687b0212d8d8eba296b2ed88cbba28c3103d6", "size": 32748, "path": "media/images/Class Images_0_4696b385407ad6b0987f.png", "format": "png", "width": 1500, "height": 600}, "_timestamp": 1716130500.3129342, "_runtime": 100.81481218338013, "_step": 10, "train_loss": 2.498536872739494, "val_loss": 2.353922430113279, "train_acc": 0.46844444444444444, "val_acc": 0.46166666666666667, "_wandb": {"runtime": 100}}