{"Class Images": {"_type": "image-file", "sha256": "4696b385407ad6b0987fd583123687b0212d8d8eba296b2ed88cbba28c3103d6", "size": 32748, "path": "media/images/Class Images_0_4696b385407ad6b0987f.png", "format": "png", "width": 1500, "height": 600}, "_timestamp": 1716199951.4544275, "_runtime": 103.94784140586853, "_step": 10, "train_loss": -0.08071477411134974, "val_loss": -0.07834337800241407, "train_acc": 0.7386851851851852, "val_acc": 0.7291666666666666, "_wandb": {"runtime": 103}}