{"Class Images": {"_type": "image-file", "sha256": "4696b385407ad6b0987fd583123687b0212d8d8eba296b2ed88cbba28c3103d6", "size": 32748, "path": "media/images/Class Images_0_4696b385407ad6b0987f.png", "format": "png", "width": 1500, "height": 600}, "_timestamp": 1716114323.916728, "_runtime": 106.9023129940033, "_step": 10, "train_loss": 0.1322927896408796, "val_loss": 0.12938264793038223, "train_acc": 0.8433148148148149, "val_acc": 0.8391666666666666, "_wandb": {"runtime": 106}}