{"Class Images": {"_type": "image-file", "sha256": "4696b385407ad6b0987fd583123687b0212d8d8eba296b2ed88cbba28c3103d6", "size": 32748, "path": "media/images/Class Images_0_4696b385407ad6b0987f.png", "format": "png", "width": 1500, "height": 600}, "_timestamp": 1716102494.1165564, "_runtime": 119.78863334655762, "_step": 10, "train_loss": 0.34557212254516245, "val_loss": 0.26853282679606383, "train_acc": 0.6323148148148148, "val_acc": 0.6241666666666666, "_wandb": {"runtime": 118}}