{"Class Images": {"_type": "image-file", "sha256": "4696b385407ad6b0987fd583123687b0212d8d8eba296b2ed88cbba28c3103d6", "size": 32748, "path": "media/images/Class Images_0_4696b385407ad6b0987f.png", "format": "png", "width": 1500, "height": 600}, "_timestamp": 1716230191.3089218, "_runtime": 102.8046088218689, "_step": 10, "train_loss": 0.9624433356142207, "val_loss": 0.9627421694550721, "train_acc": 0.08864814814814814, "val_acc": 0.08966666666666667, "_wandb": {"runtime": 102}}