{"Class Images": {"_type": "image-file", "sha256": "4696b385407ad6b0987fd583123687b0212d8d8eba296b2ed88cbba28c3103d6", "size": 32748, "path": "media/images/Class Images_0_4696b385407ad6b0987f.png", "format": "png", "width": 1500, "height": 600}, "_timestamp": 1716130035.6147964, "_runtime": 103.05501747131348, "_step": 10, "train_loss": 2.600110166001112, "val_loss": 2.439137193788156, "train_acc": 0.7011111111111111, "val_acc": 0.6933333333333334, "_wandb": {"runtime": 102}}