{"Class Images": {"_type": "image-file", "sha256": "4696b385407ad6b0987fd583123687b0212d8d8eba296b2ed88cbba28c3103d6", "size": 32748, "path": "media/images/Class Images_0_4696b385407ad6b0987f.png", "format": "png", "width": 1500, "height": 600}, "_timestamp": 1716159735.1289036, "_runtime": 50.12594652175903, "_step": 5, "train_loss": 5.133492551368984, "val_loss": 4.762476761417794, "train_acc": 0.7862037037037037, "val_acc": 0.7816666666666666, "_wandb": {"runtime": 49}}