{"Class Images": {"_type": "image-file", "sha256": "4696b385407ad6b0987fd583123687b0212d8d8eba296b2ed88cbba28c3103d6", "size": 32748, "path": "media/images/Class Images_0_4696b385407ad6b0987f.png", "format": "png", "width": 1500, "height": 600}, "_timestamp": 1716161781.97357, "_runtime": 55.61497402191162, "_step": 5, "train_loss": 2.8225160855720817, "val_loss": 2.459596497379029, "train_acc": 0.6099074074074075, "val_acc": 0.6051666666666666, "_wandb": {"runtime": 54}}