{"Class Images": {"_type": "image-file", "sha256": "4696b385407ad6b0987fd583123687b0212d8d8eba296b2ed88cbba28c3103d6", "size": 32748, "path": "media/images/Class Images_0_4696b385407ad6b0987f.png", "format": "png", "width": 1500, "height": 600}, "_timestamp": 1716144660.0020685, "_runtime": 85.49876856803894, "_step": 10, "train_loss": -0.3217113607458522, "val_loss": -0.3118974230690598, "train_acc": 0.7308518518518519, "val_acc": 0.7203333333333334, "_wandb": {"runtime": 84}}