{"Class Images": {"_type": "image-file", "sha256": "4696b385407ad6b0987fd583123687b0212d8d8eba296b2ed88cbba28c3103d6", "size": 32748, "path": "media/images/Class Images_0_4696b385407ad6b0987f.png", "format": "png", "width": 1500, "height": 600}, "_timestamp": 1716224250.0397983, "_runtime": 84.56593036651611, "_step": 10, "train_loss": -0.369523126237498, "val_loss": -0.36130838090035367, "train_acc": 0.7276296296296296, "val_acc": 0.7155, "_wandb": {"runtime": 83}}