{"Class Images": {"_type": "image-file", "sha256": "4696b385407ad6b0987fd583123687b0212d8d8eba296b2ed88cbba28c3103d6", "size": 32748, "path": "media/images/Class Images_0_4696b385407ad6b0987f.png", "format": "png", "width": 1500, "height": 600}, "_timestamp": 1716174563.703229, "_runtime": 41.2644579410553, "_step": 5, "train_loss": 0.31581123213570633, "val_loss": 0.313760424513234, "train_acc": 0.09901851851851852, "val_acc": 0.09833333333333333, "_wandb": {"runtime": 40}}