{"Class Images": {"_type": "image-file", "sha256": "4696b385407ad6b0987fd583123687b0212d8d8eba296b2ed88cbba28c3103d6", "size": 32748, "path": "media/images/Class Images_0_4696b385407ad6b0987f.png", "format": "png", "width": 1500, "height": 600}, "_timestamp": 1716112749.217674, "_runtime": 125.96506404876709, "_step": 10, "train_loss": 0.769398000376507, "val_loss": 0.6741077697947822, "train_acc": 0.7763703703703704, "val_acc": 0.7715, "_wandb": {"runtime": 125}}