{"Class Images": {"_type": "image-file", "sha256": "4696b385407ad6b0987fd583123687b0212d8d8eba296b2ed88cbba28c3103d6", "size": 32748, "path": "media/images/Class Images_0_4696b385407ad6b0987f.png", "format": "png", "width": 1500, "height": 600}, "_timestamp": 1716209828.7752824, "_runtime": 107.66608333587646, "_step": 10, "train_loss": 0.15742656954918885, "val_loss": 0.15464506730887384, "train_acc": 0.7439814814814815, "val_acc": 0.7415, "_wandb": {"runtime": 106}}