{"Class Images": {"_type": "image-file", "sha256": "4696b385407ad6b0987fd583123687b0212d8d8eba296b2ed88cbba28c3103d6", "size": 32748, "path": "media/images/Class Images_0_4696b385407ad6b0987f.png", "format": "png", "width": 1500, "height": 600}, "_timestamp": 1716127685.2206602, "_runtime": 92.19774532318115, "_step": 10, "train_loss": 10.577890153421663, "val_loss": 10.5780953274134, "train_acc": 0.1315, "val_acc": 0.13333333333333333, "_wandb": {"runtime": 91}}