{"Class Images": {"_type": "image-file", "sha256": "4696b385407ad6b0987fd583123687b0212d8d8eba296b2ed88cbba28c3103d6", "size": 32748, "path": "media/images/Class Images_0_4696b385407ad6b0987f.png", "format": "png", "width": 1500, "height": 600}, "_timestamp": 1716150353.4048655, "_runtime": 73.23417949676514, "_step": 5, "train_loss": 0.2434300063654613, "val_loss": 0.23396587565166801, "train_acc": 0.12788888888888889, "val_acc": 0.12383333333333334, "_wandb": {"runtime": 72}}