{"Class Images": {"_type": "image-file", "sha256": "4696b385407ad6b0987fd583123687b0212d8d8eba296b2ed88cbba28c3103d6", "size": 32748, "path": "media/images/Class Images_0_4696b385407ad6b0987f.png", "format": "png", "width": 1500, "height": 600}, "_timestamp": 1716176275.3742235, "_runtime": 113.33315348625183, "_step": 10, "train_loss": 3.0114849203226184, "val_loss": 2.8556857008387335, "train_acc": 0.6970555555555555, "val_acc": 0.69, "_wandb": {"runtime": 112}}