{"Class Images": {"_type": "image-file", "sha256": "4696b385407ad6b0987fd583123687b0212d8d8eba296b2ed88cbba28c3103d6", "size": 32748, "path": "media/images/Class Images_0_4696b385407ad6b0987f.png", "format": "png", "width": 1500, "height": 600}, "_timestamp": 1716139136.7913015, "_runtime": 67.21582651138306, "_step": 10, "train_loss": 0.8866929360572029, "val_loss": 0.8360785874403894, "train_acc": 0.7883333333333333, "val_acc": 0.785, "_wandb": {"runtime": 66}}