{"Class Images": {"_type": "image-file", "sha256": "4696b385407ad6b0987fd583123687b0212d8d8eba296b2ed88cbba28c3103d6", "size": 32748, "path": "media/images/Class Images_0_4696b385407ad6b0987f.png", "format": "png", "width": 1500, "height": 600}, "_timestamp": 1716158454.3319, "_runtime": 108.85562491416931, "_step": 10, "train_loss": 0.22088884085590624, "val_loss": 0.20970943124667257, "train_acc": 0.10005555555555555, "val_acc": 0.0995, "_wandb": {"runtime": 108}}