{"Class Images": {"_type": "image-file", "sha256": "4696b385407ad6b0987fd583123687b0212d8d8eba296b2ed88cbba28c3103d6", "size": 32748, "path": "media/images/Class Images_0_4696b385407ad6b0987f.png", "format": "png", "width": 1500, "height": 600}, "_timestamp": 1716189108.9709358, "_runtime": 93.3534688949585, "_step": 10, "train_loss": 0.8297636860526229, "val_loss": 0.8268688279831559, "train_acc": 0.11190740740740741, "val_acc": 0.109, "_wandb": {"runtime": 92}}