{"Class Images": {"_type": "image-file", "sha256": "4696b385407ad6b0987fd583123687b0212d8d8eba296b2ed88cbba28c3103d6", "size": 32748, "path": "media/images/Class Images_0_4696b385407ad6b0987f.png", "format": "png", "width": 1500, "height": 600}, "_timestamp": 1716098642.5529335, "_runtime": 76.72281837463379, "_step": 10, "train_loss": 0.24954912189423292, "val_loss": 0.24705019422373312, "train_acc": 0.24164814814814814, "val_acc": 0.24233333333333335, "_wandb": {"runtime": 75}}