{"Class Images": {"_type": "image-file", "sha256": "4696b385407ad6b0987fd583123687b0212d8d8eba296b2ed88cbba28c3103d6", "size": 32748, "path": "media/images/Class Images_0_4696b385407ad6b0987f.png", "format": "png", "width": 1500, "height": 600}, "_timestamp": 1716120723.402056, "_runtime": 48.93647909164429, "_step": 5, "train_loss": 5.435428154112172, "val_loss": 5.049502786996961, "train_acc": 0.6169444444444444, "val_acc": 0.6151666666666666, "_wandb": {"runtime": 48}}