{"Class Images": {"_type": "image-file", "sha256": "4696b385407ad6b0987fd583123687b0212d8d8eba296b2ed88cbba28c3103d6", "size": 32748, "path": "media/images/Class Images_0_4696b385407ad6b0987f.png", "format": "png", "width": 1500, "height": 600}, "_timestamp": 1716140657.70607, "_runtime": 63.32752799987793, "_step": 5, "train_loss": 0.7282178073834499, "val_loss": 0.7212220568865471, "train_acc": 0.29185185185185186, "val_acc": 0.2738333333333333, "_wandb": {"runtime": 62}}