{"Class Images": {"_type": "image-file", "sha256": "4696b385407ad6b0987fd583123687b0212d8d8eba296b2ed88cbba28c3103d6", "size": 32748, "path": "media/images/Class Images_0_4696b385407ad6b0987f.png", "format": "png", "width": 1500, "height": 600}, "_timestamp": 1716224736.7490795, "_runtime": 42.802016496658325, "_step": 5, "train_loss": 1.8206514628282007, "val_loss": 1.8214095167813007, "train_acc": 0.3506851851851852, "val_acc": 0.3465, "_wandb": {"runtime": 41}}