{"Class Images": {"_type": "image-file", "sha256": "4696b385407ad6b0987fd583123687b0212d8d8eba296b2ed88cbba28c3103d6", "size": 32748, "path": "media/images/Class Images_0_4696b385407ad6b0987f.png", "format": "png", "width": 1500, "height": 600}, "_timestamp": 1716174246.4729776, "_runtime": 40.9935986995697, "_step": 5, "train_loss": 22.524507655405372, "val_loss": 22.52427466413252, "train_acc": 0.08022222222222222, "val_acc": 0.07966666666666666, "_wandb": {"runtime": 40}}