{"Class Images": {"_type": "image-file", "sha256": "4696b385407ad6b0987fd583123687b0212d8d8eba296b2ed88cbba28c3103d6", "size": 32748, "path": "media/images/Class Images_0_4696b385407ad6b0987f.png", "format": "png", "width": 1500, "height": 600}, "_timestamp": 1716138147.9189837, "_runtime": 88.56624579429626, "_step": 10, "train_loss": 1.8918734040218135, "val_loss": 1.7615995874109893, "train_acc": 0.6869259259259259, "val_acc": 0.6805, "_wandb": {"runtime": 87}}