{"Class Images": {"_type": "image-file", "sha256": "4696b385407ad6b0987fd583123687b0212d8d8eba296b2ed88cbba28c3103d6", "size": 32748, "path": "media/images/Class Images_0_4696b385407ad6b0987f.png", "format": "png", "width": 1500, "height": 600}, "_timestamp": 1716086595.7047784, "_runtime": 146.61131834983826, "_step": 10, "train_loss": -0.10408256064053988, "val_loss": -0.09917740352849017, "train_acc": 0.2763888888888889, "val_acc": 0.29, "_wandb": {"runtime": 145}}