{"Class Images": {"_type": "image-file", "sha256": "4696b385407ad6b0987fd583123687b0212d8d8eba296b2ed88cbba28c3103d6", "size": 32748, "path": "media/images/Class Images_0_4696b385407ad6b0987f.png", "format": "png", "width": 1500, "height": 600}, "_timestamp": 1716208723.7284927, "_runtime": 101.95769667625427, "_step": 10, "train_loss": -0.1706020684119534, "val_loss": -0.16908146151501385, "train_acc": 0.7956666666666666, "val_acc": 0.7888333333333334, "_wandb": {"runtime": 101}}