{"Class Images": {"_type": "image-file", "sha256": "4696b385407ad6b0987fd583123687b0212d8d8eba296b2ed88cbba28c3103d6", "size": 32748, "path": "media/images/Class Images_0_4696b385407ad6b0987f.png", "format": "png", "width": 1500, "height": 600}, "_timestamp": 1716145207.4294484, "_runtime": 69.22398447990417, "_step": 5, "train_loss": -0.2527203741722214, "val_loss": -0.2641551873572477, "train_acc": 0.8423703703703703, "val_acc": 0.8325, "_wandb": {"runtime": 68}}