{"Class Images": {"_type": "image-file", "sha256": "4696b385407ad6b0987fd583123687b0212d8d8eba296b2ed88cbba28c3103d6", "size": 32748, "path": "media/images/Class Images_0_4696b385407ad6b0987f.png", "format": "png", "width": 1500, "height": 600}, "_timestamp": 1716224116.534467, "_runtime": 108.16258192062378, "_step": 10, "train_loss": 0.08487010348523545, "val_loss": 0.08374529448422412, "train_acc": 0.11196296296296296, "val_acc": 0.11566666666666667, "_wandb": {"runtime": 107}}