{"Class Images": {"_type": "image-file", "sha256": "4696b385407ad6b0987fd583123687b0212d8d8eba296b2ed88cbba28c3103d6", "size": 32748, "path": "media/images/Class Images_0_4696b385407ad6b0987f.png", "format": "png", "width": 1500, "height": 600}, "_timestamp": 1716144555.7919958, "_runtime": 52.38586974143982, "_step": 5, "train_loss": 5.319912495563319, "val_loss": 4.939824832887306, "train_acc": 0.5690185185185185, "val_acc": 0.5638333333333333, "_wandb": {"runtime": 51}}