{"Class Images": {"_type": "image-file", "sha256": "4696b385407ad6b0987fd583123687b0212d8d8eba296b2ed88cbba28c3103d6", "size": 32748, "path": "media/images/Class Images_0_4696b385407ad6b0987f.png", "format": "png", "width": 1500, "height": 600}, "_timestamp": 1716197475.1757176, "_runtime": 94.07976961135864, "_step": 10, "train_loss": 0.8456523258414499, "val_loss": 0.8010073930742933, "train_acc": 0.7518518518518519, "val_acc": 0.7453333333333333, "_wandb": {"runtime": 93}}