{"Class Images": {"_type": "image-file", "sha256": "4696b385407ad6b0987fd583123687b0212d8d8eba296b2ed88cbba28c3103d6", "size": 32748, "path": "media/images/Class Images_0_4696b385407ad6b0987f.png", "format": "png", "width": 1500, "height": 600}, "_timestamp": 1716096286.4254136, "_runtime": 127.11608672142029, "_step": 10, "train_loss": 0.6595628028596949, "val_loss": 0.5479181105846636, "train_acc": 0.5538888888888889, "val_acc": 0.5513333333333333, "_wandb": {"runtime": 126}}