{"Class Images": {"_type": "image-file", "sha256": "4696b385407ad6b0987fd583123687b0212d8d8eba296b2ed88cbba28c3103d6", "size": 32748, "path": "media/images/Class Images_0_4696b385407ad6b0987f.png", "format": "png", "width": 1500, "height": 600}, "_timestamp": 1716096950.7609787, "_runtime": 55.671451807022095, "_step": 5, "train_loss": 0.10646479828861859, "val_loss": 0.10466839460640857, "train_acc": 0.7721111111111111, "val_acc": 0.767, "_wandb": {"runtime": 54}}