{"Class Images": {"_type": "image-file", "sha256": "4696b385407ad6b0987fd583123687b0212d8d8eba296b2ed88cbba28c3103d6", "size": 32748, "path": "media/images/Class Images_0_4696b385407ad6b0987f.png", "format": "png", "width": 1500, "height": 600}, "_timestamp": 1716119609.8488588, "_runtime": 59.93357276916504, "_step": 5, "train_loss": 0.10102202142383628, "val_loss": 0.08673212071551815, "train_acc": 0.10807407407407407, "val_acc": 0.1095, "_wandb": {"runtime": 59}}