{"Class Images": {"_type": "image-file", "sha256": "4696b385407ad6b0987fd583123687b0212d8d8eba296b2ed88cbba28c3103d6", "size": 32748, "path": "media/images/Class Images_0_4696b385407ad6b0987f.png", "format": "png", "width": 1500, "height": 600}, "_timestamp": 1716099202.557924, "_runtime": 56.06620907783508, "_step": 5, "train_loss": 0.1956896677608184, "val_loss": 0.18966511156977375, "train_acc": 0.10338888888888889, "val_acc": 0.09766666666666667, "_wandb": {"runtime": 55}}