{"Class Images": {"_type": "image-file", "sha256": "4696b385407ad6b0987fd583123687b0212d8d8eba296b2ed88cbba28c3103d6", "size": 32748, "path": "media/images/Class Images_0_4696b385407ad6b0987f.png", "format": "png", "width": 1500, "height": 600}, "_timestamp": 1716192542.991396, "_runtime": 80.20095086097717, "_step": 10, "train_loss": -0.38161102050944307, "val_loss": -0.38288201175222836, "train_acc": 0.7590370370370371, "val_acc": 0.754, "_wandb": {"runtime": 79}}