{"Class Images": {"_type": "image-file", "sha256": "4696b385407ad6b0987fd583123687b0212d8d8eba296b2ed88cbba28c3103d6", "size": 32748, "path": "media/images/Class Images_0_4696b385407ad6b0987f.png", "format": "png", "width": 1500, "height": 600}, "_timestamp": 1716098796.3701568, "_runtime": 48.215120792388916, "_step": 5, "train_loss": 5.1746698322504, "val_loss": 4.805190187597438, "train_acc": 0.7891666666666667, "val_acc": 0.7778333333333334, "_wandb": {"runtime": 46}}