{"Class Images": {"_type": "image-file", "sha256": "4696b385407ad6b0987fd583123687b0212d8d8eba296b2ed88cbba28c3103d6", "size": 32748, "path": "media/images/Class Images_0_4696b385407ad6b0987f.png", "format": "png", "width": 1500, "height": 600}, "_timestamp": 1716157128.5751545, "_runtime": 121.33250164985657, "_step": 10, "train_loss": 3.302248829839689, "val_loss": 3.1389949007350153, "train_acc": 0.630537037037037, "val_acc": 0.6298333333333334, "_wandb": {"runtime": 120}}