{"Class Images": {"_type": "image-file", "sha256": "4696b385407ad6b0987fd583123687b0212d8d8eba296b2ed88cbba28c3103d6", "size": 32748, "path": "media/images/Class Images_0_4696b385407ad6b0987f.png", "format": "png", "width": 1500, "height": 600}, "_timestamp": 1716167626.7571275, "_runtime": 76.80191159248352, "_step": 10, "train_loss": 0.9595861266044502, "val_loss": 0.9010418604921, "train_acc": 0.6556666666666666, "val_acc": 0.663, "_wandb": {"runtime": 75}}