{"Class Images": {"_type": "image-file", "sha256": "4696b385407ad6b0987fd583123687b0212d8d8eba296b2ed88cbba28c3103d6", "size": 32748, "path": "media/images/Class Images_0_4696b385407ad6b0987f.png", "format": "png", "width": 1500, "height": 600}, "_timestamp": 1716220421.5625548, "_runtime": 119.10736083984375, "_step": 10, "train_loss": 0.5892620997196456, "val_loss": 0.5789787777172816, "train_acc": 0.09985185185185186, "val_acc": 0.10133333333333333, "_wandb": {"runtime": 118}}