{"Class Images": {"_type": "image-file", "sha256": "4696b385407ad6b0987fd583123687b0212d8d8eba296b2ed88cbba28c3103d6", "size": 32748, "path": "media/images/Class Images_0_4696b385407ad6b0987f.png", "format": "png", "width": 1500, "height": 600}, "_timestamp": 1716129413.957062, "_runtime": 169.32537293434143, "_step": 10, "train_loss": 0.0776057142954468, "val_loss": 0.07737662807805148, "train_acc": 0.813, "val_acc": 0.8066666666666666, "_wandb": {"runtime": 168}}