{"Class Images": {"_type": "image-file", "sha256": "4696b385407ad6b0987fd583123687b0212d8d8eba296b2ed88cbba28c3103d6", "size": 32748, "path": "media/images/Class Images_0_4696b385407ad6b0987f.png", "format": "png", "width": 1500, "height": 600}, "_timestamp": 1716185288.0533075, "_runtime": 127.16536664962769, "_step": 10, "train_loss": -0.42840378424358094, "val_loss": -0.3980549116897591, "train_acc": 0.64, "val_acc": 0.6161666666666666, "_wandb": {"runtime": 126}}