{"Class Images": {"_type": "image-file", "sha256": "4696b385407ad6b0987fd583123687b0212d8d8eba296b2ed88cbba28c3103d6", "size": 32748, "path": "media/images/Class Images_0_4696b385407ad6b0987f.png", "format": "png", "width": 1500, "height": 600}, "_timestamp": 1716155452.7193377, "_runtime": 110.66239666938782, "_step": 10, "train_loss": 0.24457806867985563, "val_loss": 0.23593022354160373, "train_acc": 0.11098148148148149, "val_acc": 0.11083333333333334, "_wandb": {"runtime": 109}}