{"Class Images": {"_type": "image-file", "sha256": "4696b385407ad6b0987fd583123687b0212d8d8eba296b2ed88cbba28c3103d6", "size": 32748, "path": "media/images/Class Images_0_4696b385407ad6b0987f.png", "format": "png", "width": 1500, "height": 600}, "_timestamp": 1716113751.9336967, "_runtime": 116.5475857257843, "_step": 10, "train_loss": -0.6559235893503772, "val_loss": -0.6647857763240073, "train_acc": 0.7265185185185186, "val_acc": 0.7296666666666667, "_wandb": {"runtime": 115}}