{"Class Images": {"_type": "image-file", "sha256": "4696b385407ad6b0987fd583123687b0212d8d8eba296b2ed88cbba28c3103d6", "size": 32748, "path": "media/images/Class Images_0_4696b385407ad6b0987f.png", "format": "png", "width": 1500, "height": 600}, "_timestamp": 1716099914.8517694, "_runtime": 92.36596846580505, "_step": 10, "train_loss": 0.920886880085601, "val_loss": 0.9165575101014202, "train_acc": 0.2693333333333333, "val_acc": 0.271, "_wandb": {"runtime": 91}}