{"Class Images": {"_type": "image-file", "sha256": "4696b385407ad6b0987fd583123687b0212d8d8eba296b2ed88cbba28c3103d6", "size": 32748, "path": "media/images/Class Images_0_4696b385407ad6b0987f.png", "format": "png", "width": 1500, "height": 600}, "_timestamp": 1716184201.0454845, "_runtime": 86.85688662528992, "_step": 10, "train_loss": 3.0132576513256626, "val_loss": 2.976955177756617, "train_acc": 0.5149074074074074, "val_acc": 0.5038333333333334, "_wandb": {"runtime": 86}}