{"Class Images": {"_type": "image-file", "sha256": "4696b385407ad6b0987fd583123687b0212d8d8eba296b2ed88cbba28c3103d6", "size": 32748, "path": "media/images/Class Images_0_4696b385407ad6b0987f.png", "format": "png", "width": 1500, "height": 600}, "_timestamp": 1716210926.724846, "_runtime": 91.48705387115479, "_step": 10, "train_loss": 2.551293282193199, "val_loss": 2.3865177811225426, "train_acc": 0.7820925925925926, "val_acc": 0.7751666666666667, "_wandb": {"runtime": 90}}