{"Class Images": {"_type": "image-file", "sha256": "4696b385407ad6b0987fd583123687b0212d8d8eba296b2ed88cbba28c3103d6", "size": 32748, "path": "media/images/Class Images_0_4696b385407ad6b0987f.png", "format": "png", "width": 1500, "height": 600}, "_timestamp": 1716213969.199813, "_runtime": 82.38590383529663, "_step": 10, "train_loss": 1.6831560328735198, "val_loss": 1.6349267724310999, "train_acc": 0.6262962962962964, "val_acc": 0.6113333333333333, "_wandb": {"runtime": 81}}