{"Class Images": {"_type": "image-file", "sha256": "4696b385407ad6b0987fd583123687b0212d8d8eba296b2ed88cbba28c3103d6", "size": 32748, "path": "media/images/Class Images_0_4696b385407ad6b0987f.png", "format": "png", "width": 1500, "height": 600}, "_timestamp": 1716107380.9255588, "_runtime": 101.76172876358032, "_step": 10, "train_loss": 1.8552145861729452, "val_loss": 1.7318602234258258, "train_acc": 0.7194444444444444, "val_acc": 0.7108333333333333, "_wandb": {"runtime": 101}}