{"Class Images": {"_type": "image-file", "sha256": "4696b385407ad6b0987fd583123687b0212d8d8eba296b2ed88cbba28c3103d6", "size": 32748, "path": "media/images/Class Images_0_4696b385407ad6b0987f.png", "format": "png", "width": 1500, "height": 600}, "_timestamp": 1716227420.2943518, "_runtime": 94.66094470024109, "_step": 10, "train_loss": 0.8097134493692594, "val_loss": 0.810004693173155, "train_acc": 0.1115, "val_acc": 0.1105, "_wandb": {"runtime": 93}}