{"Class Images": {"_type": "image-file", "sha256": "4696b385407ad6b0987fd583123687b0212d8d8eba296b2ed88cbba28c3103d6", "size": 32748, "path": "media/images/Class Images_0_4696b385407ad6b0987f.png", "format": "png", "width": 1500, "height": 600}, "_timestamp": 1716167359.4440594, "_runtime": 145.17482948303223, "_step": 10, "train_loss": -0.08474260907234556, "val_loss": -0.08549121338347643, "train_acc": 0.8117777777777778, "val_acc": 0.8046666666666666, "_wandb": {"runtime": 144}}