{"Class Images": {"_type": "image-file", "sha256": "4696b385407ad6b0987fd583123687b0212d8d8eba296b2ed88cbba28c3103d6", "size": 32748, "path": "media/images/Class Images_0_4696b385407ad6b0987f.png", "format": "png", "width": 1500, "height": 600}, "_timestamp": 1716202777.40349, "_runtime": 128.85480403900146, "_step": 10, "train_loss": 0.7508804255628116, "val_loss": 0.6580829292936963, "train_acc": 0.716462962962963, "val_acc": 0.7073333333333334, "_wandb": {"runtime": 128}}