{"Class Images": {"_type": "image-file", "sha256": "4696b385407ad6b0987fd583123687b0212d8d8eba296b2ed88cbba28c3103d6", "size": 32748, "path": "media/images/Class Images_0_4696b385407ad6b0987f.png", "format": "png", "width": 1500, "height": 600}, "_timestamp": 1716156861.32235, "_runtime": 113.8364839553833, "_step": 10, "train_loss": 0.13438696913905765, "val_loss": 0.1410453644842602, "train_acc": 0.11433333333333333, "val_acc": 0.11033333333333334, "_wandb": {"runtime": 113}}