{"Class Images": {"_type": "image-file", "sha256": "4696b385407ad6b0987fd583123687b0212d8d8eba296b2ed88cbba28c3103d6", "size": 32748, "path": "media/images/Class Images_0_4696b385407ad6b0987f.png", "format": "png", "width": 1500, "height": 600}, "_timestamp": 1716139353.255479, "_runtime": 97.50219416618347, "_step": 10, "train_loss": 2.772488101215417, "val_loss": 2.5830067119398192, "train_acc": 0.10092592592592593, "val_acc": 0.09166666666666666, "_wandb": {"runtime": 96}}