{"Class Images": {"_type": "image-file", "sha256": "4696b385407ad6b0987fd583123687b0212d8d8eba296b2ed88cbba28c3103d6", "size": 32748, "path": "media/images/Class Images_0_4696b385407ad6b0987f.png", "format": "png", "width": 1500, "height": 600}, "_timestamp": 1716220030.9147274, "_runtime": 107.41160440444946, "_step": 10, "train_loss": 0.9543406866671023, "val_loss": 0.9527480146718658, "train_acc": 0.12687037037037038, "val_acc": 0.13216666666666665, "_wandb": {"runtime": 103}}