{"Class Images": {"_type": "image-file", "sha256": "4696b385407ad6b0987fd583123687b0212d8d8eba296b2ed88cbba28c3103d6", "size": 32748, "path": "media/images/Class Images_0_4696b385407ad6b0987f.png", "format": "png", "width": 1500, "height": 600}, "_timestamp": 1716117731.8445833, "_runtime": 73.38275718688965, "_step": 10, "train_loss": 4.197144253128222, "val_loss": 4.19331432326937, "train_acc": 0.20307407407407407, "val_acc": 0.196, "_wandb": {"runtime": 72}}