{"Class Images": {"_type": "image-file", "sha256": "4696b385407ad6b0987fd583123687b0212d8d8eba296b2ed88cbba28c3103d6", "size": 32748, "path": "media/images/Class Images_0_4696b385407ad6b0987f.png", "format": "png", "width": 1500, "height": 600}, "_timestamp": 1716121797.6672647, "_runtime": 126.02257370948792, "_step": 10, "train_loss": 7.675443019798155, "val_loss": 7.570486444987864, "train_acc": 0.7127592592592593, "val_acc": 0.705, "_wandb": {"runtime": 124}}