{"Class Images": {"_type": "image-file", "sha256": "4696b385407ad6b0987fd583123687b0212d8d8eba296b2ed88cbba28c3103d6", "size": 32748, "path": "media/images/Class Images_0_4696b385407ad6b0987f.png", "format": "png", "width": 1500, "height": 600}, "_timestamp": 1716200986.5784726, "_runtime": 70.73168659210205, "_step": 10, "train_loss": 3.090275414315434, "val_loss": 3.087851853082176, "train_acc": 0.21151851851851852, "val_acc": 0.21483333333333332, "_wandb": {"runtime": 69}}