{"Class Images": {"_type": "image-file", "sha256": "4696b385407ad6b0987fd583123687b0212d8d8eba296b2ed88cbba28c3103d6", "size": 32748, "path": "media/images/Class Images_0_4696b385407ad6b0987f.png", "format": "png", "width": 1500, "height": 600}, "_timestamp": 1716092627.6906147, "_runtime": 39.77425980567932, "_step": 5, "train_loss": -0.01637595910925177, "val_loss": -0.03991937787128718, "train_acc": 0.5316851851851851, "val_acc": 0.5273333333333333, "_wandb": {"runtime": 38}}