{"Class Images": {"_type": "image-file", "sha256": "4696b385407ad6b0987fd583123687b0212d8d8eba296b2ed88cbba28c3103d6", "size": 32748, "path": "media/images/Class Images_0_4696b385407ad6b0987f.png", "format": "png", "width": 1500, "height": 600}, "_timestamp": 1716167877.098219, "_runtime": 92.34865403175354, "_step": 10, "train_loss": -0.3270236192717976, "val_loss": -0.3191730561828692, "train_acc": 0.5487407407407408, "val_acc": 0.5378333333333334, "_wandb": {"runtime": 91}}