{"Class Images": {"_type": "image-file", "sha256": "4696b385407ad6b0987fd583123687b0212d8d8eba296b2ed88cbba28c3103d6", "size": 32748, "path": "media/images/Class Images_0_4696b385407ad6b0987f.png", "format": "png", "width": 1500, "height": 600}, "_timestamp": 1716197094.1043608, "_runtime": 109.85666680335999, "_step": 10, "train_loss": 0.1489530569748598, "val_loss": 0.16126444676091228, "train_acc": 0.7122777777777778, "val_acc": 0.7048333333333333, "_wandb": {"runtime": 104}}