{"Class Images": {"_type": "image-file", "sha256": "4696b385407ad6b0987fd583123687b0212d8d8eba296b2ed88cbba28c3103d6", "size": 32748, "path": "media/images/Class Images_0_4696b385407ad6b0987f.png", "format": "png", "width": 1500, "height": 600}, "_timestamp": 1716150874.8878553, "_runtime": 97.07843327522278, "_step": 10, "train_loss": 0.6129118830791987, "val_loss": 0.6239742070722342, "train_acc": 0.4626296296296296, "val_acc": 0.4495, "_wandb": {"runtime": 96}}