{"Class Images": {"_type": "image-file", "sha256": "4696b385407ad6b0987fd583123687b0212d8d8eba296b2ed88cbba28c3103d6", "size": 32748, "path": "media/images/Class Images_0_4696b385407ad6b0987f.png", "format": "png", "width": 1500, "height": 600}, "_timestamp": 1716082487.4692757, "_runtime": 124.26957368850708, "_step": 9, "train_loss": 0.07057969578542828, "val_loss": 0.07013422849289117, "train_acc": 0.12724074074074074, "val_acc": 0.12716666666666668, "_wandb": {"runtime": 123}}