{"Class Images": {"_type": "image-file", "sha256": "4696b385407ad6b0987fd583123687b0212d8d8eba296b2ed88cbba28c3103d6", "size": 32748, "path": "media/images/Class Images_0_4696b385407ad6b0987f.png", "format": "png", "width": 1500, "height": 600}, "_timestamp": 1716209705.4372144, "_runtime": 70.55271434783936, "_step": 5, "train_loss": 1.9884456542616042, "val_loss": 1.7536744567978206, "train_acc": 0.554, "val_acc": 0.5475, "_wandb": {"runtime": 69}}