{"Class Images": {"_type": "image-file", "sha256": "4696b385407ad6b0987fd583123687b0212d8d8eba296b2ed88cbba28c3103d6", "size": 32748, "path": "media/images/Class Images_0_4696b385407ad6b0987f.png", "format": "png", "width": 1500, "height": 600}, "_timestamp": 1716182322.2341006, "_runtime": 35.37988352775574, "_step": 5, "train_loss": -0.5176815498567637, "val_loss": -0.5495029287097574, "train_acc": 0.6806666666666666, "val_acc": 0.7205, "_wandb": {"runtime": 34}}