{"Class Images": {"_type": "image-file", "sha256": "4696b385407ad6b0987fd583123687b0212d8d8eba296b2ed88cbba28c3103d6", "size": 32748, "path": "media/images/Class Images_0_4696b385407ad6b0987f.png", "format": "png", "width": 1500, "height": 600}, "_timestamp": 1716106296.1350677, "_runtime": 106.9733726978302, "_step": 10, "train_loss": 10.58674587613125, "val_loss": 10.58681047257212, "train_acc": 0.08527777777777777, "val_acc": 0.08833333333333333, "_wandb": {"runtime": 106}}