{"Class Images": {"_type": "image-file", "sha256": "4696b385407ad6b0987fd583123687b0212d8d8eba296b2ed88cbba28c3103d6", "size": 32748, "path": "media/images/Class Images_0_4696b385407ad6b0987f.png", "format": "png", "width": 1500, "height": 600}, "_timestamp": 1716144310.1441169, "_runtime": 68.1332139968872, "_step": 5, "train_loss": 7.473959493958519, "val_loss": 7.366771836863056, "train_acc": 0.5399444444444444, "val_acc": 0.5301666666666667, "_wandb": {"runtime": 67}}