{"Class Images": {"_type": "image-file", "sha256": "4696b385407ad6b0987fd583123687b0212d8d8eba296b2ed88cbba28c3103d6", "size": 32748, "path": "media/images/Class Images_0_4696b385407ad6b0987f.png", "format": "png", "width": 1500, "height": 600}, "_timestamp": 1716112892.1244037, "_runtime": 78.43649768829346, "_step": 5, "train_loss": 0.03580530594325137, "val_loss": 0.030983735214982808, "train_acc": 0.7954814814814815, "val_acc": 0.7861666666666667, "_wandb": {"runtime": 77}}