{"Class Images": {"_type": "image-file", "sha256": "4696b385407ad6b0987fd583123687b0212d8d8eba296b2ed88cbba28c3103d6", "size": 32748, "path": "media/images/Class Images_0_4696b385407ad6b0987f.png", "format": "png", "width": 1500, "height": 600}, "_timestamp": 1716149675.324727, "_runtime": 129.41514205932617, "_step": 10, "train_loss": 0.39844365033159107, "val_loss": 0.4069069643893847, "train_acc": 0.6748703703703703, "val_acc": 0.6623333333333333, "_wandb": {"runtime": 128}}