{"Class Images": {"_type": "image-file", "sha256": "4696b385407ad6b0987fd583123687b0212d8d8eba296b2ed88cbba28c3103d6", "size": 32748, "path": "media/images/Class Images_0_4696b385407ad6b0987f.png", "format": "png", "width": 1500, "height": 600}, "_timestamp": 1716170971.5231984, "_runtime": 59.11691236495972, "_step": 5, "train_loss": 9.643419846899977, "val_loss": 9.569964536010357, "train_acc": 0.49116666666666664, "val_acc": 0.49783333333333335, "_wandb": {"runtime": 58}}