{"Class Images": {"_type": "image-file", "sha256": "4696b385407ad6b0987fd583123687b0212d8d8eba296b2ed88cbba28c3103d6", "size": 32748, "path": "media/images/Class Images_0_4696b385407ad6b0987f.png", "format": "png", "width": 1500, "height": 600}, "_timestamp": 1716118963.4875286, "_runtime": 96.6119396686554, "_step": 10, "train_loss": 3.1127136792789063, "val_loss": 3.1116276331451918, "train_acc": 0.17077777777777778, "val_acc": 0.167, "_wandb": {"runtime": 95}}