{"Class Images": {"_type": "image-file", "sha256": "4696b385407ad6b0987fd583123687b0212d8d8eba296b2ed88cbba28c3103d6", "size": 32748, "path": "media/images/Class Images_0_4696b385407ad6b0987f.png", "format": "png", "width": 1500, "height": 600}, "_timestamp": 1716107257.217533, "_runtime": 62.78225612640381, "_step": 5, "train_loss": -0.20965398837914268, "val_loss": -0.23085582139675057, "train_acc": 0.8152962962962963, "val_acc": 0.8083333333333333, "_wandb": {"runtime": 62}}