{"Class Images": {"_type": "image-file", "sha256": "4696b385407ad6b0987fd583123687b0212d8d8eba296b2ed88cbba28c3103d6", "size": 32748, "path": "media/images/Class Images_0_4696b385407ad6b0987f.png", "format": "png", "width": 1500, "height": 600}, "_timestamp": 1716134552.344022, "_runtime": 123.83010196685791, "_step": 10, "train_loss": 0.5792353693570058, "val_loss": 0.47450317466976677, "train_acc": 0.6927592592592593, "val_acc": 0.6891666666666667, "_wandb": {"runtime": 122}}