{"Class Images": {"_type": "image-file", "sha256": "4696b385407ad6b0987fd583123687b0212d8d8eba296b2ed88cbba28c3103d6", "size": 32748, "path": "media/images/Class Images_0_4696b385407ad6b0987f.png", "format": "png", "width": 1500, "height": 600}, "_timestamp": 1716199819.4671965, "_runtime": 107.83181643486023, "_step": 10, "train_loss": 0.21698306361970815, "val_loss": 0.21630463394749552, "train_acc": 0.7473888888888889, "val_acc": 0.7433333333333333, "_wandb": {"runtime": 107}}