{"Class Images": {"_type": "image-file", "sha256": "4696b385407ad6b0987fd583123687b0212d8d8eba296b2ed88cbba28c3103d6", "size": 32748, "path": "media/images/Class Images_0_4696b385407ad6b0987f.png", "format": "png", "width": 1500, "height": 600}, "_timestamp": 1716127930.7437584, "_runtime": 138.09460544586182, "_step": 10, "train_loss": 10.140115646217136, "val_loss": 10.118623019272462, "train_acc": 0.43653703703703706, "val_acc": 0.43966666666666665, "_wandb": {"runtime": 137}}