{"Class Images": {"_type": "image-file", "sha256": "4696b385407ad6b0987fd583123687b0212d8d8eba296b2ed88cbba28c3103d6", "size": 32748, "path": "media/images/Class Images_0_4696b385407ad6b0987f.png", "format": "png", "width": 1500, "height": 600}, "_timestamp": 1716134913.255446, "_runtime": 95.13737392425537, "_step": 10, "train_loss": 9.045598438110254, "val_loss": 8.982597328790131, "train_acc": 0.4240185185185185, "val_acc": 0.41883333333333334, "_wandb": {"runtime": 94}}