{"Class Images": {"_type": "image-file", "sha256": "4696b385407ad6b0987fd583123687b0212d8d8eba296b2ed88cbba28c3103d6", "size": 32748, "path": "media/images/Class Images_0_4696b385407ad6b0987f.png", "format": "png", "width": 1500, "height": 600}, "_timestamp": 1716188474.5196764, "_runtime": 86.93634247779846, "_step": 10, "train_loss": 2.8447666632361592, "val_loss": 2.8069145446926425, "train_acc": 0.6929814814814815, "val_acc": 0.686, "_wandb": {"runtime": 86}}