{"Class Images": {"_type": "image-file", "sha256": "4696b385407ad6b0987fd583123687b0212d8d8eba296b2ed88cbba28c3103d6", "size": 32748, "path": "media/images/Class Images_0_4696b385407ad6b0987f.png", "format": "png", "width": 1500, "height": 600}, "_timestamp": 1716131018.441775, "_runtime": 64.83232998847961, "_step": 5, "train_loss": -0.4268139945337617, "val_loss": -0.4256331528710968, "train_acc": 0.6202222222222222, "val_acc": 0.6155, "_wandb": {"runtime": 64}}