{"Class Images": {"_type": "image-file", "sha256": "4696b385407ad6b0987fd583123687b0212d8d8eba296b2ed88cbba28c3103d6", "size": 32748, "path": "media/images/Class Images_0_4696b385407ad6b0987f.png", "format": "png", "width": 1500, "height": 600}, "_timestamp": 1716130927.523484, "_runtime": 52.09100008010864, "_step": 5, "train_loss": 0.3420741650955354, "val_loss": 0.33186214109989964, "train_acc": 0.12127777777777778, "val_acc": 0.117, "_wandb": {"runtime": 51}}