{"Class Images": {"_type": "image-file", "sha256": "4696b385407ad6b0987fd583123687b0212d8d8eba296b2ed88cbba28c3103d6", "size": 32748, "path": "media/images/Class Images_0_4696b385407ad6b0987f.png", "format": "png", "width": 1500, "height": 600}, "_timestamp": 1716159865.803043, "_runtime": 107.230477809906, "_step": 10, "train_loss": 2.592914217491459, "val_loss": 2.4299376710497773, "train_acc": 0.7575185185185185, "val_acc": 0.7513333333333333, "_wandb": {"runtime": 106}}