{"Class Images": {"_type": "image-file", "sha256": "4696b385407ad6b0987fd583123687b0212d8d8eba296b2ed88cbba28c3103d6", "size": 32748, "path": "media/images/Class Images_0_4696b385407ad6b0987f.png", "format": "png", "width": 1500, "height": 600}, "_timestamp": 1716135357.7819362, "_runtime": 76.21743321418762, "_step": 10, "train_loss": 0.9054896665457018, "val_loss": 0.8630015511267674, "train_acc": 0.7868518518518518, "val_acc": 0.778, "_wandb": {"runtime": 75}}