{"Class Images": {"_type": "image-file", "sha256": "4696b385407ad6b0987fd583123687b0212d8d8eba296b2ed88cbba28c3103d6", "size": 32748, "path": "media/images/Class Images_0_4696b385407ad6b0987f.png", "format": "png", "width": 1500, "height": 600}, "_timestamp": 1716101153.3434806, "_runtime": 54.81961369514465, "_step": 5, "train_loss": 8.898415610550206, "val_loss": 8.890271964974914, "train_acc": 0.15259259259259259, "val_acc": 0.1645, "_wandb": {"runtime": 53}}