{"Class Images": {"_type": "image-file", "sha256": "4696b385407ad6b0987fd583123687b0212d8d8eba296b2ed88cbba28c3103d6", "size": 32748, "path": "media/images/Class Images_0_4696b385407ad6b0987f.png", "format": "png", "width": 1500, "height": 600}, "_timestamp": 1716133448.192104, "_runtime": 165.69644808769226, "_step": 10, "train_loss": 1.4224998587389308, "val_loss": 1.2775534051649224, "train_acc": 0.6302222222222222, "val_acc": 0.6221666666666666, "_wandb": {"runtime": 164}}