{"Class Images": {"_type": "image-file", "sha256": "4696b385407ad6b0987fd583123687b0212d8d8eba296b2ed88cbba28c3103d6", "size": 32748, "path": "media/images/Class Images_0_4696b385407ad6b0987f.png", "format": "png", "width": 1500, "height": 600}, "_timestamp": 1716226936.640263, "_runtime": 118.70565104484558, "_step": 10, "train_loss": 0.42834908039943487, "val_loss": 0.36537252286204797, "train_acc": 0.3799074074074074, "val_acc": 0.37616666666666665, "_wandb": {"runtime": 117}}