{"Class Images": {"_type": "image-file", "sha256": "4696b385407ad6b0987fd583123687b0212d8d8eba296b2ed88cbba28c3103d6", "size": 32748, "path": "media/images/Class Images_0_4696b385407ad6b0987f.png", "format": "png", "width": 1500, "height": 600}, "_timestamp": 1716180941.4898498, "_runtime": 100.39151287078857, "_step": 10, "train_loss": 7.793368243695607, "val_loss": 7.737071971743676, "train_acc": 0.10092592592592593, "val_acc": 0.09166666666666666, "_wandb": {"runtime": 99}}