{"Class Images": {"_type": "image-file", "sha256": "4696b385407ad6b0987fd583123687b0212d8d8eba296b2ed88cbba28c3103d6", "size": 32748, "path": "media/images/Class Images_0_4696b385407ad6b0987f.png", "format": "png", "width": 1500, "height": 600}, "_timestamp": 1716146215.520483, "_runtime": 71.79594612121582, "_step": 10, "train_loss": 1.0788086880126238, "val_loss": 1.0175211474893895, "train_acc": 0.4658888888888889, "val_acc": 0.4638333333333333, "_wandb": {"runtime": 71}}