{"Class Images": {"_type": "image-file", "sha256": "4696b385407ad6b0987fd583123687b0212d8d8eba296b2ed88cbba28c3103d6", "size": 32748, "path": "media/images/Class Images_0_4696b385407ad6b0987f.png", "format": "png", "width": 1500, "height": 600}, "_timestamp": 1716195979.6639712, "_runtime": 145.7136652469635, "_step": 10, "train_loss": 1.700141640466707, "val_loss": 1.550627855153766, "train_acc": 0.7070185185185185, "val_acc": 0.7043333333333334, "_wandb": {"runtime": 145}}