{"Class Images": {"_type": "image-file", "sha256": "4696b385407ad6b0987fd583123687b0212d8d8eba296b2ed88cbba28c3103d6", "size": 32748, "path": "media/images/Class Images_0_4696b385407ad6b0987f.png", "format": "png", "width": 1500, "height": 600}, "_timestamp": 1716201792.3176892, "_runtime": 102.33791613578796, "_step": 10, "train_loss": 2.5788345280305918, "val_loss": 2.434564461979893, "train_acc": 0.6362222222222222, "val_acc": 0.6265, "_wandb": {"runtime": 101}}