{"Class Images": {"_type": "image-file", "sha256": "4696b385407ad6b0987fd583123687b0212d8d8eba296b2ed88cbba28c3103d6", "size": 32748, "path": "media/images/Class Images_0_4696b385407ad6b0987f.png", "format": "png", "width": 1500, "height": 600}, "_timestamp": 1716174870.4625874, "_runtime": 44.64312434196472, "_step": 5, "train_loss": 3.1584311051714797, "val_loss": 3.0110159324456434, "train_acc": 0.579574074074074, "val_acc": 0.5793333333333334, "_wandb": {"runtime": 43}}