{"Class Images": {"_type": "image-file", "sha256": "4696b385407ad6b0987fd583123687b0212d8d8eba296b2ed88cbba28c3103d6", "size": 32748, "path": "media/images/Class Images_0_4696b385407ad6b0987f.png", "format": "png", "width": 1500, "height": 600}, "_timestamp": 1716176117.3657558, "_runtime": 159.77930974960327, "_step": 10, "train_loss": 10.547551563093752, "val_loss": 10.54364360874327, "train_acc": 0.14216666666666666, "val_acc": 0.15083333333333335, "_wandb": {"runtime": 158}}