{"Class Images": {"_type": "image-file", "sha256": "4696b385407ad6b0987fd583123687b0212d8d8eba296b2ed88cbba28c3103d6", "size": 32748, "path": "media/images/Class Images_0_4696b385407ad6b0987f.png", "format": "png", "width": 1500, "height": 600}, "_timestamp": 1716105209.2650375, "_runtime": 93.22631549835205, "_step": 10, "train_loss": 8.880401155677367, "val_loss": 8.81854297329918, "train_acc": 0.6449259259259259, "val_acc": 0.642, "_wandb": {"runtime": 92}}