{"Class Images": {"_type": "image-file", "sha256": "4696b385407ad6b0987fd583123687b0212d8d8eba296b2ed88cbba28c3103d6", "size": 32748, "path": "media/images/Class Images_0_4696b385407ad6b0987f.png", "format": "png", "width": 1500, "height": 600}, "_timestamp": 1716220881.1937625, "_runtime": 36.78533363342285, "_step": 5, "train_loss": -0.24356090188828688, "val_loss": -0.25842310785253575, "train_acc": 0.30592592592592593, "val_acc": 0.374, "_wandb": {"runtime": 35}}