{"Class Images": {"_type": "image-file", "sha256": "4696b385407ad6b0987fd583123687b0212d8d8eba296b2ed88cbba28c3103d6", "size": 32748, "path": "media/images/Class Images_0_4696b385407ad6b0987f.png", "format": "png", "width": 1500, "height": 600}, "_timestamp": 1716096397.078999, "_runtime": 40.019412994384766, "_step": 5, "train_loss": 2.0310366363021672, "val_loss": 1.8841225172206792, "train_acc": 0.553962962962963, "val_acc": 0.5563333333333333, "_wandb": {"runtime": 39}}