{"Class Images": {"_type": "image-file", "sha256": "4696b385407ad6b0987fd583123687b0212d8d8eba296b2ed88cbba28c3103d6", "size": 32748, "path": "media/images/Class Images_0_4696b385407ad6b0987f.png", "format": "png", "width": 1500, "height": 600}, "_timestamp": 1716221185.916312, "_runtime": 117.04259300231934, "_step": 10, "train_loss": 4.28186853155409, "val_loss": 4.279787201935508, "train_acc": 0.1255, "val_acc": 0.131, "_wandb": {"runtime": 116}}