{"Class Images": {"_type": "image-file", "sha256": "4696b385407ad6b0987fd583123687b0212d8d8eba296b2ed88cbba28c3103d6", "size": 32748, "path": "media/images/Class Images_0_4696b385407ad6b0987f.png", "format": "png", "width": 1500, "height": 600}, "_timestamp": 1716185878.327365, "_runtime": 95.03799700737, "_step": 10, "train_loss": -0.013066975825255716, "val_loss": -0.012938675606918002, "train_acc": 0.7057037037037037, "val_acc": 0.6985, "_wandb": {"runtime": 94}}