{"Class Images": {"_type": "image-file", "sha256": "4696b385407ad6b0987fd583123687b0212d8d8eba296b2ed88cbba28c3103d6", "size": 32748, "path": "media/images/Class Images_0_4696b385407ad6b0987f.png", "format": "png", "width": 1500, "height": 600}, "_timestamp": 1716087010.1653292, "_runtime": 47.854736328125, "_step": 5, "train_loss": 2.187427421880075, "val_loss": 2.1830919675060194, "train_acc": 0.099, "val_acc": 0.10383333333333333, "_wandb": {"runtime": 47}}