{"Class Images": {"_type": "image-file", "sha256": "4696b385407ad6b0987fd583123687b0212d8d8eba296b2ed88cbba28c3103d6", "size": 32748, "path": "media/images/Class Images_0_4696b385407ad6b0987f.png", "format": "png", "width": 1500, "height": 600}, "_timestamp": 1716230371.4440558, "_runtime": 48.03510880470276, "_step": 5, "train_loss": -0.40905076375845, "val_loss": -0.4059675934412126, "train_acc": 0.47024074074074074, "val_acc": 0.4643333333333333, "_wandb": {"runtime": 47}}