{"Class Images": {"_type": "image-file", "sha256": "4696b385407ad6b0987fd583123687b0212d8d8eba296b2ed88cbba28c3103d6", "size": 32748, "path": "media/images/Class Images_0_4696b385407ad6b0987f.png", "format": "png", "width": 1500, "height": 600}, "_timestamp": 1716166937.2992315, "_runtime": 106.96326756477356, "_step": 10, "train_loss": 10.549101829315672, "val_loss": 10.547225482476621, "train_acc": 0.11831481481481482, "val_acc": 0.12133333333333333, "_wandb": {"runtime": 106}}