{"Class Images": {"_type": "image-file", "sha256": "4696b385407ad6b0987fd583123687b0212d8d8eba296b2ed88cbba28c3103d6", "size": 32748, "path": "media/images/Class Images_0_4696b385407ad6b0987f.png", "format": "png", "width": 1500, "height": 600}, "_timestamp": 1716100919.7189043, "_runtime": 85.56531023979187, "_step": 10, "train_loss": 1.2999678900805467, "val_loss": 1.1911046953794648, "train_acc": 0.5438703703703703, "val_acc": 0.5393333333333333, "_wandb": {"runtime": 84}}