{"Class Images": {"_type": "image-file", "sha256": "4696b385407ad6b0987fd583123687b0212d8d8eba296b2ed88cbba28c3103d6", "size": 32748, "path": "media/images/Class Images_0_4696b385407ad6b0987f.png", "format": "png", "width": 1500, "height": 600}, "_timestamp": 1716188360.6544957, "_runtime": 90.46440768241882, "_step": 5, "train_loss": 0.24727680400537078, "val_loss": 0.23190875651581982, "train_acc": 0.7210555555555556, "val_acc": 0.7228333333333333, "_wandb": {"runtime": 89}}