{"Class Images": {"_type": "image-file", "sha256": "4696b385407ad6b0987fd583123687b0212d8d8eba296b2ed88cbba28c3103d6", "size": 32748, "path": "media/images/Class Images_0_4696b385407ad6b0987f.png", "format": "png", "width": 1500, "height": 600}, "_timestamp": 1716217598.8915458, "_runtime": 85.56150579452515, "_step": 10, "train_loss": -0.5369351472268091, "val_loss": -0.5325690959817413, "train_acc": 0.8246296296296296, "val_acc": 0.815, "_wandb": {"runtime": 84}}