{"Class Images": {"_type": "image-file", "sha256": "4696b385407ad6b0987fd583123687b0212d8d8eba296b2ed88cbba28c3103d6", "size": 32748, "path": "media/images/Class Images_0_4696b385407ad6b0987f.png", "format": "png", "width": 1500, "height": 600}, "_timestamp": 1716098052.4543574, "_runtime": 43.25144147872925, "_step": 5, "train_loss": 2.155897939597417, "val_loss": 2.0175974604224907, "train_acc": 0.38151851851851853, "val_acc": 0.3715, "_wandb": {"runtime": 42}}