{"Class Images": {"_type": "image-file", "sha256": "4696b385407ad6b0987fd583123687b0212d8d8eba296b2ed88cbba28c3103d6", "size": 32748, "path": "media/images/Class Images_0_4696b385407ad6b0987f.png", "format": "png", "width": 1500, "height": 600}, "_timestamp": 1716084527.5285468, "_runtime": 48.73216891288757, "_step": 5, "train_loss": -0.04695188733901469, "val_loss": -0.04895347634349581, "train_acc": 0.10018518518518518, "val_acc": 0.09833333333333333, "_wandb": {"runtime": 47}}