{"Class Images": {"_type": "image-file", "sha256": "4696b385407ad6b0987fd583123687b0212d8d8eba296b2ed88cbba28c3103d6", "size": 32748, "path": "media/images/Class Images_0_4696b385407ad6b0987f.png", "format": "png", "width": 1500, "height": 600}, "_timestamp": 1716094463.778947, "_runtime": 129.47849011421204, "_step": 10, "train_loss": 7.754054159882265, "val_loss": 7.647015407416766, "train_acc": 0.6023333333333334, "val_acc": 0.5985, "_wandb": {"runtime": 128}}