{"Class Images": {"_type": "image-file", "sha256": "4696b385407ad6b0987fd583123687b0212d8d8eba296b2ed88cbba28c3103d6", "size": 32748, "path": "media/images/Class Images_0_4696b385407ad6b0987f.png", "format": "png", "width": 1500, "height": 600}, "_timestamp": 1716101001.8904762, "_runtime": 53.44855332374573, "_step": 5, "train_loss": 5.408053502719634, "val_loss": 5.022092403682897, "train_acc": 0.46174074074074073, "val_acc": 0.4603333333333333, "_wandb": {"runtime": 52}}