{"Class Images": {"_type": "image-file", "sha256": "4696b385407ad6b0987fd583123687b0212d8d8eba296b2ed88cbba28c3103d6", "size": 32748, "path": "media/images/Class Images_0_4696b385407ad6b0987f.png", "format": "png", "width": 1500, "height": 600}, "_timestamp": 1716217126.810032, "_runtime": 116.81195282936096, "_step": 10, "train_loss": 7.820517497322907, "val_loss": 7.697506603595363, "train_acc": 0.5824444444444444, "val_acc": 0.607, "_wandb": {"runtime": 115}}