{"Class Images": {"_type": "image-file", "sha256": "4696b385407ad6b0987fd583123687b0212d8d8eba296b2ed88cbba28c3103d6", "size": 32748, "path": "media/images/Class Images_0_4696b385407ad6b0987f.png", "format": "png", "width": 1500, "height": 600}, "_timestamp": 1716221906.777216, "_runtime": 81.8840229511261, "_step": 10, "train_loss": -0.33561021124335977, "val_loss": -0.33307896860268654, "train_acc": 0.6401666666666667, "val_acc": 0.635, "_wandb": {"runtime": 81}}