{"Class Images": {"_type": "image-file", "sha256": "4696b385407ad6b0987fd583123687b0212d8d8eba296b2ed88cbba28c3103d6", "size": 32748, "path": "media/images/Class Images_0_4696b385407ad6b0987f.png", "format": "png", "width": 1500, "height": 600}, "_timestamp": 1716146842.9981837, "_runtime": 58.31840181350708, "_step": 5, "train_loss": 0.10366541406882337, "val_loss": 0.08922351043155759, "train_acc": 0.640462962962963, "val_acc": 0.6386666666666667, "_wandb": {"runtime": 57}}