{"Class Images": {"_type": "image-file", "sha256": "4696b385407ad6b0987fd583123687b0212d8d8eba296b2ed88cbba28c3103d6", "size": 32748, "path": "media/images/Class Images_0_4696b385407ad6b0987f.png", "format": "png", "width": 1500, "height": 600}, "_timestamp": 1716126006.5130322, "_runtime": 111.44806408882141, "_step": 10, "train_loss": 0.15102619507312467, "val_loss": 0.19655901671597145, "train_acc": 0.10512962962962963, "val_acc": 0.09983333333333333, "_wandb": {"runtime": 110}}