{"Class Images": {"_type": "image-file", "sha256": "4696b385407ad6b0987fd583123687b0212d8d8eba296b2ed88cbba28c3103d6", "size": 32748, "path": "media/images/Class Images_0_4696b385407ad6b0987f.png", "format": "png", "width": 1500, "height": 600}, "_timestamp": 1716257978.2628028, "_runtime": 143.27358388900757, "_step": 15, "train_loss": 0.14042251483142898, "val_loss": 0.14700376662792042, "train_acc": 0.11927777777777777, "val_acc": 0.11466666666666667, "_wandb": {"runtime": 142}}