{"Class Images": {"_type": "image-file", "sha256": "4696b385407ad6b0987fd583123687b0212d8d8eba296b2ed88cbba28c3103d6", "size": 32748, "path": "media/images/Class Images_0_4696b385407ad6b0987f.png", "format": "png", "width": 1500, "height": 600}, "_timestamp": 1716139869.271809, "_runtime": 94.13821601867676, "_step": 10, "train_loss": 8.760969991037753, "val_loss": 8.745743919013828, "train_acc": 0.3652037037037037, "val_acc": 0.37316666666666665, "_wandb": {"runtime": 93}}