{"Class Images": {"_type": "image-file", "sha256": "4696b385407ad6b0987fd583123687b0212d8d8eba296b2ed88cbba28c3103d6", "size": 32748, "path": "media/images/Class Images_0_4696b385407ad6b0987f.png", "format": "png", "width": 1500, "height": 600}, "_timestamp": 1716199226.9647903, "_runtime": 222.7681703567505, "_step": 10, "train_loss": 0.7463025263806448, "val_loss": 0.7782451748768435, "train_acc": 0.10072222222222223, "val_acc": 0.09166666666666666, "_wandb": {"runtime": 222}}