{"Class Images": {"_type": "image-file", "sha256": "4696b385407ad6b0987fd583123687b0212d8d8eba296b2ed88cbba28c3103d6", "size": 32748, "path": "media/images/Class Images_0_4696b385407ad6b0987f.png", "format": "png", "width": 1500, "height": 600}, "_timestamp": 1716152993.935706, "_runtime": 44.99928379058838, "_step": 5, "train_loss": -0.17228720802543196, "val_loss": -0.16957318213813682, "train_acc": 0.553074074074074, "val_acc": 0.5426666666666666, "_wandb": {"runtime": 44}}