{"Class Images": {"_type": "image-file", "sha256": "4696b385407ad6b0987fd583123687b0212d8d8eba296b2ed88cbba28c3103d6", "size": 32748, "path": "media/images/Class Images_0_4696b385407ad6b0987f.png", "format": "png", "width": 1500, "height": 600}, "_timestamp": 1716184711.789591, "_runtime": 78.574627161026, "_step": 5, "train_loss": 0.0015164258892206527, "val_loss": -0.026647229653843557, "train_acc": 0.6107037037037037, "val_acc": 0.6243333333333333, "_wandb": {"runtime": 77}}