{"Class Images": {"_type": "image-file", "sha256": "4696b385407ad6b0987fd583123687b0212d8d8eba296b2ed88cbba28c3103d6", "size": 32748, "path": "media/images/Class Images_0_4696b385407ad6b0987f.png", "format": "png", "width": 1500, "height": 600}, "_timestamp": 1716149107.435925, "_runtime": 40.9711549282074, "_step": 5, "train_loss": -0.030191535946165634, "val_loss": -0.05554405739491248, "train_acc": 0.4967037037037037, "val_acc": 0.5413333333333333, "_wandb": {"runtime": 40}}