{"Class Images": {"_type": "image-file", "sha256": "4696b385407ad6b0987fd583123687b0212d8d8eba296b2ed88cbba28c3103d6", "size": 32748, "path": "media/images/Class Images_0_4696b385407ad6b0987f.png", "format": "png", "width": 1500, "height": 600}, "_timestamp": 1716133595.402792, "_runtime": 75.97083306312561, "_step": 5, "train_loss": 0.09521883574183806, "val_loss": 0.0830475155012013, "train_acc": 0.7146111111111111, "val_acc": 0.7055, "_wandb": {"runtime": 75}}