{"Class Images": {"_type": "image-file", "sha256": "4696b385407ad6b0987fd583123687b0212d8d8eba296b2ed88cbba28c3103d6", "size": 32748, "path": "media/images/Class Images_0_4696b385407ad6b0987f.png", "format": "png", "width": 1500, "height": 600}, "_timestamp": 1716099536.545238, "_runtime": 83.79131698608398, "_step": 10, "train_loss": 0.15804537553998255, "val_loss": 0.10627815099973013, "train_acc": 0.5190370370370371, "val_acc": 0.5325, "_wandb": {"runtime": 82}}