{"Class Images": {"_type": "image-file", "sha256": "4696b385407ad6b0987fd583123687b0212d8d8eba296b2ed88cbba28c3103d6", "size": 32748, "path": "media/images/Class Images_0_4696b385407ad6b0987f.png", "format": "png", "width": 1500, "height": 600}, "_timestamp": 1716102812.9240255, "_runtime": 74.46596360206604, "_step": 10, "train_loss": 48.321566627979415, "val_loss": 48.05563821049061, "train_acc": 0.10074074074074074, "val_acc": 0.1005, "_wandb": {"runtime": 73}}