{"Class Images": {"_type": "image-file", "sha256": "4696b385407ad6b0987fd583123687b0212d8d8eba296b2ed88cbba28c3103d6", "size": 32748, "path": "media/images/Class Images_0_4696b385407ad6b0987f.png", "format": "png", "width": 1500, "height": 600}, "_timestamp": 1716130135.103037, "_runtime": 73.4429521560669, "_step": 10, "train_loss": 0.413395996684386, "val_loss": 0.41160871324744575, "train_acc": 0.10503703703703704, "val_acc": 0.1035, "_wandb": {"runtime": 72}}