{"Class Images": {"_type": "image-file", "sha256": "4696b385407ad6b0987fd583123687b0212d8d8eba296b2ed88cbba28c3103d6", "size": 32748, "path": "media/images/Class Images_0_4696b385407ad6b0987f.png", "format": "png", "width": 1500, "height": 600}, "_timestamp": 1716203931.3911293, "_runtime": 93.02636528015137, "_step": 10, "train_loss": 2.5409610370308324, "val_loss": 2.373458521185208, "train_acc": 0.7142407407407407, "val_acc": 0.7041666666666667, "_wandb": {"runtime": 92}}