{"Class Images": {"_type": "image-file", "sha256": "4696b385407ad6b0987fd583123687b0212d8d8eba296b2ed88cbba28c3103d6", "size": 32748, "path": "media/images/Class Images_0_4696b385407ad6b0987f.png", "format": "png", "width": 1500, "height": 600}, "_timestamp": 1716212312.2441926, "_runtime": 97.96833562850952, "_step": 10, "train_loss": -0.22052865474478672, "val_loss": -0.21625826625721503, "train_acc": 0.7655555555555555, "val_acc": 0.7555, "_wandb": {"runtime": 96}}