{"Class Images": {"_type": "image-file", "sha256": "4696b385407ad6b0987fd583123687b0212d8d8eba296b2ed88cbba28c3103d6", "size": 32748, "path": "media/images/Class Images_0_4696b385407ad6b0987f.png", "format": "png", "width": 1500, "height": 600}, "_timestamp": 1716118165.427552, "_runtime": 88.83394694328308, "_step": 10, "train_loss": 2.398178213693615, "val_loss": 2.3552847386351896, "train_acc": 0.6446481481481482, "val_acc": 0.6481666666666667, "_wandb": {"runtime": 87}}