{"Class Images": {"_type": "image-file", "sha256": "4696b385407ad6b0987fd583123687b0212d8d8eba296b2ed88cbba28c3103d6", "size": 32748, "path": "media/images/Class Images_0_4696b385407ad6b0987f.png", "format": "png", "width": 1500, "height": 600}, "_timestamp": 1716108483.6671457, "_runtime": 60.78216576576233, "_step": 5, "train_loss": -0.1729074476538126, "val_loss": -0.14645151317834867, "train_acc": 0.3369259259259259, "val_acc": 0.2996666666666667, "_wandb": {"runtime": 60}}