{"Class Images": {"_type": "image-file", "sha256": "4696b385407ad6b0987fd583123687b0212d8d8eba296b2ed88cbba28c3103d6", "size": 32748, "path": "media/images/Class Images_0_4696b385407ad6b0987f.png", "format": "png", "width": 1500, "height": 600}, "_timestamp": 1716227795.6232386, "_runtime": 138.74612164497375, "_step": 10, "train_loss": -0.5312016186183022, "val_loss": -0.5364093100580974, "train_acc": 0.7942037037037037, "val_acc": 0.7913333333333333, "_wandb": {"runtime": 137}}