{"Class Images": {"_type": "image-file", "sha256": "4696b385407ad6b0987fd583123687b0212d8d8eba296b2ed88cbba28c3103d6", "size": 32748, "path": "media/images/Class Images_0_4696b385407ad6b0987f.png", "format": "png", "width": 1500, "height": 600}, "_timestamp": 1716195443.3458264, "_runtime": 102.15571641921997, "_step": 10, "train_loss": -0.48180948406789903, "val_loss": -0.4570687063401333, "train_acc": 0.7210185185185185, "val_acc": 0.6953333333333334, "_wandb": {"runtime": 101}}