{"Class Images": {"_type": "image-file", "sha256": "4696b385407ad6b0987fd583123687b0212d8d8eba296b2ed88cbba28c3103d6", "size": 32748, "path": "media/images/Class Images_0_4696b385407ad6b0987f.png", "format": "png", "width": 1500, "height": 600}, "_timestamp": 1716164397.0037813, "_runtime": 86.55729627609253, "_step": 10, "train_loss": 7.497924283194282, "val_loss": 7.444789934376535, "train_acc": 0.4675925925925926, "val_acc": 0.4646666666666667, "_wandb": {"runtime": 85}}