{"Class Images": {"_type": "image-file", "sha256": "4696b385407ad6b0987fd583123687b0212d8d8eba296b2ed88cbba28c3103d6", "size": 32748, "path": "media/images/Class Images_0_4696b385407ad6b0987f.png", "format": "png", "width": 1500, "height": 600}, "_timestamp": 1716103529.0099227, "_runtime": 96.87085676193237, "_step": 10, "train_loss": 0.15444784192953984, "val_loss": 0.15615756144525755, "train_acc": 0.8124259259259259, "val_acc": 0.8025, "_wandb": {"runtime": 96}}