{"Class Images": {"_type": "image-file", "sha256": "4696b385407ad6b0987fd583123687b0212d8d8eba296b2ed88cbba28c3103d6", "size": 32748, "path": "media/images/Class Images_0_4696b385407ad6b0987f.png", "format": "png", "width": 1500, "height": 600}, "_timestamp": 1716189581.1139524, "_runtime": 161.14029741287231, "_step": 10, "train_loss": -0.08321918653296188, "val_loss": -0.08302154546189797, "train_acc": 0.8421481481481482, "val_acc": 0.8365, "_wandb": {"runtime": 160}}