{"Class Images": {"_type": "image-file", "sha256": "4696b385407ad6b0987fd583123687b0212d8d8eba296b2ed88cbba28c3103d6", "size": 32748, "path": "media/images/Class Images_0_4696b385407ad6b0987f.png", "format": "png", "width": 1500, "height": 600}, "_timestamp": 1716173705.1381736, "_runtime": 62.810341596603394, "_step": 5, "train_loss": -0.15667813442072662, "val_loss": -0.18536643873345893, "train_acc": 0.4605925925925926, "val_acc": 0.4515, "_wandb": {"runtime": 62}}