{"Class Images": {"_type": "image-file", "sha256": "4696b385407ad6b0987fd583123687b0212d8d8eba296b2ed88cbba28c3103d6", "size": 32748, "path": "media/images/Class Images_0_4696b385407ad6b0987f.png", "format": "png", "width": 1500, "height": 600}, "_timestamp": 1716202056.1080215, "_runtime": 113.11739659309387, "_step": 10, "train_loss": 3.1481157990542497, "val_loss": 2.9882084289965407, "train_acc": 0.5758703703703704, "val_acc": 0.5635, "_wandb": {"runtime": 112}}