{"Class Images": {"_type": "image-file", "sha256": "4696b385407ad6b0987fd583123687b0212d8d8eba296b2ed88cbba28c3103d6", "size": 32748, "path": "media/images/Class Images_0_4696b385407ad6b0987f.png", "format": "png", "width": 1500, "height": 600}, "_timestamp": 1716200644.1064916, "_runtime": 215.72379159927368, "_step": 10, "train_loss": 0.566704104542535, "val_loss": 0.5220461905498194, "train_acc": 0.7541111111111111, "val_acc": 0.7553333333333333, "_wandb": {"runtime": 214}}