{"Class Images": {"_type": "image-file", "sha256": "4696b385407ad6b0987fd583123687b0212d8d8eba296b2ed88cbba28c3103d6", "size": 32748, "path": "media/images/Class Images_0_4696b385407ad6b0987f.png", "format": "png", "width": 1500, "height": 600}, "_timestamp": 1716086238.1169958, "_runtime": 44.498679876327515, "_step": 5, "train_loss": 1.0741713511472564, "val_loss": 0.9520719102604303, "train_acc": 0.10024074074074074, "val_acc": 0.09783333333333333, "_wandb": {"runtime": 43}}