{"Class Images": {"_type": "image-file", "sha256": "4696b385407ad6b0987fd583123687b0212d8d8eba296b2ed88cbba28c3103d6", "size": 32748, "path": "media/images/Class Images_0_4696b385407ad6b0987f.png", "format": "png", "width": 1500, "height": 600}, "_timestamp": 1716165310.0201738, "_runtime": 94.6086208820343, "_step": 10, "train_loss": -0.16762025734446032, "val_loss": -0.16779004785176155, "train_acc": 0.827, "val_acc": 0.8246666666666667, "_wandb": {"runtime": 94}}