{"Class Images": {"_type": "image-file", "sha256": "4696b385407ad6b0987fd583123687b0212d8d8eba296b2ed88cbba28c3103d6", "size": 32748, "path": "media/images/Class Images_0_4696b385407ad6b0987f.png", "format": "png", "width": 1500, "height": 600}, "_timestamp": 1716105874.810916, "_runtime": 106.61881899833679, "_step": 10, "train_loss": 10.574507893751715, "val_loss": 10.573286870448785, "train_acc": 0.1422962962962963, "val_acc": 0.14016666666666666, "_wandb": {"runtime": 105}}