{"Class Images": {"_type": "image-file", "sha256": "4696b385407ad6b0987fd583123687b0212d8d8eba296b2ed88cbba28c3103d6", "size": 32748, "path": "media/images/Class Images_0_4696b385407ad6b0987f.png", "format": "png", "width": 1500, "height": 600}, "_timestamp": 1716216982.7524083, "_runtime": 94.41676616668701, "_step": 10, "train_loss": 10.24525338338454, "val_loss": 10.235105678724613, "train_acc": 0.4135185185185185, "val_acc": 0.41433333333333333, "_wandb": {"runtime": 93}}