{"Class Images": {"_type": "image-file", "sha256": "4696b385407ad6b0987fd583123687b0212d8d8eba296b2ed88cbba28c3103d6", "size": 32748, "path": "media/images/Class Images_0_4696b385407ad6b0987f.png", "format": "png", "width": 1500, "height": 600}, "_timestamp": 1716126578.0450625, "_runtime": 101.9192955493927, "_step": 10, "train_loss": 2.851099107982916, "val_loss": 2.697262646324034, "train_acc": 0.7143888888888889, "val_acc": 0.7038333333333333, "_wandb": {"runtime": 101}}