{"Class Images": {"_type": "image-file", "sha256": "4696b385407ad6b0987fd583123687b0212d8d8eba296b2ed88cbba28c3103d6", "size": 32748, "path": "media/images/Class Images_0_4696b385407ad6b0987f.png", "format": "png", "width": 1500, "height": 600}, "_timestamp": 1716223498.5450823, "_runtime": 90.4380784034729, "_step": 10, "train_loss": 1.92160878618565, "val_loss": 1.785853334452341, "train_acc": 0.7155925925925926, "val_acc": 0.7098333333333333, "_wandb": {"runtime": 89}}