{"Class Images": {"_type": "image-file", "sha256": "4696b385407ad6b0987fd583123687b0212d8d8eba296b2ed88cbba28c3103d6", "size": 32748, "path": "media/images/Class Images_0_4696b385407ad6b0987f.png", "format": "png", "width": 1500, "height": 600}, "_timestamp": 1716218500.005036, "_runtime": 104.53321313858032, "_step": 10, "train_loss": -0.3993991484198319, "val_loss": -0.3952144495983105, "train_acc": 0.8023333333333333, "val_acc": 0.7956666666666666, "_wandb": {"runtime": 103}}