{"Class Images": {"_type": "image-file", "sha256": "4696b385407ad6b0987fd583123687b0212d8d8eba296b2ed88cbba28c3103d6", "size": 32748, "path": "media/images/Class Images_0_4696b385407ad6b0987f.png", "format": "png", "width": 1500, "height": 600}, "_timestamp": 1716161701.9664147, "_runtime": 118.37401080131531, "_step": 10, "train_loss": 0.13195126522196937, "val_loss": 0.13389786539345053, "train_acc": 0.804, "val_acc": 0.7946666666666666, "_wandb": {"runtime": 117}}