{"Class Images": {"_type": "image-file", "sha256": "4696b385407ad6b0987fd583123687b0212d8d8eba296b2ed88cbba28c3103d6", "size": 32748, "path": "media/images/Class Images_0_4696b385407ad6b0987f.png", "format": "png", "width": 1500, "height": 600}, "_timestamp": 1716179271.4345477, "_runtime": 111.11767864227295, "_step": 10, "train_loss": 8.848673249040008, "val_loss": 8.789009104235289, "train_acc": 0.6372777777777778, "val_acc": 0.6326666666666667, "_wandb": {"runtime": 110}}