{"Class Images": {"_type": "image-file", "sha256": "4696b385407ad6b0987fd583123687b0212d8d8eba296b2ed88cbba28c3103d6", "size": 32748, "path": "media/images/Class Images_0_4696b385407ad6b0987f.png", "format": "png", "width": 1500, "height": 600}, "_timestamp": 1716156722.318724, "_runtime": 131.62125396728516, "_step": 10, "train_loss": 0.7587858240397672, "val_loss": 0.6709276963709049, "train_acc": 0.7161481481481482, "val_acc": 0.7036666666666667, "_wandb": {"runtime": 130}}