{"Class Images": {"_type": "image-file", "sha256": "4696b385407ad6b0987fd583123687b0212d8d8eba296b2ed88cbba28c3103d6", "size": 32748, "path": "media/images/Class Images_0_4696b385407ad6b0987f.png", "format": "png", "width": 1500, "height": 600}, "_timestamp": 1716228010.280583, "_runtime": 142.20160794258118, "_step": 10, "train_loss": 0.1619474912887525, "val_loss": 0.16643504895053352, "train_acc": 0.12198148148148148, "val_acc": 0.12, "_wandb": {"runtime": 140}}