{"Class Images": {"_type": "image-file", "sha256": "4696b385407ad6b0987fd583123687b0212d8d8eba296b2ed88cbba28c3103d6", "size": 32748, "path": "media/images/Class Images_0_4696b385407ad6b0987f.png", "format": "png", "width": 1500, "height": 600}, "_timestamp": 1716108162.5420253, "_runtime": 51.68670034408569, "_step": 5, "train_loss": 1.023396040750789, "val_loss": 1.0219233337261013, "train_acc": 0.119, "val_acc": 0.11183333333333334, "_wandb": {"runtime": 50}}