{"Class Images": {"_type": "image-file", "sha256": "4696b385407ad6b0987fd583123687b0212d8d8eba296b2ed88cbba28c3103d6", "size": 32748, "path": "media/images/Class Images_0_4696b385407ad6b0987f.png", "format": "png", "width": 1500, "height": 600}, "_timestamp": 1716115684.1793177, "_runtime": 64.96508359909058, "_step": 5, "train_loss": -0.6598495875861022, "val_loss": -0.6612380206014622, "train_acc": 0.7361851851851852, "val_acc": 0.7316666666666667, "_wandb": {"runtime": 64}}