{"Class Images": {"_type": "image-file", "sha256": "4696b385407ad6b0987fd583123687b0212d8d8eba296b2ed88cbba28c3103d6", "size": 32748, "path": "media/images/Class Images_0_4696b385407ad6b0987f.png", "format": "png", "width": 1500, "height": 600}, "_timestamp": 1716228378.2766893, "_runtime": 119.01407217979431, "_step": 10, "train_loss": -0.39155842897251636, "val_loss": -0.39039229877979875, "train_acc": 0.8575, "val_acc": 0.8421666666666666, "_wandb": {"runtime": 115}}