{"Class Images": {"_type": "image-file", "sha256": "4696b385407ad6b0987fd583123687b0212d8d8eba296b2ed88cbba28c3103d6", "size": 32748, "path": "media/images/Class Images_0_4696b385407ad6b0987f.png", "format": "png", "width": 1500, "height": 600}, "_timestamp": 1716112561.7526379, "_runtime": 108.0787558555603, "_step": 10, "train_loss": 8.86914514023946, "val_loss": 8.809140105266211, "train_acc": 0.6713518518518519, "val_acc": 0.6661666666666667, "_wandb": {"runtime": 107}}