{"Class Images": {"_type": "image-file", "sha256": "4696b385407ad6b0987fd583123687b0212d8d8eba296b2ed88cbba28c3103d6", "size": 32748, "path": "media/images/Class Images_0_4696b385407ad6b0987f.png", "format": "png", "width": 1500, "height": 600}, "_timestamp": 1716099994.7651668, "_runtime": 55.03586673736572, "_step": 5, "train_loss": 5.190723221477025, "val_loss": 4.820917171629794, "train_acc": 0.7248703703703704, "val_acc": 0.714, "_wandb": {"runtime": 53}}