{"Class Images": {"_type": "image-file", "sha256": "4696b385407ad6b0987fd583123687b0212d8d8eba296b2ed88cbba28c3103d6", "size": 32748, "path": "media/images/Class Images_0_4696b385407ad6b0987f.png", "format": "png", "width": 1500, "height": 600}, "_timestamp": 1716201914.9559374, "_runtime": 93.47230935096741, "_step": 10, "train_loss": 2.5845766285029006, "val_loss": 2.4147762609347065, "train_acc": 0.6416481481481482, "val_acc": 0.6348333333333334, "_wandb": {"runtime": 92}}