{"Class Images": {"_type": "image-file", "sha256": "4696b385407ad6b0987fd583123687b0212d8d8eba296b2ed88cbba28c3103d6", "size": 32748, "path": "media/images/Class Images_0_4696b385407ad6b0987f.png", "format": "png", "width": 1500, "height": 600}, "_timestamp": 1716211311.226321, "_runtime": 114.3575370311737, "_step": 5, "train_loss": 2.119225763424331, "val_loss": 1.8129751092937978, "train_acc": 0.686962962962963, "val_acc": 0.6825, "_wandb": {"runtime": 113}}