{"Class Images": {"_type": "image-file", "sha256": "4696b385407ad6b0987fd583123687b0212d8d8eba296b2ed88cbba28c3103d6", "size": 32748, "path": "media/images/Class Images_0_4696b385407ad6b0987f.png", "format": "png", "width": 1500, "height": 600}, "_timestamp": 1716123246.7225568, "_runtime": 161.58691692352295, "_step": 10, "train_loss": 0.05845695652272827, "val_loss": 0.05523090184143956, "train_acc": 0.8457037037037037, "val_acc": 0.8413333333333334, "_wandb": {"runtime": 160}}