{"Class Images": {"_type": "image-file", "sha256": "4696b385407ad6b0987fd583123687b0212d8d8eba296b2ed88cbba28c3103d6", "size": 32748, "path": "media/images/Class Images_0_4696b385407ad6b0987f.png", "format": "png", "width": 1500, "height": 600}, "_timestamp": 1716132634.5711396, "_runtime": 195.97324752807617, "_step": 10, "train_loss": 0.07969957857292263, "val_loss": 0.07915877890920134, "train_acc": 0.09390740740740741, "val_acc": 0.09116666666666666, "_wandb": {"runtime": 195}}