{"Class Images": {"_type": "image-file", "sha256": "4696b385407ad6b0987fd583123687b0212d8d8eba296b2ed88cbba28c3103d6", "size": 32748, "path": "media/images/Class Images_0_4696b385407ad6b0987f.png", "format": "png", "width": 1500, "height": 600}, "_timestamp": 1716116622.3125923, "_runtime": 118.7712733745575, "_step": 10, "train_loss": 7.740353622846799, "val_loss": 7.630364610507808, "train_acc": 0.6966851851851852, "val_acc": 0.6945, "_wandb": {"runtime": 118}}