{"Class Images": {"_type": "image-file", "sha256": "4696b385407ad6b0987fd583123687b0212d8d8eba296b2ed88cbba28c3103d6", "size": 32748, "path": "media/images/Class Images_0_4696b385407ad6b0987f.png", "format": "png", "width": 1500, "height": 600}, "_timestamp": 1716178936.6481245, "_runtime": 33.866233348846436, "_step": 5, "train_loss": -0.3760453354796817, "val_loss": -0.3692405377992565, "train_acc": 0.5467037037037037, "val_acc": 0.5348333333333334, "_wandb": {"runtime": 33}}