{"Class Images": {"_type": "image-file", "sha256": "4696b385407ad6b0987fd583123687b0212d8d8eba296b2ed88cbba28c3103d6", "size": 32748, "path": "media/images/Class Images_0_4696b385407ad6b0987f.png", "format": "png", "width": 1500, "height": 600}, "_timestamp": 1716223983.4159257, "_runtime": 104.24318480491638, "_step": 10, "train_loss": 8.967722466250354, "val_loss": 8.911055589520307, "train_acc": 0.46996296296296297, "val_acc": 0.4628333333333333, "_wandb": {"runtime": 103}}