{"Class Images": {"_type": "image-file", "sha256": "4696b385407ad6b0987fd583123687b0212d8d8eba296b2ed88cbba28c3103d6", "size": 32748, "path": "media/images/Class Images_0_4696b385407ad6b0987f.png", "format": "png", "width": 1500, "height": 600}, "_timestamp": 1716086168.1053853, "_runtime": 44.84547233581543, "_step": 5, "train_loss": 46.64344547236234, "val_loss": 46.59433202488556, "train_acc": 0.1789814814814815, "val_acc": 0.17783333333333334, "_wandb": {"runtime": 44}}