{"Class Images": {"_type": "image-file", "sha256": "4696b385407ad6b0987fd583123687b0212d8d8eba296b2ed88cbba28c3103d6", "size": 32748, "path": "media/images/Class Images_0_4696b385407ad6b0987f.png", "format": "png", "width": 1500, "height": 600}, "_timestamp": 1716119392.7877023, "_runtime": 95.02777338027954, "_step": 5, "train_loss": -0.3002250712116145, "val_loss": -0.3201593863181573, "train_acc": 0.8551111111111112, "val_acc": 0.8438333333333333, "_wandb": {"runtime": 94}}