{"Class Images": {"_type": "image-file", "sha256": "4696b385407ad6b0987fd583123687b0212d8d8eba296b2ed88cbba28c3103d6", "size": 32748, "path": "media/images/Class Images_0_4696b385407ad6b0987f.png", "format": "png", "width": 1500, "height": 600}, "_timestamp": 1716156023.6860704, "_runtime": 71.73284149169922, "_step": 5, "train_loss": -0.38542151661769963, "val_loss": -0.39965257419218203, "train_acc": 0.7234259259259259, "val_acc": 0.7195, "_wandb": {"runtime": 70}}