{"Class Images": {"_type": "image-file", "sha256": "4696b385407ad6b0987fd583123687b0212d8d8eba296b2ed88cbba28c3103d6", "size": 32748, "path": "media/images/Class Images_0_4696b385407ad6b0987f.png", "format": "png", "width": 1500, "height": 600}, "_timestamp": 1716210707.235356, "_runtime": 141.98238515853882, "_step": 10, "train_loss": 0.7634849232501981, "val_loss": 0.6510359858107884, "train_acc": 0.09964814814814815, "val_acc": 0.10316666666666667, "_wandb": {"runtime": 141}}