{"Class Images": {"_type": "image-file", "sha256": "4696b385407ad6b0987fd583123687b0212d8d8eba296b2ed88cbba28c3103d6", "size": 32748, "path": "media/images/Class Images_0_4696b385407ad6b0987f.png", "format": "png", "width": 1500, "height": 600}, "_timestamp": 1716093718.54635, "_runtime": 129.7331941127777, "_step": 10, "train_loss": 12.764359138708938, "val_loss": 12.756472482623934, "train_acc": 0.3587037037037037, "val_acc": 0.352, "_wandb": {"runtime": 128}}