{"Class Images": {"_type": "image-file", "sha256": "4696b385407ad6b0987fd583123687b0212d8d8eba296b2ed88cbba28c3103d6", "size": 32748, "path": "media/images/Class Images_0_4696b385407ad6b0987f.png", "format": "png", "width": 1500, "height": 600}, "_timestamp": 1716095844.4151528, "_runtime": 103.57761669158936, "_step": 10, "train_loss": 2.56873530317985, "val_loss": 2.3972512166944586, "train_acc": 0.6394814814814814, "val_acc": 0.6323333333333333, "_wandb": {"runtime": 102}}