{"Class Images": {"_type": "image-file", "sha256": "4696b385407ad6b0987fd583123687b0212d8d8eba296b2ed88cbba28c3103d6", "size": 32748, "path": "media/images/Class Images_0_4696b385407ad6b0987f.png", "format": "png", "width": 1500, "height": 600}, "_timestamp": 1716087665.7005847, "_runtime": 108.67045855522156, "_step": 10, "train_loss": -0.09416708972570208, "val_loss": -0.0981851458426376, "train_acc": 0.10144444444444445, "val_acc": 0.09783333333333333, "_wandb": {"runtime": 107}}