{"Class Images": {"_type": "image-file", "sha256": "4696b385407ad6b0987fd583123687b0212d8d8eba296b2ed88cbba28c3103d6", "size": 32748, "path": "media/images/Class Images_0_4696b385407ad6b0987f.png", "format": "png", "width": 1500, "height": 600}, "_timestamp": 1716224622.8925638, "_runtime": 148.6701319217682, "_step": 10, "train_loss": 0.7062532404147476, "val_loss": 0.6236260903967167, "train_acc": 0.7043333333333334, "val_acc": 0.698, "_wandb": {"runtime": 147}}