{"Class Images": {"_type": "image-file", "sha256": "4696b385407ad6b0987fd583123687b0212d8d8eba296b2ed88cbba28c3103d6", "size": 32748, "path": "media/images/Class Images_0_4696b385407ad6b0987f.png", "format": "png", "width": 1500, "height": 600}, "_timestamp": 1716114188.3967268, "_runtime": 108.80127787590027, "_step": 10, "train_loss": 0.33093036120669417, "val_loss": 0.2619109598179744, "train_acc": 0.1068888888888889, "val_acc": 0.1045, "_wandb": {"runtime": 108}}