{"Class Images": {"_type": "image-file", "sha256": "4696b385407ad6b0987fd583123687b0212d8d8eba296b2ed88cbba28c3103d6", "size": 32748, "path": "media/images/Class Images_0_4696b385407ad6b0987f.png", "format": "png", "width": 1500, "height": 600}, "_timestamp": 1716144442.343083, "_runtime": 104.98768591880798, "_step": 10, "train_loss": 0.16226805024006583, "val_loss": 0.14929257698604065, "train_acc": 0.10012962962962962, "val_acc": 0.10133333333333333, "_wandb": {"runtime": 104}}