{"Class Images": {"_type": "image-file", "sha256": "4696b385407ad6b0987fd583123687b0212d8d8eba296b2ed88cbba28c3103d6", "size": 32748, "path": "media/images/Class Images_0_4696b385407ad6b0987f.png", "format": "png", "width": 1500, "height": 600}, "_timestamp": 1716113958.498092, "_runtime": 58.02368402481079, "_step": 5, "train_loss": 0.3630973657682965, "val_loss": 0.33782272019916343, "train_acc": 0.11401851851851852, "val_acc": 0.11216666666666666, "_wandb": {"runtime": 57}}