{"Class Images": {"_type": "image-file", "sha256": "4696b385407ad6b0987fd583123687b0212d8d8eba296b2ed88cbba28c3103d6", "size": 32748, "path": "media/images/Class Images_0_4696b385407ad6b0987f.png", "format": "png", "width": 1500, "height": 600}, "_timestamp": 1716225759.068613, "_runtime": 108.44598913192749, "_step": 10, "train_loss": 2.7943979259577163, "val_loss": 2.634223804167225, "train_acc": 0.6312777777777778, "val_acc": 0.6255, "_wandb": {"runtime": 107}}