{"Class Images": {"_type": "image-file", "sha256": "4696b385407ad6b0987fd583123687b0212d8d8eba296b2ed88cbba28c3103d6", "size": 32748, "path": "media/images/Class Images_0_4696b385407ad6b0987f.png", "format": "png", "width": 1500, "height": 600}, "_timestamp": 1716087874.084307, "_runtime": 108.86501693725586, "_step": 10, "train_loss": 8.858918699353437, "val_loss": 8.807467350973608, "train_acc": 0.6340740740740741, "val_acc": 0.6208333333333333, "_wandb": {"runtime": 108}}