{"Class Images": {"_type": "image-file", "sha256": "4696b385407ad6b0987fd583123687b0212d8d8eba296b2ed88cbba28c3103d6", "size": 32748, "path": "media/images/Class Images_0_4696b385407ad6b0987f.png", "format": "png", "width": 1500, "height": 600}, "_timestamp": 1716193213.9226987, "_runtime": 117.48438668251038, "_step": 10, "train_loss": -0.39973588795795756, "val_loss": -0.3978596194694374, "train_acc": 0.7242777777777778, "val_acc": 0.7145, "_wandb": {"runtime": 116}}