{"Class Images": {"_type": "image-file", "sha256": "4696b385407ad6b0987fd583123687b0212d8d8eba296b2ed88cbba28c3103d6", "size": 32748, "path": "media/images/Class Images_0_4696b385407ad6b0987f.png", "format": "png", "width": 1500, "height": 600}, "_timestamp": 1716111237.3018181, "_runtime": 68.77548718452454, "_step": 5, "train_loss": 9.081676532102742, "val_loss": 8.960241047206221, "train_acc": 0.4609259259259259, "val_acc": 0.4545, "_wandb": {"runtime": 68}}