{"Class Images": {"_type": "image-file", "sha256": "4696b385407ad6b0987fd583123687b0212d8d8eba296b2ed88cbba28c3103d6", "size": 32748, "path": "media/images/Class Images_0_4696b385407ad6b0987f.png", "format": "png", "width": 1500, "height": 600}, "_timestamp": 1716098513.5464263, "_runtime": 60.268221378326416, "_step": 5, "train_loss": 0.3017702063531478, "val_loss": 0.28542433226202535, "train_acc": 0.11275925925925925, "val_acc": 0.11116666666666666, "_wandb": {"runtime": 59}}