{"Class Images": {"_type": "image-file", "sha256": "4696b385407ad6b0987fd583123687b0212d8d8eba296b2ed88cbba28c3103d6", "size": 32748, "path": "media/images/Class Images_0_4696b385407ad6b0987f.png", "format": "png", "width": 1500, "height": 600}, "_timestamp": 1716196303.7926486, "_runtime": 115.69695043563843, "_step": 10, "train_loss": -0.7176892596737061, "val_loss": -0.6958375062357822, "train_acc": 0.7901111111111111, "val_acc": 0.7698333333333334, "_wandb": {"runtime": 114}}