{"Class Images": {"_type": "image-file", "sha256": "4696b385407ad6b0987fd583123687b0212d8d8eba296b2ed88cbba28c3103d6", "size": 32748, "path": "media/images/Class Images_0_4696b385407ad6b0987f.png", "format": "png", "width": 1500, "height": 600}, "_timestamp": 1716183169.904732, "_runtime": 100.34559392929077, "_step": 10, "train_loss": 0.25713437783378995, "val_loss": 0.3153997458356651, "train_acc": 0.09888888888888889, "val_acc": 0.097, "_wandb": {"runtime": 99}}