{"Class Images": {"_type": "image-file", "sha256": "4696b385407ad6b0987fd583123687b0212d8d8eba296b2ed88cbba28c3103d6", "size": 32748, "path": "media/images/Class Images_0_4696b385407ad6b0987f.png", "format": "png", "width": 1500, "height": 600}, "_timestamp": 1716229881.8141112, "_runtime": 88.31069612503052, "_step": 10, "train_loss": -0.23553921232827676, "val_loss": -0.24098074543087133, "train_acc": 0.7187407407407408, "val_acc": 0.7098333333333333, "_wandb": {"runtime": 87}}