{"Class Images": {"_type": "image-file", "sha256": "4696b385407ad6b0987fd583123687b0212d8d8eba296b2ed88cbba28c3103d6", "size": 32748, "path": "media/images/Class Images_0_4696b385407ad6b0987f.png", "format": "png", "width": 1500, "height": 600}, "_timestamp": 1716148640.639864, "_runtime": 76.42727208137512, "_step": 10, "train_loss": -0.4586955292192221, "val_loss": -0.45544333415086724, "train_acc": 0.7822592592592592, "val_acc": 0.775, "_wandb": {"runtime": 75}}