{"Class Images": {"_type": "image-file", "sha256": "4696b385407ad6b0987fd583123687b0212d8d8eba296b2ed88cbba28c3103d6", "size": 32748, "path": "media/images/Class Images_0_4696b385407ad6b0987f.png", "format": "png", "width": 1500, "height": 600}, "_timestamp": 1716200246.7028975, "_runtime": 103.32360863685608, "_step": 10, "train_loss": -0.4409869307084352, "val_loss": -0.4400609835146408, "train_acc": 0.7652037037037037, "val_acc": 0.7603333333333333, "_wandb": {"runtime": 102}}