{"Class Images": {"_type": "image-file", "sha256": "4696b385407ad6b0987fd583123687b0212d8d8eba296b2ed88cbba28c3103d6", "size": 32748, "path": "media/images/Class Images_0_4696b385407ad6b0987f.png", "format": "png", "width": 1500, "height": 600}, "_timestamp": 1716184497.364772, "_runtime": 81.73201704025269, "_step": 5, "train_loss": -0.42914892220219747, "val_loss": -0.442068538474612, "train_acc": 0.7475740740740741, "val_acc": 0.736, "_wandb": {"runtime": 80}}