{"Class Images": {"_type": "image-file", "sha256": "4696b385407ad6b0987fd583123687b0212d8d8eba296b2ed88cbba28c3103d6", "size": 32748, "path": "media/images/Class Images_0_4696b385407ad6b0987f.png", "format": "png", "width": 1500, "height": 600}, "_timestamp": 1716122609.0370135, "_runtime": 65.14096164703369, "_step": 5, "train_loss": 10.45540411610903, "val_loss": 10.436357248016241, "train_acc": 0.14946296296296296, "val_acc": 0.15333333333333332, "_wandb": {"runtime": 64}}