{"Class Images": {"_type": "image-file", "sha256": "4696b385407ad6b0987fd583123687b0212d8d8eba296b2ed88cbba28c3103d6", "size": 32748, "path": "media/images/Class Images_0_4696b385407ad6b0987f.png", "format": "png", "width": 1500, "height": 600}, "_timestamp": 1716194438.2742026, "_runtime": 99.85603952407837, "_step": 10, "train_loss": -0.45437965677862396, "val_loss": -0.4489436898718084, "train_acc": 0.7299629629629629, "val_acc": 0.7218333333333333, "_wandb": {"runtime": 99}}