{"Class Images": {"_type": "image-file", "sha256": "4696b385407ad6b0987fd583123687b0212d8d8eba296b2ed88cbba28c3103d6", "size": 32748, "path": "media/images/Class Images_0_4696b385407ad6b0987f.png", "format": "png", "width": 1500, "height": 600}, "_timestamp": 1716191866.417657, "_runtime": 63.102088928222656, "_step": 5, "train_loss": 0.6588508137102722, "val_loss": 0.5780076095393455, "train_acc": 0.09927777777777778, "val_acc": 0.10183333333333333, "_wandb": {"runtime": 62}}