{"Class Images": {"_type": "image-file", "sha256": "4696b385407ad6b0987fd583123687b0212d8d8eba296b2ed88cbba28c3103d6", "size": 32748, "path": "media/images/Class Images_0_4696b385407ad6b0987f.png", "format": "png", "width": 1500, "height": 600}, "_timestamp": 1716171885.2934542, "_runtime": 45.12586426734924, "_step": 5, "train_loss": -0.21246577222089655, "val_loss": -0.21149234890260696, "train_acc": 0.6510555555555556, "val_acc": 0.6456666666666667, "_wandb": {"runtime": 44}}