{"Class Images": {"_type": "image-file", "sha256": "4696b385407ad6b0987fd583123687b0212d8d8eba296b2ed88cbba28c3103d6", "size": 32748, "path": "media/images/Class Images_0_4696b385407ad6b0987f.png", "format": "png", "width": 1500, "height": 600}, "_timestamp": 1716212020.9057143, "_runtime": 105.11591935157776, "_step": 10, "train_loss": 10.579059740089773, "val_loss": 10.577068972842204, "train_acc": 0.12318518518518519, "val_acc": 0.127, "_wandb": {"runtime": 104}}