{"Class Images": {"_type": "image-file", "sha256": "4696b385407ad6b0987fd583123687b0212d8d8eba296b2ed88cbba28c3103d6", "size": 32748, "path": "media/images/Class Images_0_4696b385407ad6b0987f.png", "format": "png", "width": 1500, "height": 600}, "_timestamp": 1716092748.3880017, "_runtime": 95.61298060417175, "_step": 10, "train_loss": 10.572205038906558, "val_loss": 10.57327361844084, "train_acc": 0.0927962962962963, "val_acc": 0.09366666666666666, "_wandb": {"runtime": 94}}