{"Class Images": {"_type": "image-file", "sha256": "4696b385407ad6b0987fd583123687b0212d8d8eba296b2ed88cbba28c3103d6", "size": 32748, "path": "media/images/Class Images_0_4696b385407ad6b0987f.png", "format": "png", "width": 1500, "height": 600}, "_timestamp": 1716105748.73042, "_runtime": 65.63593816757202, "_step": 10, "train_loss": -0.16742958654978807, "val_loss": -0.17803592566573576, "train_acc": 0.4102037037037037, "val_acc": 0.4201666666666667, "_wandb": {"runtime": 64}}