{"Class Images": {"_type": "image-file", "sha256": "4696b385407ad6b0987fd583123687b0212d8d8eba296b2ed88cbba28c3103d6", "size": 32748, "path": "media/images/Class Images_0_4696b385407ad6b0987f.png", "format": "png", "width": 1500, "height": 600}, "_timestamp": 1716138011.325791, "_runtime": 56.12370276451111, "_step": 10, "train_loss": 0.061972860529815904, "val_loss": 0.050923605623063334, "train_acc": 0.5629074074074074, "val_acc": 0.5548333333333333, "_wandb": {"runtime": 55}}