{"Class Images": {"_type": "image-file", "sha256": "4696b385407ad6b0987fd583123687b0212d8d8eba296b2ed88cbba28c3103d6", "size": 32748, "path": "media/images/Class Images_0_4696b385407ad6b0987f.png", "format": "png", "width": 1500, "height": 600}, "_timestamp": 1716087300.6944942, "_runtime": 127.70494413375854, "_step": 10, "train_loss": 0.970278217983051, "val_loss": 0.9704997773062031, "train_acc": 0.10303703703703704, "val_acc": 0.09533333333333334, "_wandb": {"runtime": 126}}