{"Class Images": {"_type": "image-file", "sha256": "4696b385407ad6b0987fd583123687b0212d8d8eba296b2ed88cbba28c3103d6", "size": 32748, "path": "media/images/Class Images_0_4696b385407ad6b0987f.png", "format": "png", "width": 1500, "height": 600}, "_timestamp": 1716093419.8541245, "_runtime": 72.15642857551575, "_step": 10, "train_loss": 1.7459228319693572, "val_loss": 1.7408043196024858, "train_acc": 0.1933888888888889, "val_acc": 0.20183333333333334, "_wandb": {"runtime": 71}}