{"Class Images": {"_type": "image-file", "sha256": "4696b385407ad6b0987fd583123687b0212d8d8eba296b2ed88cbba28c3103d6", "size": 32748, "path": "media/images/Class Images_0_4696b385407ad6b0987f.png", "format": "png", "width": 1500, "height": 600}, "_timestamp": 1716127297.1648908, "_runtime": 53.16519784927368, "_step": 5, "train_loss": 4.193017837751668, "val_loss": 3.868426023500234, "train_acc": 0.6319814814814815, "val_acc": 0.623, "_wandb": {"runtime": 52}}