{"Class Images": {"_type": "image-file", "sha256": "4696b385407ad6b0987fd583123687b0212d8d8eba296b2ed88cbba28c3103d6", "size": 32748, "path": "media/images/Class Images_0_4696b385407ad6b0987f.png", "format": "png", "width": 1500, "height": 600}, "_timestamp": 1716172063.079926, "_runtime": 153.73257493972778, "_step": 10, "train_loss": 0.0846637550300357, "val_loss": 0.08411849948141614, "train_acc": 0.7872222222222223, "val_acc": 0.7798333333333334, "_wandb": {"runtime": 153}}