{"Class Images": {"_type": "image-file", "sha256": "4696b385407ad6b0987fd583123687b0212d8d8eba296b2ed88cbba28c3103d6", "size": 32748, "path": "media/images/Class Images_0_4696b385407ad6b0987f.png", "format": "png", "width": 1500, "height": 600}, "_timestamp": 1716169892.6458397, "_runtime": 175.57775259017944, "_step": 10, "train_loss": 0.1375045613515677, "val_loss": 0.1062868885454072, "train_acc": 0.6402222222222222, "val_acc": 0.6336666666666667, "_wandb": {"runtime": 174}}