{"Class Images": {"_type": "image-file", "sha256": "4696b385407ad6b0987fd583123687b0212d8d8eba296b2ed88cbba28c3103d6", "size": 32748, "path": "media/images/Class Images_0_4696b385407ad6b0987f.png", "format": "png", "width": 1500, "height": 600}, "_timestamp": 1716228882.9075508, "_runtime": 125.66030788421631, "_step": 10, "train_loss": 4.699077217525944, "val_loss": 4.495461614590087, "train_acc": 0.7772037037037037, "val_acc": 0.768, "_wandb": {"runtime": 123}}