{"Class Images": {"_type": "image-file", "sha256": "4696b385407ad6b0987fd583123687b0212d8d8eba296b2ed88cbba28c3103d6", "size": 32748, "path": "media/images/Class Images_0_4696b385407ad6b0987f.png", "format": "png", "width": 1500, "height": 600}, "_timestamp": 1716198294.2241051, "_runtime": 109.00279712677002, "_step": 10, "train_loss": 2.0627757738225414, "val_loss": 1.9424767815252963, "train_acc": 0.7216481481481481, "val_acc": 0.719, "_wandb": {"runtime": 108}}