{"Class Images": {"_type": "image-file", "sha256": "4696b385407ad6b0987fd583123687b0212d8d8eba296b2ed88cbba28c3103d6", "size": 32748, "path": "media/images/Class Images_0_4696b385407ad6b0987f.png", "format": "png", "width": 1500, "height": 600}, "_timestamp": 1716089863.2311246, "_runtime": 85.95795464515686, "_step": 10, "train_loss": 2.6314031159222178, "val_loss": 2.4620101373515726, "train_acc": 0.5979444444444444, "val_acc": 0.5905, "_wandb": {"runtime": 85}}