{"Class Images": {"_type": "image-file", "sha256": "4696b385407ad6b0987fd583123687b0212d8d8eba296b2ed88cbba28c3103d6", "size": 32748, "path": "media/images/Class Images_0_4696b385407ad6b0987f.png", "format": "png", "width": 1500, "height": 600}, "_timestamp": 1716103209.8261843, "_runtime": 79.86897921562195, "_step": 10, "train_loss": 0.2680580837199043, "val_loss": 0.2628045420530134, "train_acc": 0.26581481481481484, "val_acc": 0.2828333333333333, "_wandb": {"runtime": 79}}