{"Class Images": {"_type": "image-file", "sha256": "4696b385407ad6b0987fd583123687b0212d8d8eba296b2ed88cbba28c3103d6", "size": 32748, "path": "media/images/Class Images_0_4696b385407ad6b0987f.png", "format": "png", "width": 1500, "height": 600}, "_timestamp": 1716102168.8577724, "_runtime": 103.62736344337463, "_step": 10, "train_loss": 2.5583818835776535, "val_loss": 2.3898391492069653, "train_acc": 0.7028518518518518, "val_acc": 0.7051666666666667, "_wandb": {"runtime": 102}}