{"Class Images": {"_type": "image-file", "sha256": "4696b385407ad6b0987fd583123687b0212d8d8eba296b2ed88cbba28c3103d6", "size": 32748, "path": "media/images/Class Images_0_4696b385407ad6b0987f.png", "format": "png", "width": 1500, "height": 600}, "_timestamp": 1716211823.0347831, "_runtime": 61.002997159957886, "_step": 5, "train_loss": 0.23092707706553106, "val_loss": 0.22185788961658223, "train_acc": 0.8125370370370371, "val_acc": 0.8126666666666666, "_wandb": {"runtime": 60}}