{"Class Images": {"_type": "image-file", "sha256": "4696b385407ad6b0987fd583123687b0212d8d8eba296b2ed88cbba28c3103d6", "size": 32748, "path": "media/images/Class Images_0_4696b385407ad6b0987f.png", "format": "png", "width": 1500, "height": 600}, "_timestamp": 1716115377.4991646, "_runtime": 103.87610459327698, "_step": 10, "train_loss": 0.14906124329632417, "val_loss": 0.15081420504106538, "train_acc": 0.8157592592592593, "val_acc": 0.8056666666666666, "_wandb": {"runtime": 103}}