{"Class Images": {"_type": "image-file", "sha256": "4696b385407ad6b0987fd583123687b0212d8d8eba296b2ed88cbba28c3103d6", "size": 32748, "path": "media/images/Class Images_0_4696b385407ad6b0987f.png", "format": "png", "width": 1500, "height": 600}, "_timestamp": 1716114644.5115712, "_runtime": 79.66096615791321, "_step": 5, "train_loss": 4.760939083619404, "val_loss": 4.395409579094355, "train_acc": 0.7712222222222223, "val_acc": 0.7648333333333334, "_wandb": {"runtime": 78}}