{"Class Images": {"_type": "image-file", "sha256": "4696b385407ad6b0987fd583123687b0212d8d8eba296b2ed88cbba28c3103d6", "size": 32748, "path": "media/images/Class Images_0_4696b385407ad6b0987f.png", "format": "png", "width": 1500, "height": 600}, "_timestamp": 1716204478.959555, "_runtime": 121.94018197059631, "_step": 10, "train_loss": 7.83958702471639, "val_loss": 7.728593558012323, "train_acc": 0.5319814814814815, "val_acc": 0.5318333333333334, "_wandb": {"runtime": 121}}