{"Class Images": {"_type": "image-file", "sha256": "4696b385407ad6b0987fd583123687b0212d8d8eba296b2ed88cbba28c3103d6", "size": 32748, "path": "media/images/Class Images_0_4696b385407ad6b0987f.png", "format": "png", "width": 1500, "height": 600}, "_timestamp": 1716085450.0214443, "_runtime": 150.32925033569336, "_step": 10, "train_loss": -0.1415623958335642, "val_loss": -0.15692480181545676, "train_acc": 0.19914814814814816, "val_acc": 0.196, "_wandb": {"runtime": 149}}