{"Class Images": {"_type": "image-file", "sha256": "4696b385407ad6b0987fd583123687b0212d8d8eba296b2ed88cbba28c3103d6", "size": 32748, "path": "media/images/Class Images_0_4696b385407ad6b0987f.png", "format": "png", "width": 1500, "height": 600}, "_timestamp": 1716103739.0049665, "_runtime": 104.21759057044983, "_step": 10, "train_loss": 0.8772953371518208, "val_loss": 0.8691368012304073, "train_acc": 0.3164444444444444, "val_acc": 0.32966666666666666, "_wandb": {"runtime": 103}}