{"Class Images": {"_type": "image-file", "sha256": "4696b385407ad6b0987fd583123687b0212d8d8eba296b2ed88cbba28c3103d6", "size": 32748, "path": "media/images/Class Images_0_4696b385407ad6b0987f.png", "format": "png", "width": 1500, "height": 600}, "_timestamp": 1716092425.4266887, "_runtime": 106.11622071266174, "_step": 10, "train_loss": 0.48283721944102515, "val_loss": 0.4905222049322699, "train_acc": 0.6293703703703704, "val_acc": 0.6141666666666666, "_wandb": {"runtime": 105}}