{"Class Images": {"_type": "image-file", "sha256": "4696b385407ad6b0987fd583123687b0212d8d8eba296b2ed88cbba28c3103d6", "size": 32748, "path": "media/images/Class Images_0_4696b385407ad6b0987f.png", "format": "png", "width": 1500, "height": 600}, "_timestamp": 1716151276.0455246, "_runtime": 68.17304849624634, "_step": 5, "train_loss": 10.472641754796694, "val_loss": 10.453148147099972, "train_acc": 0.10338888888888889, "val_acc": 0.10116666666666667, "_wandb": {"runtime": 67}}