{"Class Images": {"_type": "image-file", "sha256": "4696b385407ad6b0987fd583123687b0212d8d8eba296b2ed88cbba28c3103d6", "size": 32748, "path": "media/images/Class Images_0_4696b385407ad6b0987f.png", "format": "png", "width": 1500, "height": 600}, "_timestamp": 1716135260.3758078, "_runtime": 67.10955166816711, "_step": 10, "train_loss": 1.220548451162148, "val_loss": 1.2072774980389598, "train_acc": 0.5211111111111111, "val_acc": 0.543, "_wandb": {"runtime": 66}}