{"Class Images": {"_type": "image-file", "sha256": "4696b385407ad6b0987fd583123687b0212d8d8eba296b2ed88cbba28c3103d6", "size": 32748, "path": "media/images/Class Images_0_4696b385407ad6b0987f.png", "format": "png", "width": 1500, "height": 600}, "_timestamp": 1716148764.7490714, "_runtime": 82.91973328590393, "_step": 5, "train_loss": 0.1862921382447513, "val_loss": 0.18474930305261822, "train_acc": 0.12705555555555556, "val_acc": 0.1265, "_wandb": {"runtime": 82}}