{"Class Images": {"_type": "image-file", "sha256": "4696b385407ad6b0987fd583123687b0212d8d8eba296b2ed88cbba28c3103d6", "size": 32748, "path": "media/images/Class Images_0_4696b385407ad6b0987f.png", "format": "png", "width": 1500, "height": 600}, "_timestamp": 1716107533.4806912, "_runtime": 128.28328728675842, "_step": 10, "train_loss": 0.5887082254377152, "val_loss": 0.4788630850042476, "train_acc": 0.6374814814814814, "val_acc": 0.6338333333333334, "_wandb": {"runtime": 127}}