{"Class Images": {"_type": "image-file", "sha256": "4696b385407ad6b0987fd583123687b0212d8d8eba296b2ed88cbba28c3103d6", "size": 32748, "path": "media/images/Class Images_0_4696b385407ad6b0987f.png", "format": "png", "width": 1500, "height": 600}, "_timestamp": 1716126767.617864, "_runtime": 165.52179598808289, "_step": 10, "train_loss": -0.34730080813699143, "val_loss": -0.3707631941718955, "train_acc": 0.644537037037037, "val_acc": 0.6438333333333334, "_wandb": {"runtime": 164}}