{"Class Images": {"_type": "image-file", "sha256": "4696b385407ad6b0987fd583123687b0212d8d8eba296b2ed88cbba28c3103d6", "size": 32748, "path": "media/images/Class Images_0_4696b385407ad6b0987f.png", "format": "png", "width": 1500, "height": 600}, "_timestamp": 1716202320.149465, "_runtime": 64.55204701423645, "_step": 10, "train_loss": 0.10539364141716402, "val_loss": 0.08811653959153018, "train_acc": 0.6688888888888889, "val_acc": 0.662, "_wandb": {"runtime": 63}}