{"Class Images": {"_type": "image-file", "sha256": "4696b385407ad6b0987fd583123687b0212d8d8eba296b2ed88cbba28c3103d6", "size": 32748, "path": "media/images/Class Images_0_4696b385407ad6b0987f.png", "format": "png", "width": 1500, "height": 600}, "_timestamp": 1716196559.2727113, "_runtime": 42.38887429237366, "_step": 5, "train_loss": 1.4971809819778212, "val_loss": 1.3480892399485573, "train_acc": 0.7076666666666667, "val_acc": 0.7571666666666667, "_wandb": {"runtime": 41}}