{"Class Images": {"_type": "image-file", "sha256": "4696b385407ad6b0987fd583123687b0212d8d8eba296b2ed88cbba28c3103d6", "size": 32748, "path": "media/images/Class Images_0_4696b385407ad6b0987f.png", "format": "png", "width": 1500, "height": 600}, "_timestamp": 1716167752.7155719, "_runtime": 100.12671780586243, "_step": 10, "train_loss": -0.027641568460353826, "val_loss": -0.025611461209182566, "train_acc": 0.8014814814814815, "val_acc": 0.794, "_wandb": {"runtime": 99}}