{"Class Images": {"_type": "image-file", "sha256": "4696b385407ad6b0987fd583123687b0212d8d8eba296b2ed88cbba28c3103d6", "size": 32748, "path": "media/images/Class Images_0_4696b385407ad6b0987f.png", "format": "png", "width": 1500, "height": 600}, "_timestamp": 1716009629.222317, "_runtime": 34309.328505039215, "_step": 431, "train_loss": 1387.0165668465477, "val_loss": 991.9982410627268, "train_acc": 0.09837037037037037, "val_acc": 0.0995, "_wandb": {"runtime": 34313}}