{"Class Images": {"_type": "image-file", "sha256": "4696b385407ad6b0987fd583123687b0212d8d8eba296b2ed88cbba28c3103d6", "size": 32748, "path": "media/images/Class Images_0_4696b385407ad6b0987f.png", "format": "png", "width": 1500, "height": 600}, "_timestamp": 1716212502.6612682, "_runtime": 133.28031420707703, "_step": 10, "train_loss": -0.2484199259345577, "val_loss": -0.249097944906948, "train_acc": 0.7753148148148148, "val_acc": 0.7696666666666667, "_wandb": {"runtime": 132}}