{"Class Images": {"_type": "image-file", "sha256": "4696b385407ad6b0987fd583123687b0212d8d8eba296b2ed88cbba28c3103d6", "size": 32748, "path": "media/images/Class Images_0_4696b385407ad6b0987f.png", "format": "png", "width": 1500, "height": 600}, "_timestamp": 1716141000.0902276, "_runtime": 96.70163369178772, "_step": 10, "train_loss": 2.517014144405081, "val_loss": 2.3586936230544917, "train_acc": 0.781962962962963, "val_acc": 0.7765, "_wandb": {"runtime": 95}}