{"Class Images": {"_type": "image-file", "sha256": "4696b385407ad6b0987fd583123687b0212d8d8eba296b2ed88cbba28c3103d6", "size": 32748, "path": "media/images/Class Images_0_4696b385407ad6b0987f.png", "format": "png", "width": 1500, "height": 600}, "_timestamp": 1716179764.9588778, "_runtime": 123.7298047542572, "_step": 10, "train_loss": 0.15442708784002612, "val_loss": 0.15336966396022775, "train_acc": 0.7804814814814814, "val_acc": 0.7741666666666667, "_wandb": {"runtime": 122}}