{"Class Images": {"_type": "image-file", "sha256": "4696b385407ad6b0987fd583123687b0212d8d8eba296b2ed88cbba28c3103d6", "size": 32748, "path": "media/images/Class Images_0_4696b385407ad6b0987f.png", "format": "png", "width": 1500, "height": 600}, "_timestamp": 1716176834.173646, "_runtime": 65.09202885627747, "_step": 10, "train_loss": 2.9525994776168702, "val_loss": 2.9361616368728125, "train_acc": 0.47055555555555556, "val_acc": 0.46216666666666667, "_wandb": {"runtime": 64}}