{"Class Images": {"_type": "image-file", "sha256": "4696b385407ad6b0987fd583123687b0212d8d8eba296b2ed88cbba28c3103d6", "size": 32748, "path": "media/images/Class Images_0_4696b385407ad6b0987f.png", "format": "png", "width": 1500, "height": 600}, "_timestamp": 1716127209.1472168, "_runtime": 73.3276937007904, "_step": 10, "train_loss": 1.086365761152163, "val_loss": 1.0258826240273646, "train_acc": 0.4647962962962963, "val_acc": 0.465, "_wandb": {"runtime": 72}}