{"Class Images": {"_type": "image-file", "sha256": "4696b385407ad6b0987fd583123687b0212d8d8eba296b2ed88cbba28c3103d6", "size": 32748, "path": "media/images/Class Images_0_4696b385407ad6b0987f.png", "format": "png", "width": 1500, "height": 600}, "_timestamp": 1716219083.8195279, "_runtime": 82.16660380363464, "_step": 10, "train_loss": -0.36494660806011814, "val_loss": -0.3644001746414668, "train_acc": 0.6359074074074074, "val_acc": 0.6303333333333333, "_wandb": {"runtime": 81}}