{"Class Images": {"_type": "image-file", "sha256": "4696b385407ad6b0987fd583123687b0212d8d8eba296b2ed88cbba28c3103d6", "size": 32748, "path": "media/images/Class Images_0_4696b385407ad6b0987f.png", "format": "png", "width": 1500, "height": 600}, "_timestamp": 1716161552.615891, "_runtime": 98.61370897293091, "_step": 10, "train_loss": 2.569924624646302, "val_loss": 2.412839804488568, "train_acc": 0.6905370370370371, "val_acc": 0.6815, "_wandb": {"runtime": 97}}