{"Class Images": {"_type": "image-file", "sha256": "4696b385407ad6b0987fd583123687b0212d8d8eba296b2ed88cbba28c3103d6", "size": 32748, "path": "media/images/Class Images_0_4696b385407ad6b0987f.png", "format": "png", "width": 1500, "height": 600}, "_timestamp": 1716109930.772469, "_runtime": 126.68573594093323, "_step": 10, "train_loss": 0.7131527174931691, "val_loss": 0.6261249812510216, "train_acc": 0.7175555555555555, "val_acc": 0.7043333333333334, "_wandb": {"runtime": 125}}