{"Class Images": {"_type": "image-file", "sha256": "4696b385407ad6b0987fd583123687b0212d8d8eba296b2ed88cbba28c3103d6", "size": 32748, "path": "media/images/Class Images_0_4696b385407ad6b0987f.png", "format": "png", "width": 1500, "height": 600}, "_timestamp": 1716186028.276564, "_runtime": 35.510371923446655, "_step": 5, "train_loss": 0.42818112077086246, "val_loss": 0.3722791965215817, "train_acc": 0.5538518518518518, "val_acc": 0.5515, "_wandb": {"runtime": 34}}