{"Class Images": {"_type": "image-file", "sha256": "4696b385407ad6b0987fd583123687b0212d8d8eba296b2ed88cbba28c3103d6", "size": 32748, "path": "media/images/Class Images_0_4696b385407ad6b0987f.png", "format": "png", "width": 1500, "height": 600}, "_timestamp": 1716181628.0777955, "_runtime": 127.17271947860718, "_step": 10, "train_loss": 0.1620275477383506, "val_loss": 0.16556485247089875, "train_acc": 0.7415185185185185, "val_acc": 0.7295, "_wandb": {"runtime": 123}}