{"Class Images": {"_type": "image-file", "sha256": "4696b385407ad6b0987fd583123687b0212d8d8eba296b2ed88cbba28c3103d6", "size": 32748, "path": "media/images/Class Images_0_4696b385407ad6b0987f.png", "format": "png", "width": 1500, "height": 600}, "_timestamp": 1716144057.781114, "_runtime": 123.06385517120361, "_step": 10, "train_loss": 3.7451518460154603, "val_loss": 3.5720039409599256, "train_acc": 0.7448888888888889, "val_acc": 0.737, "_wandb": {"runtime": 122}}