{"Class Images": {"_type": "image-file", "sha256": "4696b385407ad6b0987fd583123687b0212d8d8eba296b2ed88cbba28c3103d6", "size": 32748, "path": "media/images/Class Images_0_4696b385407ad6b0987f.png", "format": "png", "width": 1500, "height": 600}, "_timestamp": 1716165183.7408388, "_runtime": 70.98921966552734, "_step": 5, "train_loss": 0.23035243445077935, "val_loss": 0.22638623593574111, "train_acc": 0.7884444444444444, "val_acc": 0.7833333333333333, "_wandb": {"runtime": 67}}