{"Class Images": {"_type": "image-file", "sha256": "4696b385407ad6b0987fd583123687b0212d8d8eba296b2ed88cbba28c3103d6", "size": 32748, "path": "media/images/Class Images_0_4696b385407ad6b0987f.png", "format": "png", "width": 1500, "height": 600}, "_timestamp": 1716148971.7340727, "_runtime": 75.36329078674316, "_step": 10, "train_loss": -0.36351854340747475, "val_loss": -0.3581414976428228, "train_acc": 0.6962777777777778, "val_acc": 0.6871666666666667, "_wandb": {"runtime": 74}}