{"Class Images": {"_type": "image-file", "sha256": "4696b385407ad6b0987fd583123687b0212d8d8eba296b2ed88cbba28c3103d6", "size": 32748, "path": "media/images/Class Images_0_4696b385407ad6b0987f.png", "format": "png", "width": 1500, "height": 600}, "_timestamp": 1716206608.8022146, "_runtime": 138.85815262794495, "_step": 10, "train_loss": -0.5880318917804634, "val_loss": -0.5905957883710056, "train_acc": 0.8560740740740741, "val_acc": 0.8466666666666667, "_wandb": {"runtime": 138}}