{"Class Images": {"_type": "image-file", "sha256": "4696b385407ad6b0987fd583123687b0212d8d8eba296b2ed88cbba28c3103d6", "size": 32748, "path": "media/images/Class Images_0_4696b385407ad6b0987f.png", "format": "png", "width": 1500, "height": 600}, "_timestamp": 1716177731.0363536, "_runtime": 110.90441751480103, "_step": 10, "train_loss": 6.310702087805098, "val_loss": 6.217285037026587, "train_acc": 0.7137222222222223, "val_acc": 0.7078333333333333, "_wandb": {"runtime": 110}}