{"Class Images": {"_type": "image-file", "sha256": "4696b385407ad6b0987fd583123687b0212d8d8eba296b2ed88cbba28c3103d6", "size": 32748, "path": "media/images/Class Images_0_4696b385407ad6b0987f.png", "format": "png", "width": 1500, "height": 600}, "_timestamp": 1716215255.0082026, "_runtime": 134.23712849617004, "_step": 10, "train_loss": 1.6387391266989597, "val_loss": 1.5310486073691878, "train_acc": 0.6491296296296296, "val_acc": 0.6358333333333334, "_wandb": {"runtime": 133}}