{"Class Images": {"_type": "image-file", "sha256": "4696b385407ad6b0987fd583123687b0212d8d8eba296b2ed88cbba28c3103d6", "size": 32748, "path": "media/images/Class Images_0_4696b385407ad6b0987f.png", "format": "png", "width": 1500, "height": 600}, "_timestamp": 1716258183.950739, "_runtime": 133.73822593688965, "_step": 15, "train_loss": 0.1279219520508426, "val_loss": 0.1267795822379774, "train_acc": 0.09627777777777778, "val_acc": 0.0925, "_wandb": {"runtime": 133}}