{"Class Images": {"_type": "image-file", "sha256": "4696b385407ad6b0987fd583123687b0212d8d8eba296b2ed88cbba28c3103d6", "size": 32748, "path": "media/images/Class Images_0_4696b385407ad6b0987f.png", "format": "png", "width": 1500, "height": 600}, "_timestamp": 1716226472.6669679, "_runtime": 209.535728931427, "_step": 10, "train_loss": -0.32610503609749625, "val_loss": -0.3247762578963092, "train_acc": 0.4591296296296296, "val_acc": 0.45516666666666666, "_wandb": {"runtime": 208}}