{"Class Images": {"_type": "image-file", "sha256": "4696b385407ad6b0987fd583123687b0212d8d8eba296b2ed88cbba28c3103d6", "size": 32748, "path": "media/images/Class Images_0_4696b385407ad6b0987f.png", "format": "png", "width": 1500, "height": 600}, "_timestamp": 1716122878.0127664, "_runtime": 70.24964141845703, "_step": 10, "train_loss": 3.0360466454067363, "val_loss": 3.0110475090997717, "train_acc": 0.3831111111111111, "val_acc": 0.38433333333333336, "_wandb": {"runtime": 69}}