{"Class Images": {"_type": "image-file", "sha256": "4696b385407ad6b0987fd583123687b0212d8d8eba296b2ed88cbba28c3103d6", "size": 32748, "path": "media/images/Class Images_0_4696b385407ad6b0987f.png", "format": "png", "width": 1500, "height": 600}, "_timestamp": 1716212109.96399, "_runtime": 70.74303388595581, "_step": 10, "train_loss": 0.03593792768634366, "val_loss": 0.03502614120065154, "train_acc": 0.45164814814814813, "val_acc": 0.44033333333333335, "_wandb": {"runtime": 69}}