{"Class Images": {"_type": "image-file", "sha256": "4696b385407ad6b0987fd583123687b0212d8d8eba296b2ed88cbba28c3103d6", "size": 32748, "path": "media/images/Class Images_0_4696b385407ad6b0987f.png", "format": "png", "width": 1500, "height": 600}, "_timestamp": 1716159485.7487473, "_runtime": 60.40168833732605, "_step": 5, "train_loss": 0.24448850224010196, "val_loss": 0.2315786728565035, "train_acc": 0.6709444444444445, "val_acc": 0.6688333333333333, "_wandb": {"runtime": 59}}