{"Class Images": {"_type": "image-file", "sha256": "4696b385407ad6b0987fd583123687b0212d8d8eba296b2ed88cbba28c3103d6", "size": 32748, "path": "media/images/Class Images_0_4696b385407ad6b0987f.png", "format": "png", "width": 1500, "height": 600}, "_timestamp": 1716121060.7300515, "_runtime": 80.5811414718628, "_step": 10, "train_loss": 3.1202973658953796, "val_loss": 3.081594901638026, "train_acc": 0.37392592592592594, "val_acc": 0.36666666666666664, "_wandb": {"runtime": 79}}