{"Class Images": {"_type": "image-file", "sha256": "4696b385407ad6b0987fd583123687b0212d8d8eba296b2ed88cbba28c3103d6", "size": 32748, "path": "media/images/Class Images_0_4696b385407ad6b0987f.png", "format": "png", "width": 1500, "height": 600}, "_timestamp": 1716117354.3582962, "_runtime": 62.323322057724, "_step": 5, "train_loss": -0.18263363734979976, "val_loss": -0.20356562406257284, "train_acc": 0.8557777777777777, "val_acc": 0.85, "_wandb": {"runtime": 61}}