{"Class Images": {"_type": "image-file", "sha256": "4696b385407ad6b0987fd583123687b0212d8d8eba296b2ed88cbba28c3103d6", "size": 32748, "path": "media/images/Class Images_0_4696b385407ad6b0987f.png", "format": "png", "width": 1500, "height": 600}, "_timestamp": 1716170873.6745396, "_runtime": 100.06656861305237, "_step": 10, "train_loss": 2.5628738142096945, "val_loss": 2.406928905612833, "train_acc": 0.6308148148148148, "val_acc": 0.6191666666666666, "_wandb": {"runtime": 99}}