{"Class Images": {"_type": "image-file", "sha256": "4696b385407ad6b0987fd583123687b0212d8d8eba296b2ed88cbba28c3103d6", "size": 32748, "path": "media/images/Class Images_0_4696b385407ad6b0987f.png", "format": "png", "width": 1500, "height": 600}, "_timestamp": 1716152017.2397509, "_runtime": 54.74551582336426, "_step": 5, "train_loss": 0.7310570996798543, "val_loss": 1.0120900853234651, "train_acc": 0.393037037037037, "val_acc": 0.13166666666666665, "_wandb": {"runtime": 54}}