{"Class Images": {"_type": "image-file", "sha256": "4696b385407ad6b0987fd583123687b0212d8d8eba296b2ed88cbba28c3103d6", "size": 32748, "path": "media/images/Class Images_0_4696b385407ad6b0987f.png", "format": "png", "width": 1500, "height": 600}, "_timestamp": 1715968803.8166122, "_runtime": 133.15066123008728, "_step": 10, "train_loss": 4.556989966296472, "val_loss": 3.1485335497794913, "train_acc": 0.048018518518518516, "val_acc": 0.10133333333333333, "_wandb": {"runtime": 132}}