{"Class Images": {"_type": "image-file", "sha256": "4696b385407ad6b0987fd583123687b0212d8d8eba296b2ed88cbba28c3103d6", "size": 32748, "path": "media/images/Class Images_0_4696b385407ad6b0987f.png", "format": "png", "width": 1500, "height": 600}, "_timestamp": 1716131459.3997743, "_runtime": 127.07692527770996, "_step": 10, "train_loss": 0.35399402463487006, "val_loss": 0.3586882796149997, "train_acc": 0.721037037037037, "val_acc": 0.7131666666666666, "_wandb": {"runtime": 126}}