{"Class Images": {"_type": "image-file", "sha256": "4696b385407ad6b0987fd583123687b0212d8d8eba296b2ed88cbba28c3103d6", "size": 32748, "path": "media/images/Class Images_0_4696b385407ad6b0987f.png", "format": "png", "width": 1500, "height": 600}, "_timestamp": 1716096770.1703227, "_runtime": 113.82863354682922, "_step": 10, "train_loss": 6.394115503767766, "val_loss": 6.3094768515686805, "train_acc": 0.5484074074074075, "val_acc": 0.5325, "_wandb": {"runtime": 112}}