{"Class Images": {"_type": "image-file", "sha256": "4696b385407ad6b0987fd583123687b0212d8d8eba296b2ed88cbba28c3103d6", "size": 32748, "path": "media/images/Class Images_0_4696b385407ad6b0987f.png", "format": "png", "width": 1500, "height": 600}, "_timestamp": 1716176415.9983685, "_runtime": 80.85475754737854, "_step": 5, "train_loss": 0.1881619649551148, "val_loss": 0.1813598225209704, "train_acc": 0.7987407407407408, "val_acc": 0.7948333333333333, "_wandb": {"runtime": 80}}