{"Class Images": {"_type": "image-file", "sha256": "4696b385407ad6b0987fd583123687b0212d8d8eba296b2ed88cbba28c3103d6", "size": 32748, "path": "media/images/Class Images_0_4696b385407ad6b0987f.png", "format": "png", "width": 1500, "height": 600}, "_timestamp": 1716098957.3556814, "_runtime": 98.04398536682129, "_step": 10, "train_loss": 10.580581303956386, "val_loss": 10.579720901310404, "train_acc": 0.05762962962962963, "val_acc": 0.059166666666666666, "_wandb": {"runtime": 97}}