{"Class Images": {"_type": "image-file", "sha256": "4696b385407ad6b0987fd583123687b0212d8d8eba296b2ed88cbba28c3103d6", "size": 32748, "path": "media/images/Class Images_0_4696b385407ad6b0987f.png", "format": "png", "width": 1500, "height": 600}, "_timestamp": 1716088620.89092, "_runtime": 96.7027280330658, "_step": 10, "train_loss": 0.9748050901047982, "val_loss": 0.9701099758339764, "train_acc": 0.10605555555555556, "val_acc": 0.10516666666666667, "_wandb": {"runtime": 95}}