{"Class Images": {"_type": "image-file", "sha256": "4696b385407ad6b0987fd583123687b0212d8d8eba296b2ed88cbba28c3103d6", "size": 32748, "path": "media/images/Class Images_0_4696b385407ad6b0987f.png", "format": "png", "width": 1500, "height": 600}, "_timestamp": 1716121437.1250885, "_runtime": 103.60469651222229, "_step": 10, "train_loss": 0.15083162632595054, "val_loss": 0.15466105872869546, "train_acc": 0.8144444444444444, "val_acc": 0.803, "_wandb": {"runtime": 102}}