{"Class Images": {"_type": "image-file", "sha256": "4696b385407ad6b0987fd583123687b0212d8d8eba296b2ed88cbba28c3103d6", "size": 32748, "path": "media/images/Class Images_0_4696b385407ad6b0987f.png", "format": "png", "width": 1500, "height": 600}, "_timestamp": 1716170478.8146951, "_runtime": 64.60231423377991, "_step": 10, "train_loss": 3.554708438728391, "val_loss": 3.533719796263361, "train_acc": 0.40166666666666667, "val_acc": 0.3963333333333333, "_wandb": {"runtime": 63}}