{"Class Images": {"_type": "image-file", "sha256": "4696b385407ad6b0987fd583123687b0212d8d8eba296b2ed88cbba28c3103d6", "size": 32748, "path": "media/images/Class Images_0_4696b385407ad6b0987f.png", "format": "png", "width": 1500, "height": 600}, "_timestamp": 1716181286.1332414, "_runtime": 106.6443543434143, "_step": 10, "train_loss": 2.7320761965678044, "val_loss": 2.588393043642652, "train_acc": 0.714037037037037, "val_acc": 0.7035, "_wandb": {"runtime": 105}}