{"Class Images": {"_type": "image-file", "sha256": "4696b385407ad6b0987fd583123687b0212d8d8eba296b2ed88cbba28c3103d6", "size": 32748, "path": "media/images/Class Images_0_4696b385407ad6b0987f.png", "format": "png", "width": 1500, "height": 600}, "_timestamp": 1716139965.825216, "_runtime": 66.54109501838684, "_step": 5, "train_loss": -0.6643176826239483, "val_loss": -0.6516599633053324, "train_acc": 0.742574074074074, "val_acc": 0.7268333333333333, "_wandb": {"runtime": 65}}