{"Class Images": {"_type": "image-file", "sha256": "4696b385407ad6b0987fd583123687b0212d8d8eba296b2ed88cbba28c3103d6", "size": 32748, "path": "media/images/Class Images_0_4696b385407ad6b0987f.png", "format": "png", "width": 1500, "height": 600}, "_timestamp": 1716136830.6776273, "_runtime": 62.71672224998474, "_step": 10, "train_loss": 23.38975394423752, "val_loss": 23.389543016026998, "train_acc": 0.10005555555555555, "val_acc": 0.0995, "_wandb": {"runtime": 62}}