{"Class Images": {"_type": "image-file", "sha256": "4696b385407ad6b0987fd583123687b0212d8d8eba296b2ed88cbba28c3103d6", "size": 32748, "path": "media/images/Class Images_0_4696b385407ad6b0987f.png", "format": "png", "width": 1500, "height": 600}, "_timestamp": 1716203028.2421615, "_runtime": 76.83623456954956, "_step": 10, "train_loss": -0.3408232486036973, "val_loss": -0.338031092747614, "train_acc": 0.6021851851851852, "val_acc": 0.5973333333333334, "_wandb": {"runtime": 76}}