{"Class Images": {"_type": "image-file", "sha256": "4696b385407ad6b0987fd583123687b0212d8d8eba296b2ed88cbba28c3103d6", "size": 32748, "path": "media/images/Class Images_0_4696b385407ad6b0987f.png", "format": "png", "width": 1500, "height": 600}, "_timestamp": 1716197890.5050168, "_runtime": 67.23232388496399, "_step": 5, "train_loss": 6.94485495870318, "val_loss": 6.627654063779734, "train_acc": 0.6521851851851852, "val_acc": 0.6571666666666667, "_wandb": {"runtime": 66}}