{"Class Images": {"_type": "image-file", "sha256": "4696b385407ad6b0987fd583123687b0212d8d8eba296b2ed88cbba28c3103d6", "size": 32748, "path": "media/images/Class Images_0_4696b385407ad6b0987f.png", "format": "png", "width": 1500, "height": 600}, "_timestamp": 1716190610.4948695, "_runtime": 141.72708749771118, "_step": 10, "train_loss": -0.04893258288173664, "val_loss": -0.05386654750270198, "train_acc": 0.6282037037037037, "val_acc": 0.6238333333333334, "_wandb": {"runtime": 140}}