{"Class Images": {"_type": "image-file", "sha256": "4696b385407ad6b0987fd583123687b0212d8d8eba296b2ed88cbba28c3103d6", "size": 32748, "path": "media/images/Class Images_0_4696b385407ad6b0987f.png", "format": "png", "width": 1500, "height": 600}, "_timestamp": 1716172354.9554214, "_runtime": 77.99231743812561, "_step": 5, "train_loss": 0.020892811681360597, "val_loss": 0.01002200905263209, "train_acc": 0.8125185185185185, "val_acc": 0.8136666666666666, "_wandb": {"runtime": 77}}