{"Class Images": {"_type": "image-file", "sha256": "4696b385407ad6b0987fd583123687b0212d8d8eba296b2ed88cbba28c3103d6", "size": 32748, "path": "media/images/Class Images_0_4696b385407ad6b0987f.png", "format": "png", "width": 1500, "height": 600}, "_timestamp": 1716175503.7049828, "_runtime": 144.70878767967224, "_step": 10, "train_loss": -0.08375844726467586, "val_loss": -0.08871849427814632, "train_acc": 0.8306666666666667, "val_acc": 0.83, "_wandb": {"runtime": 143}}