{"Class Images": {"_type": "image-file", "sha256": "4696b385407ad6b0987fd583123687b0212d8d8eba296b2ed88cbba28c3103d6", "size": 32748, "path": "media/images/Class Images_0_4696b385407ad6b0987f.png", "format": "png", "width": 1500, "height": 600}, "_timestamp": 1716118231.2349033, "_runtime": 36.7214572429657, "_step": 5, "train_loss": 0.6140629430524776, "val_loss": 0.5490395265055974, "train_acc": 0.5098148148148148, "val_acc": 0.5243333333333333, "_wandb": {"runtime": 35}}