{"Class Images": {"_type": "image-file", "sha256": "4696b385407ad6b0987fd583123687b0212d8d8eba296b2ed88cbba28c3103d6", "size": 32748, "path": "media/images/Class Images_0_4696b385407ad6b0987f.png", "format": "png", "width": 1500, "height": 600}, "_timestamp": 1716091656.6159303, "_runtime": 92.21083641052246, "_step": 10, "train_loss": 9.007000739460523, "val_loss": 9.007406956428888, "train_acc": 0.06807407407407408, "val_acc": 0.06816666666666667, "_wandb": {"runtime": 91}}