{"Class Images": {"_type": "image-file", "sha256": "4696b385407ad6b0987fd583123687b0212d8d8eba296b2ed88cbba28c3103d6", "size": 32748, "path": "media/images/Class Images_0_4696b385407ad6b0987f.png", "format": "png", "width": 1500, "height": 600}, "_timestamp": 1716153136.7656252, "_runtime": 119.10835027694702, "_step": 10, "train_loss": 0.17424261199091898, "val_loss": 0.17720090557907045, "train_acc": 0.7426111111111111, "val_acc": 0.732, "_wandb": {"runtime": 118}}