{"Class Images": {"_type": "image-file", "sha256": "4696b385407ad6b0987fd583123687b0212d8d8eba296b2ed88cbba28c3103d6", "size": 32748, "path": "media/images/Class Images_0_4696b385407ad6b0987f.png", "format": "png", "width": 1500, "height": 600}, "_timestamp": 1716197242.7983735, "_runtime": 81.82829356193542, "_step": 10, "train_loss": 1.846670410221738, "val_loss": 1.7926133610849606, "train_acc": 0.7752407407407408, "val_acc": 0.7673333333333333, "_wandb": {"runtime": 81}}