{"Class Images": {"_type": "image-file", "sha256": "4696b385407ad6b0987fd583123687b0212d8d8eba296b2ed88cbba28c3103d6", "size": 32748, "path": "media/images/Class Images_0_4696b385407ad6b0987f.png", "format": "png", "width": 1500, "height": 600}, "_timestamp": 1716114548.7080607, "_runtime": 61.590757846832275, "_step": 5, "train_loss": -0.016702322592495655, "val_loss": -0.04281207282963398, "train_acc": 0.10142592592592592, "val_acc": 0.09833333333333333, "_wandb": {"runtime": 60}}