{"Class Images": {"_type": "image-file", "sha256": "4696b385407ad6b0987fd583123687b0212d8d8eba296b2ed88cbba28c3103d6", "size": 32748, "path": "media/images/Class Images_0_4696b385407ad6b0987f.png", "format": "png", "width": 1500, "height": 600}, "_timestamp": 1716138492.5204153, "_runtime": 94.41873836517334, "_step": 10, "train_loss": 0.5503532213346661, "val_loss": 0.5409991808903696, "train_acc": 0.36944444444444446, "val_acc": 0.37666666666666665, "_wandb": {"runtime": 93}}