{"Class Images": {"_type": "image-file", "sha256": "4696b385407ad6b0987fd583123687b0212d8d8eba296b2ed88cbba28c3103d6", "size": 32748, "path": "media/images/Class Images_0_4696b385407ad6b0987f.png", "format": "png", "width": 1500, "height": 600}, "_timestamp": 1716144759.671742, "_runtime": 76.14958786964417, "_step": 5, "train_loss": 0.027543508036368965, "val_loss": 0.017002661720868, "train_acc": 0.6526481481481482, "val_acc": 0.647, "_wandb": {"runtime": 75}}