{"Class Images": {"_type": "image-file", "sha256": "4696b385407ad6b0987fd583123687b0212d8d8eba296b2ed88cbba28c3103d6", "size": 32748, "path": "media/images/Class Images_0_4696b385407ad6b0987f.png", "format": "png", "width": 1500, "height": 600}, "_timestamp": 1716175703.787849, "_runtime": 146.36073398590088, "_step": 10, "train_loss": -0.14858941797253528, "val_loss": -0.1481058220331908, "train_acc": 0.7143888888888889, "val_acc": 0.7066666666666667, "_wandb": {"runtime": 145}}