{"Class Images": {"_type": "image-file", "sha256": "4696b385407ad6b0987fd583123687b0212d8d8eba296b2ed88cbba28c3103d6", "size": 32748, "path": "media/images/Class Images_0_4696b385407ad6b0987f.png", "format": "png", "width": 1500, "height": 600}, "_timestamp": 1716124959.0171938, "_runtime": 124.62264084815979, "_step": 10, "train_loss": 10.514340451057178, "val_loss": 10.511315764209472, "train_acc": 0.12531481481481482, "val_acc": 0.13266666666666665, "_wandb": {"runtime": 123}}