{"Class Images": {"_type": "image-file", "sha256": "4696b385407ad6b0987fd583123687b0212d8d8eba296b2ed88cbba28c3103d6", "size": 32748, "path": "media/images/Class Images_0_4696b385407ad6b0987f.png", "format": "png", "width": 1500, "height": 600}, "_timestamp": 1716181862.4459412, "_runtime": 202.72230625152588, "_step": 10, "train_loss": -0.6032024073645442, "val_loss": -0.5993156669809854, "train_acc": 0.7195185185185186, "val_acc": 0.7118333333333333, "_wandb": {"runtime": 201}}