{"Class Images": {"_type": "image-file", "sha256": "4696b385407ad6b0987fd583123687b0212d8d8eba296b2ed88cbba28c3103d6", "size": 32748, "path": "media/images/Class Images_0_4696b385407ad6b0987f.png", "format": "png", "width": 1500, "height": 600}, "_timestamp": 1716143907.2423687, "_runtime": 47.29254865646362, "_step": 5, "train_loss": 46.99001464322189, "val_loss": 46.98954588728654, "train_acc": 0.10751851851851851, "val_acc": 0.10216666666666667, "_wandb": {"runtime": 46}}