{"Class Images": {"_type": "image-file", "sha256": "4696b385407ad6b0987fd583123687b0212d8d8eba296b2ed88cbba28c3103d6", "size": 32748, "path": "media/images/Class Images_0_4696b385407ad6b0987f.png", "format": "png", "width": 1500, "height": 600}, "_timestamp": 1716114935.9697137, "_runtime": 75.82484459877014, "_step": 10, "train_loss": 0.2949941994064039, "val_loss": 0.2925911962772752, "train_acc": 0.244, "val_acc": 0.24733333333333332, "_wandb": {"runtime": 75}}