{"Class Images": {"_type": "image-file", "sha256": "4696b385407ad6b0987fd583123687b0212d8d8eba296b2ed88cbba28c3103d6", "size": 32748, "path": "media/images/Class Images_0_4696b385407ad6b0987f.png", "format": "png", "width": 1500, "height": 600}, "_timestamp": 1716173804.926914, "_runtime": 83.91533398628235, "_step": 10, "train_loss": 96.59197862480588, "val_loss": 96.06141062636871, "train_acc": 0.09557407407407408, "val_acc": 0.096, "_wandb": {"runtime": 83}}