{"Class Images": {"_type": "image-file", "sha256": "4696b385407ad6b0987fd583123687b0212d8d8eba296b2ed88cbba28c3103d6", "size": 32748, "path": "media/images/Class Images_0_4696b385407ad6b0987f.png", "format": "png", "width": 1500, "height": 600}, "_timestamp": 1716133246.10239, "_runtime": 166.22903394699097, "_step": 10, "train_loss": -0.31284465265679884, "val_loss": -0.3303977457995268, "train_acc": 0.6278518518518519, "val_acc": 0.6238333333333334, "_wandb": {"runtime": 165}}