{"Class Images": {"_type": "image-file", "sha256": "4696b385407ad6b0987fd583123687b0212d8d8eba296b2ed88cbba28c3103d6", "size": 32748, "path": "media/images/Class Images_0_4696b385407ad6b0987f.png", "format": "png", "width": 1500, "height": 600}, "_timestamp": 1716213118.5015042, "_runtime": 73.84880709648132, "_step": 5, "train_loss": 9.092588044278049, "val_loss": 8.975851278338764, "train_acc": 0.4522777777777778, "val_acc": 0.439, "_wandb": {"runtime": 72}}