{"Class Images": {"_type": "image-file", "sha256": "4696b385407ad6b0987fd583123687b0212d8d8eba296b2ed88cbba28c3103d6", "size": 32748, "path": "media/images/Class Images_0_4696b385407ad6b0987f.png", "format": "png", "width": 1500, "height": 600}, "_timestamp": 1716227055.342471, "_runtime": 84.02056980133057, "_step": 5, "train_loss": 10.582463401652234, "val_loss": 10.586842334837511, "train_acc": 0.12935185185185186, "val_acc": 0.12266666666666666, "_wandb": {"runtime": 82}}