{"Class Images": {"_type": "image-file", "sha256": "4696b385407ad6b0987fd583123687b0212d8d8eba296b2ed88cbba28c3103d6", "size": 32748, "path": "media/images/Class Images_0_4696b385407ad6b0987f.png", "format": "png", "width": 1500, "height": 600}, "_timestamp": 1716131284.84063, "_runtime": 92.55500507354736, "_step": 10, "train_loss": 2.5035727347451378, "val_loss": 2.346849207912932, "train_acc": 0.7847037037037037, "val_acc": 0.7791666666666667, "_wandb": {"runtime": 91}}