{"Class Images": {"_type": "image-file", "sha256": "4696b385407ad6b0987fd583123687b0212d8d8eba296b2ed88cbba28c3103d6", "size": 32748, "path": "media/images/Class Images_0_4696b385407ad6b0987f.png", "format": "png", "width": 1500, "height": 600}, "_timestamp": 1716128208.1832304, "_runtime": 73.61247730255127, "_step": 10, "train_loss": 3.1151765897605648, "val_loss": 3.113508790232132, "train_acc": 0.1759814814814815, "val_acc": 0.18283333333333332, "_wandb": {"runtime": 72}}