{"Class Images": {"_type": "image-file", "sha256": "4696b385407ad6b0987fd583123687b0212d8d8eba296b2ed88cbba28c3103d6", "size": 32748, "path": "media/images/Class Images_0_4696b385407ad6b0987f.png", "format": "png", "width": 1500, "height": 600}, "_timestamp": 1716120053.4988253, "_runtime": 53.11984634399414, "_step": 5, "train_loss": 0.10885449344495349, "val_loss": 0.09581769090542751, "train_acc": 0.7083148148148148, "val_acc": 0.7073333333333334, "_wandb": {"runtime": 52}}