{"Class Images": {"_type": "image-file", "sha256": "4696b385407ad6b0987fd583123687b0212d8d8eba296b2ed88cbba28c3103d6", "size": 32748, "path": "media/images/Class Images_0_4696b385407ad6b0987f.png", "format": "png", "width": 1500, "height": 600}, "_timestamp": 1716107974.967441, "_runtime": 68.5307149887085, "_step": 10, "train_loss": 2.3952693531782487, "val_loss": 2.3670829344894067, "train_acc": 0.5346481481481481, "val_acc": 0.536, "_wandb": {"runtime": 67}}