{"Class Images": {"_type": "image-file", "sha256": "4696b385407ad6b0987fd583123687b0212d8d8eba296b2ed88cbba28c3103d6", "size": 32748, "path": "media/images/Class Images_0_4696b385407ad6b0987f.png", "format": "png", "width": 1500, "height": 600}, "_timestamp": 1716151372.7523875, "_runtime": 75.97867441177368, "_step": 10, "train_loss": -0.0430921409676221, "val_loss": -0.050150218219117096, "train_acc": 0.5309259259259259, "val_acc": 0.5245, "_wandb": {"runtime": 75}}