{"Class Images": {"_type": "image-file", "sha256": "4696b385407ad6b0987fd583123687b0212d8d8eba296b2ed88cbba28c3103d6", "size": 32748, "path": "media/images/Class Images_0_4696b385407ad6b0987f.png", "format": "png", "width": 1500, "height": 600}, "_timestamp": 1716215374.8357413, "_runtime": 65.53077125549316, "_step": 10, "train_loss": 0.04853851428219753, "val_loss": 0.046833630371792674, "train_acc": 0.7897592592592593, "val_acc": 0.7713333333333333, "_wandb": {"runtime": 64}}