{"Class Images": {"_type": "image-file", "sha256": "4696b385407ad6b0987fd583123687b0212d8d8eba296b2ed88cbba28c3103d6", "size": 32748, "path": "media/images/Class Images_0_4696b385407ad6b0987f.png", "format": "png", "width": 1500, "height": 600}, "_timestamp": 1716187437.887728, "_runtime": 77.4691219329834, "_step": 10, "train_loss": -0.1336962091261843, "val_loss": -0.12885511100240712, "train_acc": 0.6314074074074074, "val_acc": 0.6213333333333333, "_wandb": {"runtime": 76}}