{"Class Images": {"_type": "image-file", "sha256": "4696b385407ad6b0987fd583123687b0212d8d8eba296b2ed88cbba28c3103d6", "size": 32748, "path": "media/images/Class Images_0_4696b385407ad6b0987f.png", "format": "png", "width": 1500, "height": 600}, "_timestamp": 1716083467.4443252, "_runtime": 123.39003109931946, "_step": 10, "train_loss": 5.059254808543271, "val_loss": 5.0682399879658355, "train_acc": 0.1623888888888889, "val_acc": 0.14166666666666666, "_wandb": {"runtime": 132}}