{"Class Images": {"_type": "image-file", "sha256": "4696b385407ad6b0987fd583123687b0212d8d8eba296b2ed88cbba28c3103d6", "size": 32748, "path": "media/images/Class Images_0_4696b385407ad6b0987f.png", "format": "png", "width": 1500, "height": 600}, "_timestamp": 1716122308.048725, "_runtime": 47.54819178581238, "_step": 5, "train_loss": 3.543086812415694, "val_loss": 3.474761912272055, "train_acc": 0.4657962962962963, "val_acc": 0.47433333333333333, "_wandb": {"runtime": 46}}