{"Class Images": {"_type": "image-file", "sha256": "4696b385407ad6b0987fd583123687b0212d8d8eba296b2ed88cbba28c3103d6", "size": 32748, "path": "media/images/Class Images_0_4696b385407ad6b0987f.png", "format": "png", "width": 1500, "height": 600}, "_timestamp": 1716141532.6153774, "_runtime": 149.81587934494019, "_step": 10, "train_loss": 4.696501228003145, "val_loss": 4.5554684635036296, "train_acc": 0.6385, "val_acc": 0.6291666666666667, "_wandb": {"runtime": 149}}