{"Class Images": {"_type": "image-file", "sha256": "4696b385407ad6b0987fd583123687b0212d8d8eba296b2ed88cbba28c3103d6", "size": 32748, "path": "media/images/Class Images_0_4696b385407ad6b0987f.png", "format": "png", "width": 1500, "height": 600}, "_timestamp": 1716229078.7634888, "_runtime": 145.29182267189026, "_step": 10, "train_loss": 0.7407328372626707, "val_loss": 0.6578984171795598, "train_acc": 0.7526666666666667, "val_acc": 0.7493333333333333, "_wandb": {"runtime": 144}}