{"Class Images": {"_type": "image-file", "sha256": "4696b385407ad6b0987fd583123687b0212d8d8eba296b2ed88cbba28c3103d6", "size": 32748, "path": "media/images/Class Images_0_4696b385407ad6b0987f.png", "format": "png", "width": 1500, "height": 600}, "_timestamp": 1716101967.7450871, "_runtime": 64.41044211387634, "_step": 10, "train_loss": 3.507419503378444, "val_loss": 3.4860570868477354, "train_acc": 0.4669074074074074, "val_acc": 0.45966666666666667, "_wandb": {"runtime": 63}}