{"Class Images": {"_type": "image-file", "sha256": "4696b385407ad6b0987fd583123687b0212d8d8eba296b2ed88cbba28c3103d6", "size": 32748, "path": "media/images/Class Images_0_4696b385407ad6b0987f.png", "format": "png", "width": 1500, "height": 600}, "_timestamp": 1716155763.86317, "_runtime": 68.68296980857849, "_step": 10, "train_loss": 0.6132795571394605, "val_loss": 0.5685885931535525, "train_acc": 0.7181296296296297, "val_acc": 0.7118333333333333, "_wandb": {"runtime": 67}}