{"Class Images": {"_type": "image-file", "sha256": "4696b385407ad6b0987fd583123687b0212d8d8eba296b2ed88cbba28c3103d6", "size": 32748, "path": "media/images/Class Images_0_4696b385407ad6b0987f.png", "format": "png", "width": 1500, "height": 600}, "_timestamp": 1716085818.3853574, "_runtime": 58.01732349395752, "_step": 5, "train_loss": 50.37778821998004, "val_loss": 50.36726023284541, "train_acc": 0.09996296296296296, "val_acc": 0.0995, "_wandb": {"runtime": 57}}