{"Class Images": {"_type": "image-file", "sha256": "4696b385407ad6b0987fd583123687b0212d8d8eba296b2ed88cbba28c3103d6", "size": 32748, "path": "media/images/Class Images_0_4696b385407ad6b0987f.png", "format": "png", "width": 1500, "height": 600}, "_timestamp": 1716090594.967504, "_runtime": 134.89140796661377, "_step": 10, "train_loss": 7.674041920008592, "val_loss": 7.568208869628429, "train_acc": 0.7147962962962963, "val_acc": 0.7088333333333333, "_wandb": {"runtime": 134}}