{"Class Images": {"_type": "image-file", "sha256": "4696b385407ad6b0987fd583123687b0212d8d8eba296b2ed88cbba28c3103d6", "size": 32748, "path": "media/images/Class Images_0_4696b385407ad6b0987f.png", "format": "png", "width": 1500, "height": 600}, "_timestamp": 1716184586.0144324, "_runtime": 61.72836351394653, "_step": 5, "train_loss": -0.35758002887974755, "val_loss": -0.3721432671305393, "train_acc": 0.8137592592592593, "val_acc": 0.8078333333333333, "_wandb": {"runtime": 60}}