{"Class Images": {"_type": "image-file", "sha256": "4696b385407ad6b0987fd583123687b0212d8d8eba296b2ed88cbba28c3103d6", "size": 32748, "path": "media/images/Class Images_0_4696b385407ad6b0987f.png", "format": "png", "width": 1500, "height": 600}, "_timestamp": 1716152917.466974, "_runtime": 71.44420909881592, "_step": 10, "train_loss": -0.43866269710622485, "val_loss": -0.43648205516045396, "train_acc": 0.8046666666666666, "val_acc": 0.8016666666666666, "_wandb": {"runtime": 70}}