{"Class Images": {"_type": "image-file", "sha256": "4696b385407ad6b0987fd583123687b0212d8d8eba296b2ed88cbba28c3103d6", "size": 32748, "path": "media/images/Class Images_0_4696b385407ad6b0987f.png", "format": "png", "width": 1500, "height": 600}, "_timestamp": 1716146562.2379239, "_runtime": 111.20206379890442, "_step": 10, "train_loss": 0.1496182743576736, "val_loss": 0.15213594384319348, "train_acc": 0.8169259259259259, "val_acc": 0.8071666666666667, "_wandb": {"runtime": 110}}