{"Class Images": {"_type": "image-file", "sha256": "4696b385407ad6b0987fd583123687b0212d8d8eba296b2ed88cbba28c3103d6", "size": 32748, "path": "media/images/Class Images_0_4696b385407ad6b0987f.png", "format": "png", "width": 1500, "height": 600}, "_timestamp": 1716185657.622495, "_runtime": 108.36244797706604, "_step": 10, "train_loss": -0.02454900217559098, "val_loss": -0.023860033647245007, "train_acc": 0.8015185185185185, "val_acc": 0.7966666666666666, "_wandb": {"runtime": 107}}