{"Class Images": {"_type": "image-file", "sha256": "4696b385407ad6b0987fd583123687b0212d8d8eba296b2ed88cbba28c3103d6", "size": 32748, "path": "media/images/Class Images_0_4696b385407ad6b0987f.png", "format": "png", "width": 1500, "height": 600}, "_timestamp": 1716106067.2115967, "_runtime": 40.62904071807861, "_step": 5, "train_loss": 0.06524388310443388, "val_loss": 0.05517686788694033, "train_acc": 0.3907407407407407, "val_acc": 0.416, "_wandb": {"runtime": 39}}