{"Class Images": {"_type": "image-file", "sha256": "4696b385407ad6b0987fd583123687b0212d8d8eba296b2ed88cbba28c3103d6", "size": 32748, "path": "media/images/Class Images_0_4696b385407ad6b0987f.png", "format": "png", "width": 1500, "height": 600}, "_timestamp": 1716189273.108821, "_runtime": 100.42656993865967, "_step": 10, "train_loss": 0.09400097466356477, "val_loss": 0.09062799916844014, "train_acc": 0.5514814814814815, "val_acc": 0.5465, "_wandb": {"runtime": 99}}