{"Class Images": {"_type": "image-file", "sha256": "4696b385407ad6b0987fd583123687b0212d8d8eba296b2ed88cbba28c3103d6", "size": 32748, "path": "media/images/Class Images_0_4696b385407ad6b0987f.png", "format": "png", "width": 1500, "height": 600}, "_timestamp": 1716147193.1794941, "_runtime": 94.94971013069153, "_step": 10, "train_loss": 9.096709016102418, "val_loss": 9.041176461588291, "train_acc": 0.3713148148148148, "val_acc": 0.36233333333333334, "_wandb": {"runtime": 94}}