{"Class Images": {"_type": "image-file", "sha256": "4696b385407ad6b0987fd583123687b0212d8d8eba296b2ed88cbba28c3103d6", "size": 32748, "path": "media/images/Class Images_0_4696b385407ad6b0987f.png", "format": "png", "width": 1500, "height": 600}, "_timestamp": 1716095691.8637195, "_runtime": 40.48674750328064, "_step": 5, "train_loss": 0.4684350032660432, "val_loss": 0.41699476450524425, "train_acc": 0.7103333333333334, "val_acc": 0.7046666666666667, "_wandb": {"runtime": 39}}