{"Class Images": {"_type": "image-file", "sha256": "4696b385407ad6b0987fd583123687b0212d8d8eba296b2ed88cbba28c3103d6", "size": 32748, "path": "media/images/Class Images_0_4696b385407ad6b0987f.png", "format": "png", "width": 1500, "height": 600}, "_timestamp": 1716178288.425388, "_runtime": 144.0463089942932, "_step": 10, "train_loss": 0.22172464463936215, "val_loss": 0.20668572304324848, "train_acc": 0.11983333333333333, "val_acc": 0.11966666666666667, "_wandb": {"runtime": 143}}