{"Class Images": {"_type": "image-file", "sha256": "4696b385407ad6b0987fd583123687b0212d8d8eba296b2ed88cbba28c3103d6", "size": 32748, "path": "media/images/Class Images_0_4696b385407ad6b0987f.png", "format": "png", "width": 1500, "height": 600}, "_timestamp": 1716223058.8163786, "_runtime": 99.66150259971619, "_step": 10, "train_loss": 0.3076273609817931, "val_loss": 0.2900902781999675, "train_acc": 0.10787037037037037, "val_acc": 0.11966666666666667, "_wandb": {"runtime": 98}}