{"Class Images": {"_type": "image-file", "sha256": "4696b385407ad6b0987fd583123687b0212d8d8eba296b2ed88cbba28c3103d6", "size": 32748, "path": "media/images/Class Images_0_4696b385407ad6b0987f.png", "format": "png", "width": 1500, "height": 600}, "_timestamp": 1716105085.2551682, "_runtime": 59.1826810836792, "_step": 5, "train_loss": -0.336273358832735, "val_loss": -0.35138960927571333, "train_acc": 0.7468333333333333, "val_acc": 0.738, "_wandb": {"runtime": 58}}