{"Class Images": {"_type": "image-file", "sha256": "4696b385407ad6b0987fd583123687b0212d8d8eba296b2ed88cbba28c3103d6", "size": 32748, "path": "media/images/Class Images_0_4696b385407ad6b0987f.png", "format": "png", "width": 1500, "height": 600}, "_timestamp": 1716193936.044918, "_runtime": 60.87540006637573, "_step": 5, "train_loss": 0.20313139511971232, "val_loss": 0.19467367013146725, "train_acc": 0.7565, "val_acc": 0.7516666666666667, "_wandb": {"runtime": 60}}