{"Class Images": {"_type": "image-file", "sha256": "4696b385407ad6b0987fd583123687b0212d8d8eba296b2ed88cbba28c3103d6", "size": 32748, "path": "media/images/Class Images_0_4696b385407ad6b0987f.png", "format": "png", "width": 1500, "height": 600}, "_timestamp": 1716099399.8943982, "_runtime": 58.74658823013306, "_step": 5, "train_loss": 0.07840743537525684, "val_loss": 0.07312791203173126, "train_acc": 0.7819074074074074, "val_acc": 0.7773333333333333, "_wandb": {"runtime": 57}}