{"Class Images": {"_type": "image-file", "sha256": "4696b385407ad6b0987fd583123687b0212d8d8eba296b2ed88cbba28c3103d6", "size": 32748, "path": "media/images/Class Images_0_4696b385407ad6b0987f.png", "format": "png", "width": 1500, "height": 600}, "_timestamp": 1716109078.311387, "_runtime": 45.07364797592163, "_step": 5, "train_loss": 4.320005623363855, "val_loss": 4.320468120969761, "train_acc": 0.15751851851851853, "val_acc": 0.158, "_wandb": {"runtime": 44}}