{"Class Images": {"_type": "image-file", "sha256": "4696b385407ad6b0987fd583123687b0212d8d8eba296b2ed88cbba28c3103d6", "size": 32748, "path": "media/images/Class Images_0_4696b385407ad6b0987f.png", "format": "png", "width": 1500, "height": 600}, "_timestamp": 1716165816.3020153, "_runtime": 81.5808973312378, "_step": 5, "train_loss": -0.2733034362385384, "val_loss": -0.29544444359911504, "train_acc": 0.6862962962962963, "val_acc": 0.6861666666666667, "_wandb": {"runtime": 80}}