{"Class Images": {"_type": "image-file", "sha256": "4696b385407ad6b0987fd583123687b0212d8d8eba296b2ed88cbba28c3103d6", "size": 32748, "path": "media/images/Class Images_0_4696b385407ad6b0987f.png", "format": "png", "width": 1500, "height": 600}, "_timestamp": 1716156106.3859336, "_runtime": 53.856072664260864, "_step": 5, "train_loss": 0.23457773471598595, "val_loss": 0.2317312523349341, "train_acc": 0.8002777777777778, "val_acc": 0.7963333333333333, "_wandb": {"runtime": 53}}