{"Class Images": {"_type": "image-file", "sha256": "4696b385407ad6b0987fd583123687b0212d8d8eba296b2ed88cbba28c3103d6", "size": 32748, "path": "media/images/Class Images_0_4696b385407ad6b0987f.png", "format": "png", "width": 1500, "height": 600}, "_timestamp": 1716175316.045615, "_runtime": 102.56815886497498, "_step": 10, "train_loss": 0.07410477166728399, "val_loss": 0.07332041702566706, "train_acc": 0.10922222222222222, "val_acc": 0.10816666666666666, "_wandb": {"runtime": 101}}