{"Class Images": {"_type": "image-file", "sha256": "4696b385407ad6b0987fd583123687b0212d8d8eba296b2ed88cbba28c3103d6", "size": 32748, "path": "media/images/Class Images_0_4696b385407ad6b0987f.png", "format": "png", "width": 1500, "height": 600}, "_timestamp": 1716153264.0576336, "_runtime": 80.58779573440552, "_step": 10, "train_loss": 0.053815593015196464, "val_loss": 0.03516046742184065, "train_acc": 0.10935185185185185, "val_acc": 0.11883333333333333, "_wandb": {"runtime": 79}}