{"Class Images": {"_type": "image-file", "sha256": "4696b385407ad6b0987fd583123687b0212d8d8eba296b2ed88cbba28c3103d6", "size": 32748, "path": "media/images/Class Images_0_4696b385407ad6b0987f.png", "format": "png", "width": 1500, "height": 600}, "_timestamp": 1716170051.1660266, "_runtime": 83.17394256591797, "_step": 10, "train_loss": -0.07138225891549244, "val_loss": -0.07730759971983245, "train_acc": 0.5925925925925926, "val_acc": 0.589, "_wandb": {"runtime": 82}}