{"Class Images": {"_type": "image-file", "sha256": "4696b385407ad6b0987fd583123687b0212d8d8eba296b2ed88cbba28c3103d6", "size": 32748, "path": "media/images/Class Images_0_4696b385407ad6b0987f.png", "format": "png", "width": 1500, "height": 600}, "_timestamp": 1716210441.3724184, "_runtime": 101.78417539596558, "_step": 10, "train_loss": -0.07755283756071218, "val_loss": -0.07765515943012571, "train_acc": 0.7981111111111111, "val_acc": 0.7945, "_wandb": {"runtime": 101}}