{"Class Images": {"_type": "image-file", "sha256": "4696b385407ad6b0987fd583123687b0212d8d8eba296b2ed88cbba28c3103d6", "size": 32748, "path": "media/images/Class Images_0_4696b385407ad6b0987f.png", "format": "png", "width": 1500, "height": 600}, "_timestamp": 1716128968.0985725, "_runtime": 59.048757553100586, "_step": 5, "train_loss": 0.19357730363351866, "val_loss": 0.18658795370389786, "train_acc": 0.09781481481481481, "val_acc": 0.09133333333333334, "_wandb": {"runtime": 58}}