{"Class Images": {"_type": "image-file", "sha256": "4696b385407ad6b0987fd583123687b0212d8d8eba296b2ed88cbba28c3103d6", "size": 32748, "path": "media/images/Class Images_0_4696b385407ad6b0987f.png", "format": "png", "width": 1500, "height": 600}, "_timestamp": 1716152724.88671, "_runtime": 132.99918293952942, "_step": 10, "train_loss": 0.0398334948828649, "val_loss": 0.038948839431862885, "train_acc": 0.8196666666666667, "val_acc": 0.8105, "_wandb": {"runtime": 132}}