{"Class Images": {"_type": "image-file", "sha256": "4696b385407ad6b0987fd583123687b0212d8d8eba296b2ed88cbba28c3103d6", "size": 32748, "path": "media/images/Class Images_0_4696b385407ad6b0987f.png", "format": "png", "width": 1500, "height": 600}, "_timestamp": 1716088501.142653, "_runtime": 110.27693200111389, "_step": 10, "train_loss": 2.5061780207173148, "val_loss": 2.351881190818886, "train_acc": 0.7207037037037037, "val_acc": 0.7083333333333334, "_wandb": {"runtime": 109}}