{"Class Images": {"_type": "image-file", "sha256": "4696b385407ad6b0987fd583123687b0212d8d8eba296b2ed88cbba28c3103d6", "size": 32748, "path": "media/images/Class Images_0_4696b385407ad6b0987f.png", "format": "png", "width": 1500, "height": 600}, "_timestamp": 1716220809.7731655, "_runtime": 125.59796738624573, "_step": 10, "train_loss": -0.11925578464652663, "val_loss": -0.11418412910061328, "train_acc": 0.6456481481481482, "val_acc": 0.6308333333333334, "_wandb": {"runtime": 124}}