{"Class Images": {"_type": "image-file", "sha256": "4696b385407ad6b0987fd583123687b0212d8d8eba296b2ed88cbba28c3103d6", "size": 32748, "path": "media/images/Class Images_0_4696b385407ad6b0987f.png", "format": "png", "width": 1500, "height": 600}, "_timestamp": 1716095975.6956573, "_runtime": 82.79613614082336, "_step": 10, "train_loss": -0.41583515223153655, "val_loss": -0.41764818570513074, "train_acc": 0.5853888888888888, "val_acc": 0.5828333333333333, "_wandb": {"runtime": 81}}