{"Class Images": {"_type": "image-file", "sha256": "4696b385407ad6b0987fd583123687b0212d8d8eba296b2ed88cbba28c3103d6", "size": 32748, "path": "media/images/Class Images_0_4696b385407ad6b0987f.png", "format": "png", "width": 1500, "height": 600}, "_timestamp": 1716116480.7093565, "_runtime": 95.19625353813171, "_step": 10, "train_loss": 0.9542067221828568, "val_loss": 0.9529668384453049, "train_acc": 0.09985185185185186, "val_acc": 0.10133333333333333, "_wandb": {"runtime": 94}}