{"Class Images": {"_type": "image-file", "sha256": "4696b385407ad6b0987fd583123687b0212d8d8eba296b2ed88cbba28c3103d6", "size": 32748, "path": "media/images/Class Images_0_4696b385407ad6b0987f.png", "format": "png", "width": 1500, "height": 600}, "_timestamp": 1716198858.708371, "_runtime": 45.76819896697998, "_step": 5, "train_loss": 4.5939294349843935, "val_loss": 4.248342811641857, "train_acc": 0.09985185185185186, "val_acc": 0.10133333333333333, "_wandb": {"runtime": 44}}