{"Class Images": {"_type": "image-file", "sha256": "4696b385407ad6b0987fd583123687b0212d8d8eba296b2ed88cbba28c3103d6", "size": 32748, "path": "media/images/Class Images_0_4696b385407ad6b0987f.png", "format": "png", "width": 1500, "height": 600}, "_timestamp": 1716092559.4459066, "_runtime": 98.32544374465942, "_step": 10, "train_loss": 10.429917602841934, "val_loss": 10.420319311113438, "train_acc": 0.1995925925925926, "val_acc": 0.21, "_wandb": {"runtime": 97}}