{"Class Images": {"_type": "image-file", "sha256": "4696b385407ad6b0987fd583123687b0212d8d8eba296b2ed88cbba28c3103d6", "size": 32748, "path": "media/images/Class Images_0_4696b385407ad6b0987f.png", "format": "png", "width": 1500, "height": 600}, "_timestamp": 1716180256.4818125, "_runtime": 135.74986147880554, "_step": 10, "train_loss": 0.34788073997099894, "val_loss": 0.31270906897835554, "train_acc": 0.7507962962962963, "val_acc": 0.7413333333333333, "_wandb": {"runtime": 134}}