{"Class Images": {"_type": "image-file", "sha256": "4696b385407ad6b0987fd583123687b0212d8d8eba296b2ed88cbba28c3103d6", "size": 32748, "path": "media/images/Class Images_0_4696b385407ad6b0987f.png", "format": "png", "width": 1500, "height": 600}, "_timestamp": 1716179581.6222181, "_runtime": 207.49440813064575, "_step": 10, "train_loss": 0.4638639316890394, "val_loss": 0.4554497690758557, "train_acc": 0.3416111111111111, "val_acc": 0.281, "_wandb": {"runtime": 206}}