{"Class Images": {"_type": "image-file", "sha256": "4696b385407ad6b0987fd583123687b0212d8d8eba296b2ed88cbba28c3103d6", "size": 32748, "path": "media/images/Class Images_0_4696b385407ad6b0987f.png", "format": "png", "width": 1500, "height": 600}, "_timestamp": 1716146914.416655, "_runtime": 44.836982011795044, "_step": 5, "train_loss": 0.17880628389350442, "val_loss": 0.14453518177558974, "train_acc": 0.10001851851851852, "val_acc": 0.099, "_wandb": {"runtime": 44}}