{"Class Images": {"_type": "image-file", "sha256": "4696b385407ad6b0987fd583123687b0212d8d8eba296b2ed88cbba28c3103d6", "size": 32748, "path": "media/images/Class Images_0_4696b385407ad6b0987f.png", "format": "png", "width": 1500, "height": 600}, "_timestamp": 1716120343.4867358, "_runtime": 90.83238887786865, "_step": 10, "train_loss": 8.884134028445821, "val_loss": 8.828192204379452, "train_acc": 0.6266296296296296, "val_acc": 0.6181666666666666, "_wandb": {"runtime": 90}}