{"Class Images": {"_type": "image-file", "sha256": "4696b385407ad6b0987fd583123687b0212d8d8eba296b2ed88cbba28c3103d6", "size": 32748, "path": "media/images/Class Images_0_4696b385407ad6b0987f.png", "format": "png", "width": 1500, "height": 600}, "_timestamp": 1716102714.1830316, "_runtime": 98.11707544326782, "_step": 10, "train_loss": 0.4531037520244472, "val_loss": 0.46288292468116665, "train_acc": 0.6362407407407408, "val_acc": 0.6216666666666667, "_wandb": {"runtime": 97}}