{"Class Images": {"_type": "image-file", "sha256": "4696b385407ad6b0987fd583123687b0212d8d8eba296b2ed88cbba28c3103d6", "size": 32748, "path": "media/images/Class Images_0_4696b385407ad6b0987f.png", "format": "png", "width": 1500, "height": 600}, "_timestamp": 1716187327.2295275, "_runtime": 101.72425842285156, "_step": 10, "train_loss": -0.160804721172831, "val_loss": -0.15938349728489187, "train_acc": 0.7954629629629629, "val_acc": 0.7868333333333334, "_wandb": {"runtime": 100}}