{"Class Images": {"_type": "image-file", "sha256": "4696b385407ad6b0987fd583123687b0212d8d8eba296b2ed88cbba28c3103d6", "size": 32748, "path": "media/images/Class Images_0_4696b385407ad6b0987f.png", "format": "png", "width": 1500, "height": 600}, "_timestamp": 1716097319.454522, "_runtime": 98.82503700256348, "_step": 10, "train_loss": 2.581414479909668, "val_loss": 2.410933852704234, "train_acc": 0.6875925925925926, "val_acc": 0.6796666666666666, "_wandb": {"runtime": 97}}