{"Class Images": {"_type": "image-file", "sha256": "4696b385407ad6b0987fd583123687b0212d8d8eba296b2ed88cbba28c3103d6", "size": 32748, "path": "media/images/Class Images_0_4696b385407ad6b0987f.png", "format": "png", "width": 1500, "height": 600}, "_timestamp": 1716107039.184052, "_runtime": 119.88497996330261, "_step": 10, "train_loss": -0.005436853271531635, "val_loss": -0.23645872378070723, "train_acc": 0.2167777777777778, "val_acc": 0.2901666666666667, "_wandb": {"runtime": 119}}