{"Class Images": {"_type": "image-file", "sha256": "4696b385407ad6b0987fd583123687b0212d8d8eba296b2ed88cbba28c3103d6", "size": 32748, "path": "media/images/Class Images_0_4696b385407ad6b0987f.png", "format": "png", "width": 1500, "height": 600}, "_timestamp": 1716121947.7976973, "_runtime": 123.52372121810913, "_step": 10, "train_loss": 7.679854898042872, "val_loss": 7.575939388282949, "train_acc": 0.7164259259259259, "val_acc": 0.7031666666666667, "_wandb": {"runtime": 122}}