{"Class Images": {"_type": "image-file", "sha256": "4696b385407ad6b0987fd583123687b0212d8d8eba296b2ed88cbba28c3103d6", "size": 32748, "path": "media/images/Class Images_0_4696b385407ad6b0987f.png", "format": "png", "width": 1500, "height": 600}, "_timestamp": 1716123445.469836, "_runtime": 56.79264998435974, "_step": 5, "train_loss": 0.06542314700082096, "val_loss": 0.06012605899328525, "train_acc": 0.7017592592592593, "val_acc": 0.692, "_wandb": {"runtime": 56}}