{"Class Images": {"_type": "image-file", "sha256": "4696b385407ad6b0987fd583123687b0212d8d8eba296b2ed88cbba28c3103d6", "size": 32748, "path": "media/images/Class Images_0_4696b385407ad6b0987f.png", "format": "png", "width": 1500, "height": 600}, "_timestamp": 1716163864.609483, "_runtime": 107.14871501922607, "_step": 10, "train_loss": -0.033632927385257604, "val_loss": -0.03254326052614341, "train_acc": 0.8349814814814814, "val_acc": 0.8278333333333333, "_wandb": {"runtime": 106}}