{"Class Images": {"_type": "image-file", "sha256": "4696b385407ad6b0987fd583123687b0212d8d8eba296b2ed88cbba28c3103d6", "size": 32748, "path": "media/images/Class Images_0_4696b385407ad6b0987f.png", "format": "png", "width": 1500, "height": 600}, "_timestamp": 1716099709.5147786, "_runtime": 74.94903659820557, "_step": 5, "train_loss": -0.16153767015735127, "val_loss": -0.17160464833203284, "train_acc": 0.29144444444444445, "val_acc": 0.29683333333333334, "_wandb": {"runtime": 73}}