{"Class Images": {"_type": "image-file", "sha256": "4696b385407ad6b0987fd583123687b0212d8d8eba296b2ed88cbba28c3103d6", "size": 32748, "path": "media/images/Class Images_0_4696b385407ad6b0987f.png", "format": "png", "width": 1500, "height": 600}, "_timestamp": 1716223850.746404, "_runtime": 91.64564895629883, "_step": 10, "train_loss": 1.857056539170497, "val_loss": 1.734327808494495, "train_acc": 0.7185185185185186, "val_acc": 0.708, "_wandb": {"runtime": 90}}