{"Class Images": {"_type": "image-file", "sha256": "4696b385407ad6b0987fd583123687b0212d8d8eba296b2ed88cbba28c3103d6", "size": 32748, "path": "media/images/Class Images_0_4696b385407ad6b0987f.png", "format": "png", "width": 1500, "height": 600}, "_timestamp": 1716123364.6026115, "_runtime": 70.0064845085144, "_step": 5, "train_loss": -0.11432496943668187, "val_loss": -0.12096668543572678, "train_acc": 0.7916851851851852, "val_acc": 0.7886666666666666, "_wandb": {"runtime": 69}}