{"Class Images": {"_type": "image-file", "sha256": "4696b385407ad6b0987fd583123687b0212d8d8eba296b2ed88cbba28c3103d6", "size": 32748, "path": "media/images/Class Images_0_4696b385407ad6b0987f.png", "format": "png", "width": 1500, "height": 600}, "_timestamp": 1716171426.6981273, "_runtime": 105.20328330993652, "_step": 10, "train_loss": 0.056857031644563454, "val_loss": 0.04435633827245396, "train_acc": 0.10074074074074074, "val_acc": 0.10266666666666667, "_wandb": {"runtime": 104}}