{"Class Images": {"_type": "image-file", "sha256": "4696b385407ad6b0987fd583123687b0212d8d8eba296b2ed88cbba28c3103d6", "size": 32748, "path": "media/images/Class Images_0_4696b385407ad6b0987f.png", "format": "png", "width": 1500, "height": 600}, "_timestamp": 1716089266.1707845, "_runtime": 117.26490950584412, "_step": 10, "train_loss": -0.1405229194712681, "val_loss": -0.11480339492412667, "train_acc": 0.1993888888888889, "val_acc": 0.1895, "_wandb": {"runtime": 116}}