{"Class Images": {"_type": "image-file", "sha256": "4696b385407ad6b0987fd583123687b0212d8d8eba296b2ed88cbba28c3103d6", "size": 32748, "path": "media/images/Class Images_0_4696b385407ad6b0987f.png", "format": "png", "width": 1500, "height": 600}, "_timestamp": 1716126451.2901883, "_runtime": 105.27824926376343, "_step": 10, "train_loss": -0.12846488720883453, "val_loss": -0.12923410414614828, "train_acc": 0.7955, "val_acc": 0.7886666666666666, "_wandb": {"runtime": 104}}