{"Class Images": {"_type": "image-file", "sha256": "4696b385407ad6b0987fd583123687b0212d8d8eba296b2ed88cbba28c3103d6", "size": 32748, "path": "media/images/Class Images_0_4696b385407ad6b0987f.png", "format": "png", "width": 1500, "height": 600}, "_timestamp": 1716151169.762782, "_runtime": 104.44094610214233, "_step": 10, "train_loss": -0.09764719510309798, "val_loss": -0.09761286407112624, "train_acc": 0.10003703703703704, "val_acc": 0.09783333333333333, "_wandb": {"runtime": 103}}