{"Class Images": {"_type": "image-file", "sha256": "4696b385407ad6b0987fd583123687b0212d8d8eba296b2ed88cbba28c3103d6", "size": 32748, "path": "media/images/Class Images_0_4696b385407ad6b0987f.png", "format": "png", "width": 1500, "height": 600}, "_timestamp": 1716132389.6276846, "_runtime": 162.33672261238098, "_step": 10, "train_loss": -0.07819155594558683, "val_loss": -0.12812633166788856, "train_acc": 0.17625925925925925, "val_acc": 0.20333333333333334, "_wandb": {"runtime": 161}}