{"Class Images": {"_type": "image-file", "sha256": "4696b385407ad6b0987fd583123687b0212d8d8eba296b2ed88cbba28c3103d6", "size": 32748, "path": "media/images/Class Images_0_4696b385407ad6b0987f.png", "format": "png", "width": 1500, "height": 600}, "_timestamp": 1716133825.8853197, "_runtime": 106.5138738155365, "_step": 10, "train_loss": 2.791459531748526, "val_loss": 2.6474176660017363, "train_acc": 0.703962962962963, "val_acc": 0.6965, "_wandb": {"runtime": 105}}