{"Class Images": {"_type": "image-file", "sha256": "4696b385407ad6b0987fd583123687b0212d8d8eba296b2ed88cbba28c3103d6", "size": 32748, "path": "media/images/Class Images_0_4696b385407ad6b0987f.png", "format": "png", "width": 1500, "height": 600}, "_timestamp": 1716218121.7732067, "_runtime": 188.25259971618652, "_step": 10, "train_loss": 0.307997357147079, "val_loss": 0.24872962942912952, "train_acc": 0.7143148148148148, "val_acc": 0.7056666666666667, "_wandb": {"runtime": 187}}