{"Class Images": {"_type": "image-file", "sha256": "4696b385407ad6b0987fd583123687b0212d8d8eba296b2ed88cbba28c3103d6", "size": 32748, "path": "media/images/Class Images_0_4696b385407ad6b0987f.png", "format": "png", "width": 1500, "height": 600}, "_timestamp": 1716123513.4673603, "_runtime": 49.27032518386841, "_step": 5, "train_loss": 0.2332715900835068, "val_loss": 0.2295343380503772, "train_acc": 0.8006296296296296, "val_acc": 0.798, "_wandb": {"runtime": 48}}