{"Class Images": {"_type": "image-file", "sha256": "4696b385407ad6b0987fd583123687b0212d8d8eba296b2ed88cbba28c3103d6", "size": 32748, "path": "media/images/Class Images_0_4696b385407ad6b0987f.png", "format": "png", "width": 1500, "height": 600}, "_timestamp": 1716095451.8507874, "_runtime": 45.259862422943115, "_step": 5, "train_loss": 1.9471026325807463, "val_loss": 1.7994586443817808, "train_acc": 0.6997962962962962, "val_acc": 0.6991666666666667, "_wandb": {"runtime": 44}}