{"Class Images": {"_type": "image-file", "sha256": "4696b385407ad6b0987fd583123687b0212d8d8eba296b2ed88cbba28c3103d6", "size": 32748, "path": "media/images/Class Images_0_4696b385407ad6b0987f.png", "format": "png", "width": 1500, "height": 600}, "_timestamp": 1716209098.6939218, "_runtime": 58.534040689468384, "_step": 5, "train_loss": 0.8267839797702794, "val_loss": 0.8179987282467673, "train_acc": 0.11616666666666667, "val_acc": 0.1135, "_wandb": {"runtime": 57}}