{"Class Images": {"_type": "image-file", "sha256": "4696b385407ad6b0987fd583123687b0212d8d8eba296b2ed88cbba28c3103d6", "size": 32748, "path": "media/images/Class Images_0_4696b385407ad6b0987f.png", "format": "png", "width": 1500, "height": 600}, "_timestamp": 1716152143.5319796, "_runtime": 96.6601345539093, "_step": 10, "train_loss": -0.20730095740879037, "val_loss": -0.2234345560246709, "train_acc": 0.6954259259259259, "val_acc": 0.6941666666666667, "_wandb": {"runtime": 95}}