{"Class Images": {"_type": "image-file", "sha256": "4696b385407ad6b0987fd583123687b0212d8d8eba296b2ed88cbba28c3103d6", "size": 32748, "path": "media/images/Class Images_0_4696b385407ad6b0987f.png", "format": "png", "width": 1500, "height": 600}, "_timestamp": 1716096628.439189, "_runtime": 54.299680948257446, "_step": 5, "train_loss": 9.811725573584411, "val_loss": 9.702967653874632, "train_acc": 0.3402962962962963, "val_acc": 0.43183333333333335, "_wandb": {"runtime": 53}}