{"Class Images": {"_type": "image-file", "sha256": "4696b385407ad6b0987fd583123687b0212d8d8eba296b2ed88cbba28c3103d6", "size": 32748, "path": "media/images/Class Images_0_4696b385407ad6b0987f.png", "format": "png", "width": 1500, "height": 600}, "_timestamp": 1716155920.4345405, "_runtime": 94.24603462219238, "_step": 10, "train_loss": 7.471703713963634, "val_loss": 7.410078658182102, "train_acc": 0.535537037037037, "val_acc": 0.5378333333333334, "_wandb": {"runtime": 93}}