{"Class Images": {"_type": "image-file", "sha256": "4696b385407ad6b0987fd583123687b0212d8d8eba296b2ed88cbba28c3103d6", "size": 32748, "path": "media/images/Class Images_0_4696b385407ad6b0987f.png", "format": "png", "width": 1500, "height": 600}, "_timestamp": 1716129213.287479, "_runtime": 91.14491701126099, "_step": 10, "train_loss": 1.9352396819505946, "val_loss": 1.7944974262679354, "train_acc": 0.6418703703703704, "val_acc": 0.6398333333333334, "_wandb": {"runtime": 90}}