{"Class Images": {"_type": "image-file", "sha256": "4696b385407ad6b0987fd583123687b0212d8d8eba296b2ed88cbba28c3103d6", "size": 32748, "path": "media/images/Class Images_0_4696b385407ad6b0987f.png", "format": "png", "width": 1500, "height": 600}, "_timestamp": 1716198785.822909, "_runtime": 79.47050714492798, "_step": 5, "train_loss": 3.008341858512169, "val_loss": 2.7196581749689073, "train_acc": 0.611574074074074, "val_acc": 0.6031666666666666, "_wandb": {"runtime": 78}}