{"Class Images": {"_type": "image-file", "sha256": "4696b385407ad6b0987fd583123687b0212d8d8eba296b2ed88cbba28c3103d6", "size": 32748, "path": "media/images/Class Images_0_4696b385407ad6b0987f.png", "format": "png", "width": 1500, "height": 600}, "_timestamp": 1716127107.3751106, "_runtime": 93.70223665237427, "_step": 10, "train_loss": 2.5226409511440266, "val_loss": 2.363047164140869, "train_acc": 0.7704444444444445, "val_acc": 0.7561666666666667, "_wandb": {"runtime": 92}}