{"Class Images": {"_type": "image-file", "sha256": "4696b385407ad6b0987fd583123687b0212d8d8eba296b2ed88cbba28c3103d6", "size": 32748, "path": "media/images/Class Images_0_4696b385407ad6b0987f.png", "format": "png", "width": 1500, "height": 600}, "_timestamp": 1716230028.8614447, "_runtime": 109.11094069480896, "_step": 5, "train_loss": -0.016499953426042834, "val_loss": -0.023233869659581297, "train_acc": 0.8014629629629629, "val_acc": 0.7971666666666667, "_wandb": {"runtime": 107}}