{"Class Images": {"_type": "image-file", "sha256": "4696b385407ad6b0987fd583123687b0212d8d8eba296b2ed88cbba28c3103d6", "size": 32748, "path": "media/images/Class Images_0_4696b385407ad6b0987f.png", "format": "png", "width": 1500, "height": 600}, "_timestamp": 1716182044.082818, "_runtime": 146.50705194473267, "_step": 10, "train_loss": -0.0730945001740532, "val_loss": -0.07326513690293873, "train_acc": 0.8076296296296296, "val_acc": 0.802, "_wandb": {"runtime": 145}}