{"Class Images": {"_type": "image-file", "sha256": "4696b385407ad6b0987fd583123687b0212d8d8eba296b2ed88cbba28c3103d6", "size": 32748, "path": "media/images/Class Images_0_4696b385407ad6b0987f.png", "format": "png", "width": 1500, "height": 600}, "_timestamp": 1716201322.5653205, "_runtime": 57.457154512405396, "_step": 5, "train_loss": 10.604097268021553, "val_loss": 10.604427105318305, "train_acc": 0.0997962962962963, "val_acc": 0.10183333333333333, "_wandb": {"runtime": 56}}