{"Class Images": {"_type": "image-file", "sha256": "4696b385407ad6b0987fd583123687b0212d8d8eba296b2ed88cbba28c3103d6", "size": 32748, "path": "media/images/Class Images_0_4696b385407ad6b0987f.png", "format": "png", "width": 1500, "height": 600}, "_timestamp": 1716258271.9793496, "_runtime": 16.31035351753235, "_step": 1, "_wandb": {"runtime": 15}, "train_loss": 0.2692834363640916, "val_loss": 0.08391582757651368, "train_acc": 0.7190555555555556, "val_acc": 0.7841666666666667}