{"Class Images": {"_type": "image-file", "sha256": "4696b385407ad6b0987fd583123687b0212d8d8eba296b2ed88cbba28c3103d6", "size": 32748, "path": "media/images/Class Images_0_4696b385407ad6b0987f.png", "format": "png", "width": 1500, "height": 600}, "_timestamp": 1716129847.7515438, "_runtime": 155.0956428050995, "_step": 10, "train_loss": -0.07183084762999822, "val_loss": -0.07154238087320905, "train_acc": 0.8093703703703704, "val_acc": 0.8008333333333333, "_wandb": {"runtime": 154}}