{"Class Images": {"_type": "image-file", "sha256": "4696b385407ad6b0987fd583123687b0212d8d8eba296b2ed88cbba28c3103d6", "size": 32748, "path": "media/images/Class Images_0_4696b385407ad6b0987f.png", "format": "png", "width": 1500, "height": 600}, "_timestamp": 1716088228.1645083, "_runtime": 54.96415042877197, "_step": 5, "train_loss": 0.7177437353113105, "val_loss": 0.717725192563339, "train_acc": 0.36966666666666664, "val_acc": 0.36283333333333334, "_wandb": {"runtime": 54}}