{"Class Images": {"_type": "image-file", "sha256": "4696b385407ad6b0987fd583123687b0212d8d8eba296b2ed88cbba28c3103d6", "size": 32748, "path": "media/images/Class Images_0_4696b385407ad6b0987f.png", "format": "png", "width": 1500, "height": 600}, "_timestamp": 1716163417.4929621, "_runtime": 150.36353611946106, "_step": 10, "train_loss": 0.13627528314143547, "val_loss": 0.14569220915147751, "train_acc": 0.12207407407407407, "val_acc": 0.11866666666666667, "_wandb": {"runtime": 149}}