{"Class Images": {"_type": "image-file", "sha256": "4696b385407ad6b0987fd583123687b0212d8d8eba296b2ed88cbba28c3103d6", "size": 32748, "path": "media/images/Class Images_0_4696b385407ad6b0987f.png", "format": "png", "width": 1500, "height": 600}, "_timestamp": 1716185969.5062094, "_runtime": 62.8942174911499, "_step": 5, "train_loss": 0.3119461395742682, "val_loss": 0.3037205600106613, "train_acc": 0.5455185185185185, "val_acc": 0.5366666666666666, "_wandb": {"runtime": 62}}