{"Class Images": {"_type": "image-file", "sha256": "4696b385407ad6b0987fd583123687b0212d8d8eba296b2ed88cbba28c3103d6", "size": 32748, "path": "media/images/Class Images_0_4696b385407ad6b0987f.png", "format": "png", "width": 1500, "height": 600}, "_timestamp": 1716152302.0914745, "_runtime": 140.48690557479858, "_step": 10, "train_loss": 0.38722118272474326, "val_loss": 0.3407443469769352, "train_acc": 0.09122222222222222, "val_acc": 0.09, "_wandb": {"runtime": 139}}