{"Class Images": {"_type": "image-file", "sha256": "4696b385407ad6b0987fd583123687b0212d8d8eba296b2ed88cbba28c3103d6", "size": 32748, "path": "media/images/Class Images_0_4696b385407ad6b0987f.png", "format": "png", "width": 1500, "height": 600}, "_timestamp": 1716120475.9363213, "_runtime": 50.12915229797363, "_step": 5, "train_loss": 0.49499935459425803, "val_loss": 0.47095878977198735, "train_acc": 0.5176851851851851, "val_acc": 0.5075, "_wandb": {"runtime": 49}}