{"Class Images": {"_type": "image-file", "sha256": "4696b385407ad6b0987fd583123687b0212d8d8eba296b2ed88cbba28c3103d6", "size": 32748, "path": "media/images/Class Images_0_4696b385407ad6b0987f.png", "format": "png", "width": 1500, "height": 600}, "_timestamp": 1716206454.2612908, "_runtime": 97.32190489768982, "_step": 10, "train_loss": -0.34231780033508075, "val_loss": -0.3454392080820235, "train_acc": 0.5385925925925926, "val_acc": 0.536, "_wandb": {"runtime": 96}}