{"Class Images": {"_type": "image-file", "sha256": "4696b385407ad6b0987fd583123687b0212d8d8eba296b2ed88cbba28c3103d6", "size": 32748, "path": "media/images/Class Images_0_4696b385407ad6b0987f.png", "format": "png", "width": 1500, "height": 600}, "_timestamp": 1716143811.1653247, "_runtime": 42.73483371734619, "_step": 5, "train_loss": 53.5123720254508, "val_loss": 53.50695378743565, "train_acc": 0.10361111111111111, "val_acc": 0.107, "_wandb": {"runtime": 42}}