{"Class Images": {"_type": "image-file", "sha256": "4696b385407ad6b0987fd583123687b0212d8d8eba296b2ed88cbba28c3103d6", "size": 32748, "path": "media/images/Class Images_0_4696b385407ad6b0987f.png", "format": "png", "width": 1500, "height": 600}, "_timestamp": 1716119512.4944136, "_runtime": 90.9768877029419, "_step": 5, "train_loss": -0.2435301220630657, "val_loss": -0.24098526393874556, "train_acc": 0.37305555555555553, "val_acc": 0.3631666666666667, "_wandb": {"runtime": 90}}