{"Class Images": {"_type": "image-file", "sha256": "4696b385407ad6b0987fd583123687b0212d8d8eba296b2ed88cbba28c3103d6", "size": 32748, "path": "media/images/Class Images_0_4696b385407ad6b0987f.png", "format": "png", "width": 1500, "height": 600}, "_timestamp": 1716130285.5334604, "_runtime": 120.81371831893921, "_step": 10, "train_loss": 3.5651451201168465, "val_loss": 3.3902811800894876, "train_acc": 0.7139629629629629, "val_acc": 0.7075, "_wandb": {"runtime": 120}}