{"Class Images": {"_type": "image-file", "sha256": "4696b385407ad6b0987fd583123687b0212d8d8eba296b2ed88cbba28c3103d6", "size": 32748, "path": "media/images/Class Images_0_4696b385407ad6b0987f.png", "format": "png", "width": 1500, "height": 600}, "_timestamp": 1716108050.6165466, "_runtime": 49.87712073326111, "_step": 5, "train_loss": 0.27710976285587546, "val_loss": 0.27121205112766283, "train_acc": 0.7669444444444444, "val_acc": 0.7648333333333334, "_wandb": {"runtime": 49}}