{"Class Images": {"_type": "image-file", "sha256": "4696b385407ad6b0987fd583123687b0212d8d8eba296b2ed88cbba28c3103d6", "size": 32748, "path": "media/images/Class Images_0_4696b385407ad6b0987f.png", "format": "png", "width": 1500, "height": 600}, "_timestamp": 1716162467.3619757, "_runtime": 55.32995367050171, "_step": 5, "train_loss": 0.10691687449139088, "val_loss": 0.0975008900540735, "train_acc": 0.6441851851851852, "val_acc": 0.64, "_wandb": {"runtime": 54}}