{"Class Images": {"_type": "image-file", "sha256": "4696b385407ad6b0987fd583123687b0212d8d8eba296b2ed88cbba28c3103d6", "size": 32748, "path": "media/images/Class Images_0_4696b385407ad6b0987f.png", "format": "png", "width": 1500, "height": 600}, "_timestamp": 1716182213.6461873, "_runtime": 105.80412125587463, "_step": 5, "train_loss": -0.05894755482780847, "val_loss": -0.07400743842154824, "train_acc": 0.7036296296296296, "val_acc": 0.702, "_wandb": {"runtime": 105}}