{"Class Images": {"_type": "image-file", "sha256": "4696b385407ad6b0987fd583123687b0212d8d8eba296b2ed88cbba28c3103d6", "size": 32748, "path": "media/images/Class Images_0_4696b385407ad6b0987f.png", "format": "png", "width": 1500, "height": 600}, "_timestamp": 1716105412.9174066, "_runtime": 52.315895557403564, "_step": 5, "train_loss": 5.354479797425159, "val_loss": 4.979997247266143, "train_acc": 0.5412037037037037, "val_acc": 0.5338333333333334, "_wandb": {"runtime": 51}}