{"Class Images": {"_type": "image-file", "sha256": "4696b385407ad6b0987fd583123687b0212d8d8eba296b2ed88cbba28c3103d6", "size": 32748, "path": "media/images/Class Images_0_4696b385407ad6b0987f.png", "format": "png", "width": 1500, "height": 600}, "_timestamp": 1716144898.9072223, "_runtime": 112.24634218215942, "_step": 10, "train_loss": -0.01583286597733057, "val_loss": -0.014740295234855625, "train_acc": 0.10087037037037037, "val_acc": 0.09166666666666666, "_wandb": {"runtime": 111}}