{"Class Images": {"_type": "image-file", "sha256": "4696b385407ad6b0987fd583123687b0212d8d8eba296b2ed88cbba28c3103d6", "size": 32748, "path": "media/images/Class Images_0_4696b385407ad6b0987f.png", "format": "png", "width": 1500, "height": 600}, "_timestamp": 1716202923.6576838, "_runtime": 119.53070092201233, "_step": 10, "train_loss": 3.8262954887432215, "val_loss": 3.6399014574473005, "train_acc": 0.6868148148148148, "val_acc": 0.6781666666666667, "_wandb": {"runtime": 118}}