{"Class Images": {"_type": "image-file", "sha256": "4696b385407ad6b0987fd583123687b0212d8d8eba296b2ed88cbba28c3103d6", "size": 32748, "path": "media/images/Class Images_0_4696b385407ad6b0987f.png", "format": "png", "width": 1500, "height": 600}, "_timestamp": 1716094739.8384614, "_runtime": 64.40122246742249, "_step": 5, "train_loss": 9.096058955779176, "val_loss": 8.950062688848815, "train_acc": 0.4751666666666667, "val_acc": 0.516, "_wandb": {"runtime": 63}}