{"Class Images": {"_type": "image-file", "sha256": "4696b385407ad6b0987fd583123687b0212d8d8eba296b2ed88cbba28c3103d6", "size": 32748, "path": "media/images/Class Images_0_4696b385407ad6b0987f.png", "format": "png", "width": 1500, "height": 600}, "_timestamp": 1716141153.963066, "_runtime": 112.13850212097168, "_step": 10, "train_loss": 0.043768542197502924, "val_loss": 0.04531969681544089, "train_acc": 0.7372037037037037, "val_acc": 0.7286666666666667, "_wandb": {"runtime": 111}}