{"Class Images": {"_type": "image-file", "sha256": "4696b385407ad6b0987fd583123687b0212d8d8eba296b2ed88cbba28c3103d6", "size": 32748, "path": "media/images/Class Images_0_4696b385407ad6b0987f.png", "format": "png", "width": 1500, "height": 600}, "_timestamp": 1716219646.3326683, "_runtime": 99.95757126808167, "_step": 10, "train_loss": 2.590892003697607, "val_loss": 2.4455465742039926, "train_acc": 0.5427962962962963, "val_acc": 0.535, "_wandb": {"runtime": 98}}