{"Class Images": {"_type": "image-file", "sha256": "4696b385407ad6b0987fd583123687b0212d8d8eba296b2ed88cbba28c3103d6", "size": 32748, "path": "media/images/Class Images_0_4696b385407ad6b0987f.png", "format": "png", "width": 1500, "height": 600}, "_timestamp": 1716094848.7162178, "_runtime": 85.61260676383972, "_step": 10, "train_loss": 0.11466815178544475, "val_loss": 0.0843236621885826, "train_acc": 0.553, "val_acc": 0.5435, "_wandb": {"runtime": 84}}