{"Class Images": {"_type": "image-file", "sha256": "4696b385407ad6b0987fd583123687b0212d8d8eba296b2ed88cbba28c3103d6", "size": 32748, "path": "media/images/Class Images_0_4696b385407ad6b0987f.png", "format": "png", "width": 1500, "height": 600}, "_timestamp": 1716109782.2840393, "_runtime": 66.01227021217346, "_step": 5, "train_loss": 2.8168658208419504, "val_loss": 2.446478959246676, "train_acc": 0.5447037037037037, "val_acc": 0.5393333333333333, "_wandb": {"runtime": 65}}