{"Class Images": {"_type": "image-file", "sha256": "4696b385407ad6b0987fd583123687b0212d8d8eba296b2ed88cbba28c3103d6", "size": 32748, "path": "media/images/Class Images_0_4696b385407ad6b0987f.png", "format": "png", "width": 1500, "height": 600}, "_timestamp": 1716190849.0383978, "_runtime": 144.42929887771606, "_step": 10, "train_loss": -0.16017476100089287, "val_loss": -0.16278475755688177, "train_acc": 0.7399814814814815, "val_acc": 0.7331666666666666, "_wandb": {"runtime": 143}}