{"Class Images": {"_type": "image-file", "sha256": "4696b385407ad6b0987fd583123687b0212d8d8eba296b2ed88cbba28c3103d6", "size": 32748, "path": "media/images/Class Images_0_4696b385407ad6b0987f.png", "format": "png", "width": 1500, "height": 600}, "_timestamp": 1716224961.4099429, "_runtime": 205.6119887828827, "_step": 10, "train_loss": 0.392022056809279, "val_loss": 0.38299783753505906, "train_acc": 0.15794444444444444, "val_acc": 0.15683333333333332, "_wandb": {"runtime": 204}}