{"Class Images": {"_type": "image-file", "sha256": "4696b385407ad6b0987fd583123687b0212d8d8eba296b2ed88cbba28c3103d6", "size": 32748, "path": "media/images/Class Images_0_4696b385407ad6b0987f.png", "format": "png", "width": 1500, "height": 600}, "_timestamp": 1716113615.0425828, "_runtime": 113.45107078552246, "_step": 10, "train_loss": 0.028740257262672948, "val_loss": 0.024001257353071372, "train_acc": 0.7721111111111111, "val_acc": 0.768, "_wandb": {"runtime": 112}}