{"Class Images": {"_type": "image-file", "sha256": "4696b385407ad6b0987fd583123687b0212d8d8eba296b2ed88cbba28c3103d6", "size": 32748, "path": "media/images/Class Images_0_4696b385407ad6b0987f.png", "format": "png", "width": 1500, "height": 600}, "_timestamp": 1716156557.0019555, "_runtime": 101.31643652915955, "_step": 10, "train_loss": 8.76422490526758, "val_loss": 8.756005199285049, "train_acc": 0.26466666666666666, "val_acc": 0.25933333333333336, "_wandb": {"runtime": 100}}