{"Class Images": {"_type": "image-file", "sha256": "4696b385407ad6b0987fd583123687b0212d8d8eba296b2ed88cbba28c3103d6", "size": 32748, "path": "media/images/Class Images_0_4696b385407ad6b0987f.png", "format": "png", "width": 1500, "height": 600}, "_timestamp": 1716120957.8885598, "_runtime": 99.527028799057, "_step": 10, "train_loss": 2.5314006053464184, "val_loss": 2.373599498599101, "train_acc": 0.6466296296296297, "val_acc": 0.6371666666666667, "_wandb": {"runtime": 98}}