{"Class Images": {"_type": "image-file", "sha256": "4696b385407ad6b0987fd583123687b0212d8d8eba296b2ed88cbba28c3103d6", "size": 32748, "path": "media/images/Class Images_0_4696b385407ad6b0987f.png", "format": "png", "width": 1500, "height": 600}, "_timestamp": 1716087533.3555539, "_runtime": 104.56885886192322, "_step": 10, "train_loss": 120.62460512972156, "val_loss": 119.9864747302708, "train_acc": 0.1027962962962963, "val_acc": 0.10283333333333333, "_wandb": {"runtime": 103}}