{"Class Images": {"_type": "image-file", "sha256": "4696b385407ad6b0987fd583123687b0212d8d8eba296b2ed88cbba28c3103d6", "size": 32748, "path": "media/images/Class Images_0_4696b385407ad6b0987f.png", "format": "png", "width": 1500, "height": 600}, "_timestamp": 1716142194.760306, "_runtime": 93.10118985176086, "_step": 10, "train_loss": 1.598538008798172, "val_loss": 1.5003655783602727, "train_acc": 0.6334074074074074, "val_acc": 0.6175, "_wandb": {"runtime": 92}}