{"Class Images": {"_type": "image-file", "sha256": "4696b385407ad6b0987fd583123687b0212d8d8eba296b2ed88cbba28c3103d6", "size": 32748, "path": "media/images/Class Images_0_4696b385407ad6b0987f.png", "format": "png", "width": 1500, "height": 600}, "_timestamp": 1716143542.694529, "_runtime": 108.96800708770752, "_step": 10, "train_loss": 0.14793854939364928, "val_loss": 0.08550690588869818, "train_acc": 0.5987592592592592, "val_acc": 0.5995, "_wandb": {"runtime": 108}}