{"Class Images": {"_type": "image-file", "sha256": "4696b385407ad6b0987fd583123687b0212d8d8eba296b2ed88cbba28c3103d6", "size": 32748, "path": "media/images/Class Images_0_4696b385407ad6b0987f.png", "format": "png", "width": 1500, "height": 600}, "_timestamp": 1716086745.024265, "_runtime": 86.14405703544617, "_step": 10, "train_loss": 3.0811301670692544, "val_loss": 3.075955916660672, "train_acc": 0.0995, "val_acc": 0.1045, "_wandb": {"runtime": 85}}