{"Class Images": {"_type": "image-file", "sha256": "4696b385407ad6b0987fd583123687b0212d8d8eba296b2ed88cbba28c3103d6", "size": 32748, "path": "media/images/Class Images_0_4696b385407ad6b0987f.png", "format": "png", "width": 1500, "height": 600}, "_timestamp": 1716128873.7065582, "_runtime": 133.10574626922607, "_step": 10, "train_loss": 0.7221949913580108, "val_loss": 0.6320187335913158, "train_acc": 0.714925925925926, "val_acc": 0.7076666666666667, "_wandb": {"runtime": 132}}