{"Class Images": {"_type": "image-file", "sha256": "4696b385407ad6b0987fd583123687b0212d8d8eba296b2ed88cbba28c3103d6", "size": 32748, "path": "media/images/Class Images_0_4696b385407ad6b0987f.png", "format": "png", "width": 1500, "height": 600}, "_timestamp": 1716167495.5530124, "_runtime": 99.00730538368225, "_step": 10, "train_loss": -0.4773925949113595, "val_loss": -0.47460261348424376, "train_acc": 0.7868518518518518, "val_acc": 0.7818333333333334, "_wandb": {"runtime": 98}}