{"Class Images": {"_type": "image-file", "sha256": "4696b385407ad6b0987fd583123687b0212d8d8eba296b2ed88cbba28c3103d6", "size": 32748, "path": "media/images/Class Images_0_4696b385407ad6b0987f.png", "format": "png", "width": 1500, "height": 600}, "_timestamp": 1716093144.7840834, "_runtime": 82.35746145248413, "_step": 10, "train_loss": 0.2594843920465729, "val_loss": 0.2538573924256566, "train_acc": 0.27390740740740743, "val_acc": 0.2848333333333333, "_wandb": {"runtime": 81}}