{"Class Images": {"_type": "image-file", "sha256": "4696b385407ad6b0987fd583123687b0212d8d8eba296b2ed88cbba28c3103d6", "size": 32748, "path": "media/images/Class Images_0_4696b385407ad6b0987f.png", "format": "png", "width": 1500, "height": 600}, "_timestamp": 1716191228.5477998, "_runtime": 47.42944693565369, "_step": 5, "train_loss": 2.586677555810439, "val_loss": 2.4818766659501423, "train_acc": 0.6375, "val_acc": 0.6393333333333333, "_wandb": {"runtime": 46}}