{"Class Images": {"_type": "image-file", "sha256": "4696b385407ad6b0987fd583123687b0212d8d8eba296b2ed88cbba28c3103d6", "size": 32748, "path": "media/images/Class Images_0_4696b385407ad6b0987f.png", "format": "png", "width": 1500, "height": 600}, "_timestamp": 1716174140.1823761, "_runtime": 53.17288613319397, "_step": 10, "train_loss": 2.237678948891848, "val_loss": 2.2390343372773653, "train_acc": 0.09855555555555555, "val_acc": 0.097, "_wandb": {"runtime": 52}}