{"Class Images": {"_type": "image-file", "sha256": "4696b385407ad6b0987fd583123687b0212d8d8eba296b2ed88cbba28c3103d6", "size": 32748, "path": "media/images/Class Images_0_4696b385407ad6b0987f.png", "format": "png", "width": 1500, "height": 600}, "_timestamp": 1716195648.3813784, "_runtime": 135.06361150741577, "_step": 10, "train_loss": 99.62324492959394, "val_loss": 98.62655847866343, "train_acc": 0.09996296296296296, "val_acc": 0.1005, "_wandb": {"runtime": 134}}