{"Class Images": {"_type": "image-file", "sha256": "4696b385407ad6b0987fd583123687b0212d8d8eba296b2ed88cbba28c3103d6", "size": 32748, "path": "media/images/Class Images_0_4696b385407ad6b0987f.png", "format": "png", "width": 1500, "height": 600}, "_timestamp": 1716110999.1230404, "_runtime": 91.6987373828888, "_step": 10, "train_loss": 10.349562104450744, "val_loss": 10.333829294003342, "train_acc": 0.34385185185185185, "val_acc": 0.35333333333333333, "_wandb": {"runtime": 90}}