{"Class Images": {"_type": "image-file", "sha256": "4696b385407ad6b0987fd583123687b0212d8d8eba296b2ed88cbba28c3103d6", "size": 32748, "path": "media/images/Class Images_0_4696b385407ad6b0987f.png", "format": "png", "width": 1500, "height": 600}, "_timestamp": 1716142070.203907, "_runtime": 111.50860810279846, "_step": 10, "train_loss": -0.39989608884908223, "val_loss": -0.38130014339664065, "train_acc": 0.6123333333333333, "val_acc": 0.5931666666666666, "_wandb": {"runtime": 110}}