{"Class Images": {"_type": "image-file", "sha256": "4696b385407ad6b0987fd583123687b0212d8d8eba296b2ed88cbba28c3103d6", "size": 32748, "path": "media/images/Class Images_0_4696b385407ad6b0987f.png", "format": "png", "width": 1500, "height": 600}, "_timestamp": 1716126988.8660228, "_runtime": 61.15015172958374, "_step": 5, "train_loss": -0.25458600542808635, "val_loss": -0.2688817871952384, "train_acc": 0.8142777777777778, "val_acc": 0.804, "_wandb": {"runtime": 60}}