{"Class Images": {"_type": "image-file", "sha256": "4696b385407ad6b0987fd583123687b0212d8d8eba296b2ed88cbba28c3103d6", "size": 32748, "path": "media/images/Class Images_0_4696b385407ad6b0987f.png", "format": "png", "width": 1500, "height": 600}, "_timestamp": 1716127566.433454, "_runtime": 122.1393780708313, "_step": 10, "train_loss": 10.575523308145849, "val_loss": 10.573453515728387, "train_acc": 0.08822222222222222, "val_acc": 0.09183333333333334, "_wandb": {"runtime": 121}}