{"Class Images": {"_type": "image-file", "sha256": "4696b385407ad6b0987fd583123687b0212d8d8eba296b2ed88cbba28c3103d6", "size": 32748, "path": "media/images/Class Images_0_4696b385407ad6b0987f.png", "format": "png", "width": 1500, "height": 600}, "_timestamp": 1716187881.6783032, "_runtime": 125.44466423988342, "_step": 10, "train_loss": 0.8687702685426832, "val_loss": 0.8590122856022057, "train_acc": 0.10705555555555556, "val_acc": 0.10383333333333333, "_wandb": {"runtime": 123}}