{"Class Images": {"_type": "image-file", "sha256": "4696b385407ad6b0987fd583123687b0212d8d8eba296b2ed88cbba28c3103d6", "size": 32748, "path": "media/images/Class Images_0_4696b385407ad6b0987f.png", "format": "png", "width": 1500, "height": 600}, "_timestamp": 1716218971.4038537, "_runtime": 106.17127966880798, "_step": 10, "train_loss": 0.23199511932097275, "val_loss": 0.208349428375779, "train_acc": 0.10983333333333334, "val_acc": 0.10866666666666666, "_wandb": {"runtime": 105}}