{"Class Images": {"_type": "image-file", "sha256": "4696b385407ad6b0987fd583123687b0212d8d8eba296b2ed88cbba28c3103d6", "size": 32748, "path": "media/images/Class Images_0_4696b385407ad6b0987f.png", "format": "png", "width": 1500, "height": 600}, "_timestamp": 1716212624.286276, "_runtime": 79.6249930858612, "_step": 10, "train_loss": 3.4061401663306743, "val_loss": 3.3883999963741744, "train_acc": 0.5506851851851852, "val_acc": 0.5415, "_wandb": {"runtime": 76}}