{"Class Images": {"_type": "image-file", "sha256": "4696b385407ad6b0987fd583123687b0212d8d8eba296b2ed88cbba28c3103d6", "size": 32748, "path": "media/images/Class Images_0_4696b385407ad6b0987f.png", "format": "png", "width": 1500, "height": 600}, "_timestamp": 1716209167.4277716, "_runtime": 53.07495355606079, "_step": 5, "train_loss": 0.03463389790953398, "val_loss": 0.022139942499406172, "train_acc": 0.7712037037037037, "val_acc": 0.7708333333333334, "_wandb": {"runtime": 52}}