{"Class Images": {"_type": "image-file", "sha256": "4696b385407ad6b0987fd583123687b0212d8d8eba296b2ed88cbba28c3103d6", "size": 32748, "path": "media/images/Class Images_0_4696b385407ad6b0987f.png", "format": "png", "width": 1500, "height": 600}, "_timestamp": 1716186730.5431037, "_runtime": 104.27466773986816, "_step": 10, "train_loss": 0.26351789552575783, "val_loss": 0.24776402058487818, "train_acc": 0.09964814814814815, "val_acc": 0.10316666666666667, "_wandb": {"runtime": 103}}