{"Class Images": {"_type": "image-file", "sha256": "4696b385407ad6b0987fd583123687b0212d8d8eba296b2ed88cbba28c3103d6", "size": 32748, "path": "media/images/Class Images_0_4696b385407ad6b0987f.png", "format": "png", "width": 1500, "height": 600}, "_timestamp": 1716099318.3140788, "_runtime": 88.47853374481201, "_step": 10, "train_loss": 7.450406312306557, "val_loss": 7.3973547275262685, "train_acc": 0.5516481481481481, "val_acc": 0.541, "_wandb": {"runtime": 87}}