{"Class Images": {"_type": "image-file", "sha256": "4696b385407ad6b0987fd583123687b0212d8d8eba296b2ed88cbba28c3103d6", "size": 32748, "path": "media/images/Class Images_0_4696b385407ad6b0987f.png", "format": "png", "width": 1500, "height": 600}, "_timestamp": 1716214675.3232596, "_runtime": 61.37938666343689, "_step": 5, "train_loss": 8.00241913543935, "val_loss": 7.9451291708194045, "train_acc": 0.5522222222222222, "val_acc": 0.5401666666666667, "_wandb": {"runtime": 60}}