{"Class Images": {"_type": "image-file", "sha256": "4696b385407ad6b0987fd583123687b0212d8d8eba296b2ed88cbba28c3103d6", "size": 32748, "path": "media/images/Class Images_0_4696b385407ad6b0987f.png", "format": "png", "width": 1500, "height": 600}, "_timestamp": 1716215531.7277749, "_runtime": 136.45697474479675, "_step": 10, "train_loss": 0.7894862847865404, "val_loss": 0.6924265402189876, "train_acc": 0.6356481481481482, "val_acc": 0.6315, "_wandb": {"runtime": 135}}