{"Class Images": {"_type": "image-file", "sha256": "4696b385407ad6b0987fd583123687b0212d8d8eba296b2ed88cbba28c3103d6", "size": 32748, "path": "media/images/Class Images_0_4696b385407ad6b0987f.png", "format": "png", "width": 1500, "height": 600}, "_timestamp": 1716151942.880341, "_runtime": 71.73901295661926, "_step": 5, "train_loss": 2.7336298236436076, "val_loss": 2.3828496443795224, "train_acc": 0.6966481481481481, "val_acc": 0.6915, "_wandb": {"runtime": 71}}