{"Class Images": {"_type": "image-file", "sha256": "4696b385407ad6b0987fd583123687b0212d8d8eba296b2ed88cbba28c3103d6", "size": 32748, "path": "media/images/Class Images_0_4696b385407ad6b0987f.png", "format": "png", "width": 1500, "height": 600}, "_timestamp": 1716149985.4752243, "_runtime": 119.36883735656738, "_step": 10, "train_loss": 0.3601918958446608, "val_loss": 0.28731413432148906, "train_acc": 0.6229444444444444, "val_acc": 0.6106666666666667, "_wandb": {"runtime": 118}}