{"Class Images": {"_type": "image-file", "sha256": "4696b385407ad6b0987fd583123687b0212d8d8eba296b2ed88cbba28c3103d6", "size": 32748, "path": "media/images/Class Images_0_4696b385407ad6b0987f.png", "format": "png", "width": 1500, "height": 600}, "_timestamp": 1716165001.1160972, "_runtime": 95.80808711051941, "_step": 10, "train_loss": -0.3374933954607257, "val_loss": -0.3043735579268123, "train_acc": 0.6500555555555556, "val_acc": 0.6473333333333333, "_wandb": {"runtime": 95}}