{"Class Images": {"_type": "image-file", "sha256": "4696b385407ad6b0987fd583123687b0212d8d8eba296b2ed88cbba28c3103d6", "size": 32748, "path": "media/images/Class Images_0_4696b385407ad6b0987f.png", "format": "png", "width": 1500, "height": 600}, "_timestamp": 1716208910.827536, "_runtime": 77.42382216453552, "_step": 5, "train_loss": -0.031400145248751996, "val_loss": -0.03897238149207572, "train_acc": 0.73, "val_acc": 0.721, "_wandb": {"runtime": 76}}