{"Class Images": {"_type": "image-file", "sha256": "4696b385407ad6b0987fd583123687b0212d8d8eba296b2ed88cbba28c3103d6", "size": 32748, "path": "media/images/Class Images_0_4696b385407ad6b0987f.png", "format": "png", "width": 1500, "height": 600}, "_timestamp": 1716094641.4536958, "_runtime": 116.73483180999756, "_step": 10, "train_loss": 6.3600921420924355, "val_loss": 6.2679653133580775, "train_acc": 0.6371296296296296, "val_acc": 0.6291666666666667, "_wandb": {"runtime": 115}}