{"Class Images": {"_type": "image-file", "sha256": "4696b385407ad6b0987fd583123687b0212d8d8eba296b2ed88cbba28c3103d6", "size": 32748, "path": "media/images/Class Images_0_4696b385407ad6b0987f.png", "format": "png", "width": 1500, "height": 600}, "_timestamp": 1716194082.8466504, "_runtime": 119.86055040359497, "_step": 10, "train_loss": 8.534687656829506, "val_loss": 8.514590122412617, "train_acc": 0.37424074074074076, "val_acc": 0.39666666666666667, "_wandb": {"runtime": 119}}