{"Class Images": {"_type": "image-file", "sha256": "4696b385407ad6b0987fd583123687b0212d8d8eba296b2ed88cbba28c3103d6", "size": 32748, "path": "media/images/Class Images_0_4696b385407ad6b0987f.png", "format": "png", "width": 1500, "height": 600}, "_timestamp": 1716180080.0524673, "_runtime": 111.38638424873352, "_step": 10, "train_loss": -0.09771561918751465, "val_loss": 0.29799872246220815, "train_acc": 0.16387037037037036, "val_acc": 0.0995, "_wandb": {"runtime": 110}}