{"Class Images": {"_type": "image-file", "sha256": "4696b385407ad6b0987fd583123687b0212d8d8eba296b2ed88cbba28c3103d6", "size": 32748, "path": "media/images/Class Images_0_4696b385407ad6b0987f.png", "format": "png", "width": 1500, "height": 600}, "_timestamp": 1716168431.0611334, "_runtime": 97.08279728889465, "_step": 10, "train_loss": -0.4916996700576472, "val_loss": -0.4888444989085383, "train_acc": 0.6652592592592592, "val_acc": 0.6561666666666667, "_wandb": {"runtime": 96}}