{"Class Images": {"_type": "image-file", "sha256": "4696b385407ad6b0987fd583123687b0212d8d8eba296b2ed88cbba28c3103d6", "size": 32748, "path": "media/images/Class Images_0_4696b385407ad6b0987f.png", "format": "png", "width": 1500, "height": 600}, "_timestamp": 1716180479.4654768, "_runtime": 90.93174767494202, "_step": 10, "train_loss": 0.38885448603064177, "val_loss": 0.3838494058880811, "train_acc": 0.5452777777777778, "val_acc": 0.5448333333333333, "_wandb": {"runtime": 90}}