{"Class Images": {"_type": "image-file", "sha256": "4696b385407ad6b0987fd583123687b0212d8d8eba296b2ed88cbba28c3103d6", "size": 32748, "path": "media/images/Class Images_0_4696b385407ad6b0987f.png", "format": "png", "width": 1500, "height": 600}, "_timestamp": 1715969772.9778206, "_runtime": 844.4151396751404, "_step": 69, "train_loss": 6.960541961601446, "val_loss": 7.002196058294345, "train_acc": 0.10027777777777777, "val_acc": 0.1045, "_wandb": {"runtime": 853}}