{"Class Images": {"_type": "image-file", "sha256": "4696b385407ad6b0987fd583123687b0212d8d8eba296b2ed88cbba28c3103d6", "size": 32748, "path": "media/images/Class Images_0_4696b385407ad6b0987f.png", "format": "png", "width": 1500, "height": 600}, "_timestamp": 1716213324.6550808, "_runtime": 169.2454137802124, "_step": 10, "train_loss": 0.07105187365256678, "val_loss": 0.06990577996404296, "train_acc": 0.8369444444444445, "val_acc": 0.8313333333333334, "_wandb": {"runtime": 168}}