{"Class Images": {"_type": "image-file", "sha256": "4696b385407ad6b0987fd583123687b0212d8d8eba296b2ed88cbba28c3103d6", "size": 32748, "path": "media/images/Class Images_0_4696b385407ad6b0987f.png", "format": "png", "width": 1500, "height": 600}, "_timestamp": 1716143646.1183798, "_runtime": 66.17483377456665, "_step": 5, "train_loss": -0.2448381183094083, "val_loss": -0.26336238335244394, "train_acc": 0.8168333333333333, "val_acc": 0.8101666666666667, "_wandb": {"runtime": 65}}