{"Class Images": {"_type": "image-file", "sha256": "4696b385407ad6b0987fd583123687b0212d8d8eba296b2ed88cbba28c3103d6", "size": 32748, "path": "media/images/Class Images_0_4696b385407ad6b0987f.png", "format": "png", "width": 1500, "height": 600}, "_timestamp": 1716209027.8232486, "_runtime": 98.77268052101135, "_step": 10, "train_loss": 0.7063771523073203, "val_loss": 0.6633034003786343, "train_acc": 0.6985370370370371, "val_acc": 0.6961666666666667, "_wandb": {"runtime": 98}}