{"Class Images": {"_type": "image-file", "sha256": "4696b385407ad6b0987fd583123687b0212d8d8eba296b2ed88cbba28c3103d6", "size": 32748, "path": "media/images/Class Images_0_4696b385407ad6b0987f.png", "format": "png", "width": 1500, "height": 600}, "_timestamp": 1716179347.5015974, "_runtime": 53.75727033615112, "_step": 5, "train_loss": 8.039137791371969, "val_loss": 7.966840589533048, "train_acc": 0.5995370370370371, "val_acc": 0.599, "_wandb": {"runtime": 52}}