{"Class Images": {"_type": "image-file", "sha256": "4696b385407ad6b0987fd583123687b0212d8d8eba296b2ed88cbba28c3103d6", "size": 32748, "path": "media/images/Class Images_0_4696b385407ad6b0987f.png", "format": "png", "width": 1500, "height": 600}, "_timestamp": 1716103407.7887495, "_runtime": 92.01314234733582, "_step": 10, "train_loss": 2.560687228884527, "val_loss": 2.395682970942192, "train_acc": 0.7192037037037037, "val_acc": 0.7066666666666667, "_wandb": {"runtime": 91}}