{"Class Images": {"_type": "image-file", "sha256": "4696b385407ad6b0987fd583123687b0212d8d8eba296b2ed88cbba28c3103d6", "size": 32748, "path": "media/images/Class Images_0_4696b385407ad6b0987f.png", "format": "png", "width": 1500, "height": 600}, "_timestamp": 1716174791.305087, "_runtime": 97.24502301216125, "_step": 10, "train_loss": 0.07564528824897791, "val_loss": 0.07960983379711173, "train_acc": 0.742574074074074, "val_acc": 0.7346666666666667, "_wandb": {"runtime": 96}}