{"Class Images": {"_type": "image-file", "sha256": "4696b385407ad6b0987fd583123687b0212d8d8eba296b2ed88cbba28c3103d6", "size": 32748, "path": "media/images/Class Images_0_4696b385407ad6b0987f.png", "format": "png", "width": 1500, "height": 600}, "_timestamp": 1716214793.8440676, "_runtime": 79.46694159507751, "_step": 10, "train_loss": 1.1769953303362162, "val_loss": 1.1350893463773273, "train_acc": 0.7075185185185185, "val_acc": 0.6981666666666667, "_wandb": {"runtime": 78}}