{"Class Images": {"_type": "image-file", "sha256": "4696b385407ad6b0987fd583123687b0212d8d8eba296b2ed88cbba28c3103d6", "size": 32748, "path": "media/images/Class Images_0_4696b385407ad6b0987f.png", "format": "png", "width": 1500, "height": 600}, "_timestamp": 1716181049.4209278, "_runtime": 60.107003688812256, "_step": 5, "train_loss": -0.014618040020739237, "val_loss": -0.017192412724824507, "train_acc": 0.10037037037037037, "val_acc": 0.0995, "_wandb": {"runtime": 59}}