{"Class Images": {"_type": "image-file", "sha256": "4696b385407ad6b0987fd583123687b0212d8d8eba296b2ed88cbba28c3103d6", "size": 32748, "path": "media/images/Class Images_0_4696b385407ad6b0987f.png", "format": "png", "width": 1500, "height": 600}, "_timestamp": 1716117907.5676732, "_runtime": 44.451969146728516, "_step": 5, "train_loss": -0.49248654861374247, "val_loss": -0.49796173737779975, "train_acc": 0.8379814814814814, "val_acc": 0.8358333333333333, "_wandb": {"runtime": 43}}