{"Class Images": {"_type": "image-file", "sha256": "4696b385407ad6b0987fd583123687b0212d8d8eba296b2ed88cbba28c3103d6", "size": 32748, "path": "media/images/Class Images_0_4696b385407ad6b0987f.png", "format": "png", "width": 1500, "height": 600}, "_timestamp": 1716230824.7590833, "_runtime": 169.64515733718872, "_step": 10, "train_loss": -0.3074230455019787, "val_loss": -0.30698073973921086, "train_acc": 0.46914814814814815, "val_acc": 0.4653333333333333, "_wandb": {"runtime": 168}}