{"Class Images": {"_type": "image-file", "sha256": "4696b385407ad6b0987fd583123687b0212d8d8eba296b2ed88cbba28c3103d6", "size": 32748, "path": "media/images/Class Images_0_4696b385407ad6b0987f.png", "format": "png", "width": 1500, "height": 600}, "_timestamp": 1716089582.1908932, "_runtime": 130.56552910804749, "_step": 10, "train_loss": 13.086273777368842, "val_loss": 13.072663744471438, "train_acc": 0.0977962962962963, "val_acc": 0.0965, "_wandb": {"runtime": 129}}