{"Class Images": {"_type": "image-file", "sha256": "4696b385407ad6b0987fd583123687b0212d8d8eba296b2ed88cbba28c3103d6", "size": 32748, "path": "media/images/Class Images_0_4696b385407ad6b0987f.png", "format": "png", "width": 1500, "height": 600}, "_timestamp": 1716161102.0375435, "_runtime": 107.84336042404175, "_step": 10, "train_loss": -0.5617474966422644, "val_loss": -0.5540953298400453, "train_acc": 0.7537962962962963, "val_acc": 0.7405, "_wandb": {"runtime": 107}}